entry_ts,league,market,sharp_books_used,sharp_entry_odds,sharp_entry_prob,fair_prob,edge_vs_sharp_entry,exec_book,exec_odds,exec_prob,sharp_close_prob,latency_ms,result
2025-10-17T08:45:25.029490+00:00,NBA,ML,"pinnacle,sbo,isn",1.827710341676789,0.5471326485369525,0.6,0.05286735146304744,DK,1.6771551926657418,0.5962477440209677,0.5565382957008647,41,PENDING
2025-10-17T08:45:25.036068+00:00,NBA,ML,"sbo,isn",1.9103984848603206,0.5234510014140402,0.6,0.07654899858595976,PB,1.662285953174598,0.6015812129617178,0.5232829898389973,85,PENDING
2025-10-17T08:45:25.048628+00:00,NBA,ML,"pinnacle,isn",1.924779215389948,0.5195401072519408,0.6,0.0804598927480592,FD,1.667584264601948,0.5996698465121939,0.5308125193216211,138,PENDING
2025-10-17T08:45:25.059602+00:00,NBA,ML,"pinnacle,sbo,isn",1.9849399955512366,0.5037935666777124,0.6,0.09620643332228762,DK,1.653454427650519,0.6047944130041449,0.5125780696907851,118,PENDING
2025-10-17T08:45:25.072505+00:00,NBA,ML,"pinnacle,sbo,isn",1.9063881169030255,0.5245521576291216,0.6,0.07544784237087843,DK,1.6838211749441998,0.5938872933066298,0.5230068628084336,102,PENDING
2025-10-17T08:45:25.084769+00:00,NBA,ML,"pinnacle,sbo,isn",1.7967949828676837,0.5565465228559358,0.6,0.04345347714406422,DK,1.6717577829904025,0.5981727796781796,0.5606738489718956,137,PENDING
2025-10-17T08:45:25.096973+00:00,NBA,ML,"pinnacle,sbo,isn",1.8621501041094395,0.5370136369743637,0.6,0.06298636302563632,DK,1.6595824247469042,0.6025612136453576,0.5288759096918849,144,PENDING
2025-10-17T08:45:25.108338+00:00,NBA,ML,"pinnacle,sbo,isn",1.8490376409708884,0.5408218728716211,0.6,0.05917812712837889,FD,1.6550789557950372,0.6042007823848126,0.5325770607147087,146,PENDING
2025-10-17T08:45:25.121017+00:00,NBA,ML,"pinnacle,sbo,isn",1.862369855265175,0.5369502718124775,0.6,0.06304972818752252,PB,1.6505572939080686,0.6058559758518126,0.5423818144955294,93,PENDING
2025-10-17T08:45:25.133485+00:00,NBA,ML,"sbo,isn",1.8913978447925475,0.5287094953360709,0.6,0.07129050466392906,DK,1.6697095536602917,0.5989065570163549,0.5374237831155528,128,PENDING
2025-10-17T08:45:25.145446+00:00,NBA,ML,"pinnacle,sbo,isn",1.9613313101172294,0.5098577659172889,0.6,0.09014223408271105,DK,1.6706919120083006,0.59855440300655,0.5161706481756744,61,PENDING
2025-10-17T08:45:25.157212+00:00,NBA,ML,"pinnacle,sbo,isn",1.7579050856839382,0.5688589265392197,0.6,0.031141073460780322,PB,1.6578403543473632,0.6031943892412167,0.5661075040269529,179,PENDING
2025-10-17T08:45:25.169929+00:00,NBA,ML,"pinnacle,sbo,isn",1.8710670699213805,0.5344543849205889,0.6,0.06554561507941103,FD,1.6436167258002388,0.608414348858079,0.5311055346207312,126,PENDING
2025-10-17T08:45:25.181607+00:00,NBA,ML,"pinnacle,sbo,isn",1.8897162558539662,0.529179974455,0.6,0.070820025545,FD,1.6777587102844733,0.5960332638240003,0.5256927237325156,101,PENDING
2025-10-17T08:45:25.192897+00:00,NBA,ML,"pinnacle,sbo,isn",1.8682359166754001,0.5352643052594448,0.6,0.06473569474055518,FD,1.6491351734491286,0.6063784316166896,0.52393143311941,83,PENDING
2025-10-17T08:45:25.204014+00:00,NBA,ML,"pinnacle,sbo,isn",1.8243717825874068,0.5481338889059962,0.6,0.05186611109400374,MGM,1.676312242100122,0.5965475732296611,0.543861362442631,126,PENDING
2025-10-17T08:45:25.215180+00:00,NBA,ML,"pinnacle,sbo,isn",1.8912326898189615,0.528755665753496,0.6,0.071244334246504,PB,1.6730350080269447,0.597716123812213,0.5221364063428294,105,PENDING
2025-10-17T08:45:25.226337+00:00,NBA,ML,"pinnacle,sbo,isn",1.8986787839610675,0.5266820319726631,0.6,0.07331796802733692,MGM,1.6734577321944712,0.5975651375960721,0.5219880085706358,120,PENDING
2025-10-17T08:45:25.237425+00:00,NBA,ML,"pinnacle,sbo,isn",1.8214469221686695,0.5490140765723603,0.6,0.050985923427639634,PB,1.6759596549805267,0.5966730744551361,0.5480292217272661,103,PENDING
2025-10-17T08:45:25.248894+00:00,NBA,ML,"pinnacle,sbo,isn",1.890958247611423,0.5288324061428415,0.6,0.07116759385715843,PB,1.6468073709485178,0.6072355623621154,0.5156054100192975,80,PENDING
2025-10-17T08:45:25.260241+00:00,NBA,ML,"pinnacle,sbo,isn",1.8411307621903554,0.5431444743285483,0.6,0.05685552567145169,MGM,1.6614309087017114,0.601890812770197,0.556136757306409,105,PENDING
2025-10-17T08:45:25.271713+00:00,NBA,ML,"pinnacle,sbo,isn",1.8580063930328337,0.5382112805153995,0.6,0.06178871948460052,DK,1.663818243693999,0.6010271877893382,0.5287110599662936,106,PENDING
2025-10-17T08:45:25.283311+00:00,NBA,ML,"pinnacle,sbo,isn",1.9085005994582795,0.5239715409488717,0.6,0.07602845905112832,DK,1.672722250790238,0.5978278817822706,0.5263488969721944,96,PENDING
2025-10-17T08:45:25.294505+00:00,NBA,ML,"pinnacle,sbo,isn",1.878933521475284,0.532216807338042,0.6,0.06778319266195798,FD,1.659344908077922,0.602647463545319,0.534543569451589,120,PENDING
2025-10-17T08:45:25.305936+00:00,NBA,ML,"pinnacle,sbo,isn",1.9378204590510866,0.5160436795520679,0.6,0.08395632044793211,MGM,1.6525716422316492,0.6051174874631093,0.517836435901631,128,PENDING
2025-10-17T08:45:25.318391+00:00,NBA,ML,"pinnacle,sbo,isn",1.8263255148940922,0.5475475164995379,0.6,0.052452483500462055,DK,1.6716379935104886,0.5982156447042525,0.5621805454117336,72,PENDING
2025-10-17T08:45:25.329701+00:00,NBA,ML,"pinnacle,sbo,isn",1.828738486424034,0.5468250421936642,0.6,0.05317495780633574,FD,1.6612701716782463,0.6019490490157788,0.5330581807181012,145,PENDING
2025-10-17T08:45:25.340816+00:00,NBA,ML,"sbo,isn",1.8847767982826296,0.5305668028761706,0.6,0.06943319712382934,MGM,1.652679774938646,0.6050778954060377,0.5337019413506726,153,PENDING
2025-10-17T08:45:25.351993+00:00,NBA,ML,"pinnacle,sbo,isn",1.841209906141946,0.5431211273979025,0.6,0.05687887260209745,DK,1.6724422988772043,0.59792795283362,0.5332257461975839,34,PENDING
2025-10-17T08:45:25.363147+00:00,NBA,ML,"pinnacle,sbo,isn",1.9172082963011345,0.5215917341528814,0.6,0.07840826584711857,PB,1.6609177147385192,0.6020767863008984,0.5154707661622833,114,PENDING
2025-10-17T08:45:25.374120+00:00,NBA,ML,"pinnacle,sbo,isn",1.8826932446396076,0.5311539746834455,0.6,0.06884602531655448,FD,1.6644663138129325,0.6007931741851934,0.5207974371551873,53,PENDING
2025-10-17T08:45:25.385808+00:00,NBA,ML,"pinnacle,sbo,isn",1.9075140533837767,0.524242533482823,0.6,0.07575746651717696,MGM,1.6705742340057954,0.5985965661652428,0.5419218326186218,125,PENDING
2025-10-17T08:45:25.397794+00:00,NBA,ML,"pinnacle,sbo,isn",1.8910863446979305,0.528796584462532,0.6,0.071203415537468,PB,1.6503700359468612,0.6059247188320851,0.5191454168402082,90,PENDING
2025-10-17T08:45:25.409804+00:00,NBA,ML,"pinnacle,sbo,isn",1.9280197611068217,0.5186668830748541,0.6,0.08133311692514589,FD,1.678394295805379,0.5958075539813182,0.5096376112939838,157,PENDING
2025-10-17T08:45:25.421598+00:00,NBA,ML,"pinnacle,sbo,isn",1.883522986766854,0.53091998718664,0.6,0.06908001281335996,MGM,1.6661007127179466,0.6002038126306771,0.5243721102323461,137,PENDING
2025-10-17T08:45:25.433551+00:00,NBA,ML,"pinnacle,sbo,isn",1.8740491957280259,0.5336039215403428,0.6,0.06639607845965723,FD,1.64910456097952,0.6063896878715981,0.535329800717564,183,PENDING
2025-10-17T08:45:25.445286+00:00,NBA,ML,"pinnacle,sbo,isn",1.9140035284089572,0.5224650765567106,0.6,0.07753492344328938,FD,1.6706459523600476,0.5985708693019872,0.5355250939737788,128,PENDING
2025-10-17T08:45:25.457214+00:00,NBA,ML,"sbo,isn",1.8568088340271187,0.5385584028223096,0.6,0.06144159717769038,DK,1.6726429703565662,0.5978562178076919,0.5539159627422695,127,PENDING
2025-10-17T08:45:25.468945+00:00,NBA,ML,"pinnacle,sbo,isn",1.9406776857330446,0.5152839172375365,0.6,0.08471608276246345,FD,1.6899160805035844,0.5917453603388437,0.5325205744453695,112,PENDING
2025-10-17T08:45:25.480745+00:00,NBA,ML,"pinnacle,sbo,isn",1.9559382817117443,0.511263575824513,0.6,0.088736424175487,FD,1.6514315816528413,0.6055352284102175,0.5023163056349548,145,PENDING
2025-10-17T08:45:25.492302+00:00,NBA,ML,"pinnacle,sbo,isn",1.94543243022791,0.5140245348345759,0.6,0.08597546516542409,MGM,1.6643997140535978,0.6008172144926225,0.5174002803225652,176,PENDING
2025-10-17T08:45:25.503374+00:00,NBA,ML,"pinnacle,sbo,isn",1.8016308539267731,0.5550526612154949,0.6,0.044947338784505075,MGM,1.6386703644665366,0.6102508605051551,0.5545654771961938,86,PENDING
2025-10-17T08:45:25.514513+00:00,NBA,ML,"pinnacle,sbo,isn",1.77589932763004,0.5630949820418664,0.6,0.03690501795813361,MGM,1.6620389485660532,0.601670617203504,0.5722540074654265,66,PENDING
2025-10-17T08:45:25.525482+00:00,NBA,ML,"pinnacle,sbo,isn",1.881519527138917,0.5314853157652972,0.6,0.06851468423470275,DK,1.6734793199181917,0.5975574290627537,0.5266436214319614,106,PENDING
2025-10-17T08:45:25.536417+00:00,NBA,ML,"pinnacle,sbo,isn",1.9092869151539298,0.5237557498891561,0.6,0.0762442501108439,PB,1.685450991383869,0.5933130094627863,0.522210693096657,92,PENDING
2025-10-17T08:45:25.547432+00:00,NBA,ML,"sbo,isn",1.9131586000839957,0.5226958182955118,0.6,0.07730418170448816,DK,1.669122688322904,0.5991171332077314,0.5118519375731782,123,PENDING
2025-10-17T08:45:25.558363+00:00,NBA,ML,"pinnacle,sbo,isn",1.7774926075243904,0.5625902441263898,0.6,0.03740975587361017,MGM,1.6931481329113018,0.5906157769435916,0.5540578106208016,108,PENDING
2025-10-17T08:45:25.569783+00:00,NBA,ML,"pinnacle,sbo,isn",1.941099277075279,0.5151720016643014,0.6,0.08482799833569854,MGM,1.6710616284269948,0.5984219749820483,0.5272305378731837,90,PENDING
2025-10-17T08:45:25.582643+00:00,NBA,ML,"pinnacle,sbo,isn",1.8542561262345376,0.5392998226359986,0.6,0.06070017736400135,FD,1.6644104761477738,0.6008133296027245,0.528675678517403,98,PENDING
2025-10-17T08:45:25.594455+00:00,NBA,ML,"pinnacle,sbo,isn",1.878179082067858,0.5324305917085441,0.6,0.06756940829145586,MGM,1.6653584921232192,0.6004713127712628,0.5148533077949778,61,PENDING
2025-10-17T08:45:25.606358+00:00,NBA,ML,"pinnacle,sbo,isn",1.9077301294563487,0.524183155971318,0.6,0.07581684402868194,PB,1.651571501626908,0.6054839278922731,0.5425522912545312,236,PENDING
2025-10-17T08:45:25.617591+00:00,NBA,ML,"pinnacle,sbo,isn",1.9108823772707255,0.523318448008443,0.6,0.07668155199155702,DK,1.6714240346417273,0.5982922222452974,0.5406054244524989,80,PENDING
2025-10-17T08:45:25.628671+00:00,NBA,ML,"pinnacle,sbo,isn",1.792887112323465,0.5577596007726694,0.6,0.04224039922733058,PB,1.672727041412074,0.5978261696276669,0.5539980400603685,114,PENDING
2025-10-17T08:45:25.640184+00:00,NBA,ML,"pinnacle,sbo,isn",1.7293491415469548,0.5782522314178096,0.6,0.021747768582190408,PB,1.6629750354529844,0.6013319374500448,0.5805739303140721,97,PENDING
2025-10-17T08:45:25.651869+00:00,NBA,ML,"pinnacle,sbo,isn",1.788422272535538,0.5591520612088154,0.6,0.040847938791184535,PB,1.6688282070518021,0.5992228533616576,0.5626696252928075,122,PENDING
2025-10-17T08:45:25.663225+00:00,NBA,ML,"pinnacle,sbo,isn",1.9303427762976915,0.5180427084136601,0.6,0.08195729158633991,PB,1.6710740445494259,0.5984175286916334,0.5170698424295251,203,PENDING
2025-10-17T08:45:25.674603+00:00,NBA,ML,"pinnacle,sbo,isn",1.870656409058941,0.5345717124520283,0.6,0.0654282875479717,MGM,1.6561356148239692,0.6038152860484738,0.5234475977321941,167,PENDING
2025-10-17T08:45:25.686054+00:00,NBA,ML,"pinnacle,sbo,isn",1.856201610022185,0.5387345828172448,0.6,0.06126541718275513,MGM,1.6427835240361208,0.608722929934871,0.5480089676328267,138,PENDING
2025-10-17T08:45:25.697326+00:00,NBA,ML,"pinnacle,sbo,isn",1.8582716396404297,0.5381344571310883,0.6,0.06186554286891166,DK,1.6703374727386882,0.5986814139782174,0.5386591251146507,108,PENDING
2025-10-17T08:45:25.709804+00:00,NBA,ML,"pinnacle,sbo,isn",1.952856897767234,0.5120702910404409,0.6,0.0879297089595591,PB,1.6687882877779217,0.5992371874394876,0.5267852107703724,17,PENDING
2025-10-17T08:45:25.722078+00:00,NBA,ML,"pinnacle,sbo,isn",1.8815243053697615,0.5314839660301267,0.6,0.06851603396987327,MGM,1.6707878597042887,0.5985200300515645,0.5277648202169138,49,PENDING
2025-10-17T08:45:25.734711+00:00,NBA,ML,"pinnacle,sbo,isn",1.8350133996867757,0.5449551486494285,0.6,0.055044851350571466,MGM,1.6456319061043991,0.6076693070245807,0.5535934287864104,106,PENDING
2025-10-17T08:45:25.746694+00:00,NBA,ML,"pinnacle,sbo,isn",1.8665479298731595,0.5357483641301162,0.6,0.0642516358698838,PB,1.662034352933283,0.6016722808617794,0.5487488100771057,143,PENDING
2025-10-17T08:45:25.758243+00:00,NBA,ML,"pinnacle,sbo,isn",2.0085883551722614,0.4978620917645604,0.6,0.10213790823543956,DK,1.6727874891932066,0.5978045666053521,0.5153014370262383,137,PENDING
2025-10-17T08:45:25.770178+00:00,NBA,ML,"pinnacle,sbo,isn",1.803041354349617,0.5546184493148879,0.6,0.04538155068511207,FD,1.6675914269335428,0.5996672709207039,0.5476442110818851,159,PENDING
2025-10-17T08:45:25.781664+00:00,NBA,ML,"pinnacle,sbo,isn",1.8213020490813399,0.5490577471783977,0.6,0.05094225282160225,MGM,1.6640229355635165,0.6009532552875257,0.5607702181130709,150,PENDING
2025-10-17T08:45:25.793003+00:00,NBA,ML,"pinnacle,sbo,isn",1.93466962526048,0.5168841165143956,0.6,0.08311588348560439,PB,1.6451151068898817,0.6078602012782662,0.5162145847854136,73,PENDING
2025-10-17T08:45:25.804347+00:00,NBA,ML,"pinnacle,sbo,isn",1.8981616099625955,0.5268255320049938,0.6,0.07317446799500615,PB,1.6755685969419076,0.5968123309455114,0.5198362277192063,79,PENDING
2025-10-17T08:45:25.815784+00:00,NBA,ML,"pinnacle,sbo,isn",1.8512686596352466,0.5401701124228122,0.6,0.05982988757718777,PB,1.6573971169928758,0.6033557013869829,0.5432902071383247,166,PENDING
2025-10-17T08:45:25.827553+00:00,NBA,ML,"pinnacle,sbo,isn",1.8774648830834055,0.5326331315223729,0.6,0.06736686847762707,FD,1.6709047317309846,0.5984781663548486,0.5333534672546987,136,PENDING
2025-10-17T08:45:25.838995+00:00,NBA,ML,"pinnacle,sbo,isn",1.8948865850045333,0.527736070281804,0.6,0.07226392971819595,MGM,1.6584971388380267,0.6029555171259555,0.5336451335097375,56,PENDING
2025-10-17T08:45:25.850358+00:00,NBA,ML,"pinnacle,sbo,isn",1.8151070637506581,0.5509316888082864,0.6,0.04906831119171362,FD,1.678508318857078,0.5957670800707829,0.5452222521930684,152,PENDING
2025-10-17T08:45:25.861872+00:00,NBA,ML,"pinnacle,sbo,isn",1.8797366567948002,0.5319894126580116,0.6,0.0680105873419884,FD,1.6699286063004997,0.5988279955365065,0.5346928450508288,85,PENDING
2025-10-17T08:45:25.873735+00:00,NBA,ML,"pinnacle,sbo,isn",1.7912677738139349,0.5582638255534615,0.6,0.04173617444653843,DK,1.6720086488091617,0.5980830306782325,0.5682620680225645,77,PENDING
2025-10-17T08:45:25.885068+00:00,NBA,ML,"pinnacle,sbo,isn",1.8557022072793594,0.5388795659547647,0.6,0.06112043404523526,MGM,1.6564026540357095,0.6037179411440629,0.5306570657818616,128,PENDING
2025-10-17T08:45:25.896425+00:00,NBA,ML,"pinnacle,sbo,isn",1.9392720623163817,0.5156574053903198,0.6,0.08434259460968019,FD,1.6853311557316921,0.593355197047815,0.5242253452159851,153,PENDING
2025-10-17T08:45:25.907887+00:00,NBA,ML,"sbo,isn",1.9420050117391157,0.5149317298128259,0.6,0.08506827018717411,FD,1.663822062131338,0.6010258084443302,0.49489650689216075,184,PENDING
2025-10-17T08:45:25.919466+00:00,NBA,ML,"pinnacle,sbo,isn",1.844959405903675,0.542017345639208,0.6,0.057982654360791974,MGM,1.6850555470471973,0.5934522465756974,0.5259947502286187,69,PENDING
2025-10-17T08:45:25.931153+00:00,NBA,ML,"pinnacle,sbo,isn",2.0033316994164307,0.49916846036594903,0.6,0.10083153963405095,DK,1.6727951833079258,0.597801816969915,0.5044103387940767,131,PENDING
2025-10-17T08:45:25.942262+00:00,NBA,ML,"pinnacle,sbo,isn",1.9334337874865402,0.5172145053387103,0.6,0.0827854946612897,MGM,1.6674219196641022,0.599728232073048,0.5124967450023269,138,PENDING
2025-10-17T08:45:25.953399+00:00,NBA,ML,"pinnacle,sbo,isn",1.9144574737370135,0.5223411925928049,0.6,0.07765880740719511,DK,1.657517515860366,0.6033118747954412,0.5237236069133917,150,PENDING
2025-10-17T08:45:25.964684+00:00,NBA,ML,"pinnacle,sbo,isn",1.819106287527086,0.5497204901421189,0.6,0.0502795098578811,PB,1.656936675222518,0.6035233663143494,0.5479243760038043,127,PENDING
2025-10-17T08:45:25.975677+00:00,NBA,ML,"pinnacle,sbo,isn",1.8092140116717579,0.5527262079271515,0.6,0.04727379207284843,PB,1.6739366748592142,0.5973941637213395,0.5500678200079978,115,PENDING
2025-10-17T08:45:25.986763+00:00,NBA,ML,"pinnacle,sbo,isn",1.9116967294034959,0.5230955227464498,0.6,0.07690447725355021,MGM,1.6488525689275866,0.6064823616403738,0.5082736687720215,26,PENDING
2025-10-17T08:45:25.997839+00:00,NBA,ML,"pinnacle,sbo,isn",1.959365258186772,0.5103693636608705,0.6,0.08963063633912949,FD,1.6627193146698667,0.6014244203319129,0.512347264480289,163,PENDING
2025-10-17T08:45:26.009041+00:00,NBA,ML,"pinnacle,sbo,isn",1.9433941395237395,0.5145636593537667,0.6,0.08543634064623329,PB,1.6560478783626158,0.6038472758340356,0.5280995182494607,123,PENDING
2025-10-17T08:45:26.020646+00:00,NBA,ML,"pinnacle,sbo,isn",1.8498988831052638,0.5405700869019323,0.6,0.059429913098067666,FD,1.646354269923014,0.607402682562825,0.5316887483645958,105,PENDING
2025-10-17T08:45:26.031745+00:00,NBA,ML,"pinnacle,isn",1.7932041370814835,0.5576609931469056,0.6,0.04233900685309433,DK,1.6476882974348541,0.6069109075768852,0.5615892678295048,78,PENDING
2025-10-17T08:45:26.044028+00:00,NBA,ML,"pinnacle,sbo",1.8708377625561907,0.5345198926462043,0.6,0.06548010735379572,MGM,1.6416195762829846,0.6091545291292376,0.5438028625618891,95,PENDING
2025-10-17T08:45:26.056262+00:00,NBA,ML,"pinnacle,sbo,isn",1.9313140730492142,0.5177821743002013,0.6,0.08221782569979863,PB,1.6576286773123072,0.6032714163834377,0.5220610787071506,112,PENDING
2025-10-17T08:45:26.068347+00:00,NBA,ML,"pinnacle,sbo,isn",1.8711836094805172,0.5344210984605742,0.6,0.0655789015394258,DK,1.6852133049435405,0.5933966917223591,0.5309932369519303,60,PENDING
2025-10-17T08:45:26.082216+00:00,NBA,ML,"pinnacle,sbo,isn",1.8879251657311467,0.5296820118464414,0.6,0.07031798815355861,FD,1.6822922519465893,0.5944270377771131,0.5335157829782661,114,PENDING
2025-10-17T08:45:26.096729+00:00,NBA,ML,"pinnacle,sbo,isn",1.8994644926728481,0.526464171274316,0.6,0.07353582872568398,MGM,1.6960217004049478,0.5896150973547312,0.5271579826256437,126,PENDING
2025-10-17T08:45:26.108208+00:00,NBA,ML,"sbo,isn",1.8351920636769479,0.5449020948774285,0.6,0.05509790512257151,MGM,1.6713055196014384,0.5983346481369087,0.5446434663978899,132,PENDING
2025-10-17T08:45:26.119288+00:00,NBA,ML,"pinnacle,sbo,isn",1.8026679457611088,0.5547333341958258,0.6,0.045266665804174155,DK,1.638364152088325,0.6103649171799564,0.5435594930659298,101,PENDING
2025-10-17T08:45:26.130421+00:00,NBA,ML,isn,1.833515729952044,0.5454002840903662,0.6,0.05459971590963375,PB,1.6821705792306854,0.5944700331504635,0.53577937292695,133,PENDING
2025-10-17T08:45:26.141403+00:00,NBA,ML,"pinnacle,sbo,isn",1.9038441994094915,0.5252530644630303,0.6,0.07474693553696965,FD,1.669244615353112,0.5990733717529231,0.5314447756327842,106,PENDING
2025-10-17T08:45:26.152867+00:00,NBA,ML,"sbo,isn",1.9552786000175588,0.5114360684922444,0.6,0.08856393150775554,DK,1.6667547138506142,0.5999683046881886,0.5374128057582027,128,PENDING
2025-10-17T08:45:26.164025+00:00,NBA,ML,"pinnacle,sbo,isn",1.78944535934269,0.5588323749473558,0.6,0.04116762505264415,FD,1.6747722446632876,0.597096114523351,0.5582645430034289,113,PENDING
2025-10-17T08:45:26.175137+00:00,NBA,ML,"pinnacle,sbo,isn",1.926211112238294,0.5191538942156662,0.6,0.08084610578433382,MGM,1.6549230953257312,0.6042576859459288,0.5258097465788004,163,PENDING
2025-10-17T08:45:26.186392+00:00,NBA,ML,"pinnacle,sbo,isn",1.8437333215104166,0.5423777876839496,0.6,0.05762221231605036,MGM,1.672995687135763,0.5977301721034565,0.5392910571284855,157,PENDING
2025-10-17T08:45:26.197505+00:00,NBA,ML,"pinnacle,sbo,isn",1.905308540052855,0.5248493768742878,0.6,0.07515062312571219,FD,1.6394677330944734,0.6099540599756199,0.5098987685720158,174,PENDING
2025-10-17T08:45:26.208588+00:00,NBA,ML,"pinnacle,sbo,isn",1.869883171582422,0.5347927695149703,0.6,0.06520723048502963,DK,1.646056618679953,0.6075125172802045,0.5051474811365538,98,PENDING
2025-10-17T08:45:26.219732+00:00,NBA,ML,"pinnacle,sbo",1.9125400530953698,0.5228648667417657,0.6,0.07713513325823429,MGM,1.658930902022974,0.6027978614302474,0.5275156688367687,57,PENDING
2025-10-17T08:45:26.230947+00:00,NBA,ML,"pinnacle,sbo,isn",1.917228070070127,0.5215863545975638,0.6,0.07841364540243623,DK,1.6654716816884763,0.6004305032591052,0.5294944158144645,133,PENDING
2025-10-17T08:45:26.241948+00:00,NBA,ML,"pinnacle,sbo,isn",1.8391896947603443,0.543717705057229,0.6,0.05628229494277093,DK,1.6792303238250026,0.5955109229579473,0.560007074533469,81,PENDING
2025-10-17T08:45:26.253076+00:00,NBA,ML,"pinnacle,sbo,isn",1.8078631302226995,0.553139219049628,0.6,0.04686078095037194,FD,1.6640133421100574,0.6009567199334753,0.5671774329702937,102,PENDING
2025-10-17T08:45:26.264327+00:00,NBA,ML,"pinnacle,sbo,isn",1.841916017521512,0.5429129181175172,0.6,0.05708708188248279,FD,1.670260912584154,0.5987088558833865,0.5585600983342163,105,PENDING
2025-10-17T08:45:26.275305+00:00,NBA,ML,"pinnacle,sbo,isn",1.8089499856225362,0.5528068813112363,0.6,0.047193118688763636,MGM,1.6729728535011912,0.5977383302467842,0.5371492905894312,145,PENDING
2025-10-17T08:45:26.286281+00:00,NBA,ML,"pinnacle,sbo,isn",1.9477566515846299,0.5134111590307924,0.6,0.0865888409692076,PB,1.6340635541386768,0.6119713015245023,0.5055455012797507,52,PENDING
2025-10-17T08:45:26.297468+00:00,NBA,ML,"pinnacle,sbo,isn",1.8258122743149006,0.5477014335305802,0.6,0.05229856646941977,MGM,1.6641811202806243,0.6008961331272488,0.5451676578411001,113,PENDING
2025-10-17T08:45:26.308444+00:00,NBA,ML,"pinnacle,sbo,isn",1.8218085225366383,0.548905105904119,0.6,0.05109489409588097,FD,1.6765421937299174,0.5964657517955048,0.5555317656079738,135,PENDING
2025-10-17T08:45:26.319382+00:00,NBA,ML,"pinnacle,sbo,isn",1.8208269547617084,0.5492010085773746,0.6,0.05079899142262534,PB,1.6954191860200623,0.5898246334863446,0.5483300668668495,107,PENDING
2025-10-17T08:45:26.330375+00:00,NBA,ML,"pinnacle,sbo,isn",1.8569995389306855,0.5385030954697109,0.6,0.06149690453028911,MGM,1.6495597452918491,0.6062223589380054,0.5296151223374017,117,PENDING
2025-10-17T08:45:26.341460+00:00,NBA,ML,"pinnacle,sbo,isn",1.8978022958397018,0.526925276775229,0.6,0.07307472322477093,MGM,1.6561016314840837,0.6038276763871485,0.5359271224154287,149,PENDING
2025-10-17T08:45:26.352413+00:00,NBA,ML,"pinnacle,sbo,isn",1.8280247679111794,0.5470385399332774,0.6,0.05296146006672253,DK,1.6743186926618585,0.5972578603958509,0.5489182758081385,62,PENDING
2025-10-17T08:45:26.363434+00:00,NBA,ML,"pinnacle,sbo,isn",1.9018323908560293,0.5258086910329108,0.6,0.07419130896708914,MGM,1.6542638949850585,0.6044984739324387,0.5277071249612852,61,PENDING
2025-10-17T08:45:26.374713+00:00,NBA,ML,"pinnacle,sbo,isn",1.8060394988890367,0.5536977461540226,0.6,0.046302253845977415,MGM,1.6631668461791815,0.6012625866715148,0.5573322895324133,23,PENDING
2025-10-17T08:45:26.385696+00:00,NBA,ML,"pinnacle,sbo,isn",1.842706243020448,0.5426800955321359,0.6,0.05731990446786406,PB,1.651907792560364,0.6053606651071343,0.5498240603584426,199,PENDING
2025-10-17T08:45:26.396696+00:00,NBA,ML,"pinnacle,sbo,isn",1.9422114603858647,0.5148769948053582,0.6,0.08512300519464178,DK,1.6699432117030477,0.5988227581584503,0.5309881562903545,71,PENDING
2025-10-17T08:45:26.407743+00:00,NBA,ML,"pinnacle,sbo,isn",1.9525851430745715,0.5121415593818276,0.6,0.08785844061817238,MGM,1.6440370562696738,0.6082587957408964,0.4993308673133693,103,PENDING
2025-10-17T08:45:26.419128+00:00,NBA,ML,"pinnacle,sbo,isn",1.8758796889448097,0.5330832280414018,0.6,0.06691677195859813,FD,1.6700298244956673,0.5987917014008958,0.5153336074449806,140,PENDING
2025-10-17T08:45:26.430212+00:00,NBA,ML,"pinnacle,sbo,isn",1.8145642317028414,0.5510965015890179,0.6,0.04890349841098207,FD,1.657995522289524,0.6031379376821846,0.5447303487579955,141,PENDING
2025-10-17T08:45:26.441325+00:00,NBA,ML,"pinnacle,sbo,isn",1.8785655459854436,0.5323210585529118,0.6,0.06767894144708819,PB,1.6435798846296719,0.608427986586924,0.5377014029521943,78,PENDING
2025-10-17T08:45:26.452409+00:00,NBA,ML,"pinnacle,sbo,isn",1.9151843236381512,0.5221429538961373,0.6,0.07785704610386268,PB,1.6728887274118251,0.5977683892622847,0.5140769648530635,68,PENDING
2025-10-17T08:45:26.463532+00:00,NBA,ML,"pinnacle,sbo,isn",1.8540000790437303,0.5393743027863231,0.6,0.06062569721367683,DK,1.6581826194929867,0.6030698840069645,0.5538860912765338,102,PENDING
2025-10-17T08:45:26.474586+00:00,NBA,ML,"pinnacle,sbo,isn",1.747503707836391,0.5722448516221542,0.6,0.027755148377845762,FD,1.6581044098498967,0.603098329670643,0.5769562145561535,98,PENDING
2025-10-17T08:45:26.486433+00:00,NBA,ML,"sbo,isn",1.879409910492389,0.5320819020997972,0.6,0.06791809790020276,MGM,1.6523383314852071,0.6052029302625621,0.5079540987905024,184,PENDING
2025-10-17T08:45:26.498717+00:00,NBA,ML,"pinnacle,sbo,isn",1.9163962675416082,0.521812746631374,0.6,0.07818725336862598,FD,1.6401934248399572,0.6096841902031009,0.5187079068694146,108,PENDING
2025-10-17T08:45:26.510025+00:00,NBA,ML,"pinnacle,sbo,isn",1.8056213593952883,0.5538259695459656,0.6,0.04617403045403434,MGM,1.6747551919367274,0.5971021942876176,0.5590710432988265,60,PENDING
2025-10-17T08:45:26.521590+00:00,NBA,ML,"pinnacle,isn",1.8575168476639499,0.5383531251722534,0.6,0.061646874827746556,DK,1.6690584320235637,0.5991401983378147,0.5349798735515684,114,PENDING
2025-10-17T08:45:26.533360+00:00,NBA,ML,"pinnacle,isn",1.9458991916990636,0.5139012361307623,0.6,0.08609876386923765,DK,1.6492018650887896,0.6063539104390729,0.49659452007569016,126,PENDING
2025-10-17T08:45:26.544843+00:00,NBA,ML,"pinnacle,sbo,isn",1.8544732865513833,0.5392366701920094,0.6,0.060763329807990596,PB,1.6642511069580268,0.6008708636690248,0.5559155463032046,75,PENDING
2025-10-17T08:45:26.556026+00:00,NBA,ML,"pinnacle,sbo,isn",1.8573669480929476,0.5383965731848251,0.6,0.06160342681517483,PB,1.6546833499056401,0.6043452362393239,0.5401705343311946,168,PENDING
2025-10-17T08:45:26.567290+00:00,NBA,ML,"pinnacle,sbo,isn",1.8058360158176994,0.5537601372665008,0.6,0.046239862733499226,FD,1.6664227742164865,0.6000878141323872,0.5447359063185756,106,PENDING
2025-10-17T08:45:26.579666+00:00,NBA,ML,"pinnacle,sbo,isn",1.8856839996606058,0.5303115475233309,0.6,0.0696884524766691,FD,1.644525077864387,0.6080782916966033,0.5351322158785862,99,PENDING
2025-10-17T08:45:26.592490+00:00,NBA,ML,"pinnacle,sbo,isn",1.8829712739830131,0.5310755473633536,0.6,0.06892445263664637,PB,1.6704581857270195,0.5986381512236287,0.5239367991229887,67,PENDING
2025-10-17T08:45:26.604768+00:00,NBA,ML,"pinnacle,sbo,isn",1.825655011556958,0.5477486127826409,0.6,0.05225138721735911,FD,1.7004287110711642,0.5880869885865796,0.5519504987698902,135,PENDING
2025-10-17T08:45:26.616054+00:00,NBA,ML,"pinnacle,sbo,isn",1.8807452339693005,0.5317041255446951,0.6,0.06829587445530483,MGM,1.6753938659321344,0.5968745739937592,0.5442213756303471,99,PENDING
2025-10-17T08:45:26.627252+00:00,NBA,ML,"pinnacle,sbo,isn",1.8263921652888997,0.5475275348883352,0.6,0.05247246511166481,FD,1.660641203417943,0.6021770373647198,0.5427365031792154,151,PENDING
2025-10-17T08:45:26.638556+00:00,NBA,ML,"pinnacle,sbo,isn",1.9319707051000543,0.5176061921436905,0.6,0.08239380785630945,FD,1.6607878413131,0.6021238686389654,0.5207469643823885,110,PENDING
2025-10-17T08:45:26.649705+00:00,NBA,ML,"pinnacle,sbo,isn",1.904756458247726,0.5250015011997631,0.6,0.0749984988002369,MGM,1.6552632128993356,0.6041335252345844,0.5171773378601486,27,PENDING
2025-10-17T08:45:26.660904+00:00,NBA,ML,"pinnacle,sbo,isn",1.8233732208325757,0.5484340718481031,0.6,0.05156592815189687,PB,1.6638782195458068,0.6010055232725942,0.5595637307647058,110,PENDING
2025-10-17T08:45:26.672236+00:00,NBA,ML,"pinnacle,sbo,isn",1.964238967730806,0.5091030248500026,0.6,0.0908969751499974,DK,1.6813670496369983,0.5947541318927932,0.49934343668885356,83,PENDING
2025-10-17T08:45:26.683506+00:00,NBA,ML,"pinnacle,sbo,isn",1.89585426462457,0.5274667038808634,0.6,0.07253329611913661,DK,1.675708295562262,0.5967625765464526,0.5273302359629104,148,PENDING
2025-10-17T08:45:26.694746+00:00,NBA,ML,"pinnacle,sbo,isn",1.839017598862145,0.5437685863467157,0.6,0.05623141365328432,FD,1.6637455452264966,0.6010534500718158,0.5316096771056743,57,PENDING
2025-10-17T08:45:26.706724+00:00,NBA,ML,"pinnacle,sbo,isn",1.8231099125839194,0.5485132811233997,0.6,0.05148671887660028,PB,1.6525882633722728,0.6051114014082366,0.5475514917541664,165,PENDING
2025-10-17T08:45:26.718261+00:00,NBA,ML,"pinnacle,sbo,isn",1.8941768585275125,0.5279338069716341,0.6,0.07206619302836592,FD,1.6539466256960558,0.6046144322094763,0.5425455956388373,131,PENDING
2025-10-17T08:45:26.729606+00:00,NBA,ML,"pinnacle,sbo,isn",1.9539016929683133,0.5117964755334378,0.6,0.08820352446656221,FD,1.6512612813011518,0.6055976793763526,0.5162746127006649,122,PENDING
2025-10-17T08:45:26.741062+00:00,NBA,ML,"pinnacle,sbo,isn",1.915791418112392,0.5219774921976051,0.6,0.07802250780239484,MGM,1.6705387489401422,0.5986092813677268,0.5235586830466562,151,PENDING
2025-10-17T08:45:26.752526+00:00,NBA,ML,"pinnacle,sbo,isn",1.8015760447556253,0.5550695475281172,0.6,0.044930452471882765,PB,1.6360283739956185,0.6112363427767042,0.5650870015046323,167,PENDING
2025-10-17T08:45:26.763942+00:00,NBA,ML,"pinnacle,sbo,isn",1.8266348410755866,0.5474547936527724,0.6,0.05254520634722759,DK,1.6680432864025094,0.599504825894964,0.5567631759162777,191,PENDING
2025-10-17T08:45:26.775213+00:00,NBA,ML,"pinnacle,sbo,isn",1.8279003668765685,0.5470757696212697,0.6,0.052924230378730286,PB,1.654353716970342,0.6044656531079243,0.5471902825379762,108,PENDING
2025-10-17T08:45:26.786488+00:00,NBA,ML,"pinnacle,sbo,isn",1.8730093357033029,0.533900168535202,0.6,0.06609983146479803,MGM,1.6918350878360149,0.5910741579896394,0.5452606553707562,83,PENDING
2025-10-17T08:45:26.797881+00:00,NBA,ML,"pinnacle,sbo,isn",1.9695927280941847,0.507719177541653,0.6,0.09228082245834701,DK,1.6728358850076805,0.5977872718789797,0.5202158302120907,145,PENDING
2025-10-17T08:45:26.809436+00:00,NBA,ML,"pinnacle,sbo,isn",1.8396219627914687,0.5435899441440597,0.6,0.05641005585594028,PB,1.671413360938565,0.5982960429599894,0.5257538328469179,123,PENDING
2025-10-17T08:45:26.820740+00:00,NBA,ML,"pinnacle,sbo,isn",1.7938571776624634,0.5574579807424125,0.6,0.04254201925758749,PB,1.6903572577385033,0.5915909169034959,0.5747479341512696,174,PENDING
2025-10-17T08:45:26.832080+00:00,NBA,ML,"pinnacle,sbo,isn",1.9015663844542128,0.525882245382151,0.6,0.07411775461784897,MGM,1.6668340887692101,0.5999397340969909,0.5279102181511288,76,PENDING
2025-10-17T08:45:26.843373+00:00,NBA,ML,"pinnacle,sbo,isn",1.8740922634030828,0.5335916590275782,0.6,0.06640834097242176,PB,1.6487685677916342,0.6065132605841723,0.5330796879094123,116,PENDING
2025-10-17T08:45:26.854962+00:00,NBA,ML,"pinnacle,sbo,isn",1.84352760668355,0.5424383103212485,0.6,0.057561689678751526,FD,1.6668256462617532,0.5999427728045427,0.5449261834192592,121,PENDING
2025-10-17T08:45:26.866272+00:00,NBA,ML,"pinnacle,sbo,isn",1.9211782355470548,0.5205139125028919,0.6,0.07948608749710806,FD,1.6645713614203894,0.6007552593880346,0.5130529299363668,69,PENDING
2025-10-17T08:45:26.877697+00:00,NBA,ML,"pinnacle,sbo,isn",1.821901846810345,0.5488769890379815,0.6,0.051123010962018434,DK,1.6422153458851918,0.6089335375568403,0.5476501426630302,159,PENDING
2025-10-17T08:45:26.889235+00:00,NBA,ML,"pinnacle,sbo,isn",1.9732979421204584,0.5067658454685379,0.6,0.09323415453146211,PB,1.667207303189472,0.5998054339654927,0.49831539218884635,76,PENDING
2025-10-17T08:45:26.900638+00:00,NBA,ML,"pinnacle,sbo,isn",1.8211057959116665,0.5491169169001455,0.6,0.050883083099854454,PB,1.6847401534542663,0.5935633444419747,0.5601167134035664,114,PENDING
2025-10-17T08:45:26.912256+00:00,NBA,ML,"pinnacle,sbo,isn",1.9244826743289964,0.5196201625190868,0.6,0.08037983748091315,DK,1.669689238234867,0.5989138440259474,0.5175993300651928,96,PENDING
2025-10-17T08:45:26.924006+00:00,NBA,ML,"pinnacle,sbo,isn",1.887279252707169,0.5298632931854523,0.6,0.07013670681454764,PB,1.6579889448048042,0.6031403304186268,0.5329778215284867,103,PENDING
2025-10-17T08:45:26.935538+00:00,NBA,ML,"pinnacle,sbo,isn",1.7698723749676468,0.5650124913771141,0.6,0.03498750862288591,PB,1.6509901165061445,0.6056971450054579,0.5602000801384599,177,PENDING
2025-10-17T08:45:26.947175+00:00,NBA,ML,"pinnacle,sbo,isn",1.941980740194982,0.5149381656069341,0.6,0.08506183439306592,DK,1.6506814739753601,0.6058103975636714,0.4937716211172288,45,PENDING
2025-10-17T08:45:26.958646+00:00,NBA,ML,"pinnacle,sbo,isn",1.9504179440513023,0.5127106234076447,0.6,0.08728937659235525,MGM,1.6650347819581777,0.6005880542771256,0.5248525216969298,13,PENDING
2025-10-17T08:45:26.970568+00:00,NBA,ML,"pinnacle,sbo,isn",1.8875512973638904,0.5297869262660975,0.6,0.07021307373390251,PB,1.6511488837412023,0.6056389038244585,0.5259888611481985,89,PENDING
2025-10-17T08:45:26.982344+00:00,NBA,ML,"pinnacle,sbo,isn",1.8771937344730814,0.5327100669663671,0.6,0.06728993303363284,DK,1.686731537055612,0.5928625735815775,0.5510839337212423,106,PENDING
2025-10-17T08:45:26.994423+00:00,NBA,ML,"pinnacle,sbo,isn",1.8033468610944938,0.5545244908642125,0.6,0.04547550913578746,DK,1.6913847183607382,0.5912315448664945,0.5535915043676776,125,PENDING
2025-10-17T08:45:27.006346+00:00,NBA,ML,"sbo,isn",1.8841601726347772,0.5307404405017314,0.6,0.06925955949826856,MGM,1.6785745525238762,0.595743572125776,0.5236677952022167,158,PENDING
2025-10-17T08:45:27.018019+00:00,NBA,ML,"pinnacle,sbo,isn",1.8147515351857624,0.5510396220150532,0.6,0.04896037798494679,DK,1.6793824095088217,0.5954569932005395,0.5513504778927647,131,PENDING
2025-10-17T08:45:27.029408+00:00,NBA,ML,"pinnacle,sbo,isn",1.8655380568081634,0.5360383811793938,0.6,0.06396161882060614,PB,1.6725899474003305,0.5978751705128192,0.5166687118523396,146,PENDING
2025-10-17T08:45:27.041125+00:00,NBA,ML,"pinnacle,sbo,isn",1.8596082576782766,0.5377476658704997,0.6,0.062252334129500264,DK,1.6658557940914829,0.6002920562192934,0.5385874759036443,92,PENDING
2025-10-17T08:45:27.052633+00:00,NBA,ML,"pinnacle,sbo,isn",1.812223225160785,0.5518084009276933,0.6,0.048191599072306635,MGM,1.6610337724151298,0.6020347187438627,0.5459596595783633,118,PENDING
2025-10-17T08:45:27.064167+00:00,NBA,ML,"pinnacle,sbo,isn",1.8419822347730503,0.5428934009904876,0.6,0.057106599009512427,PB,1.6767872328880047,0.5963785866127188,0.5435234246738345,44,PENDING
2025-10-17T08:45:27.075527+00:00,NBA,ML,"pinnacle,sbo,isn",1.824345458065532,0.5481417982427312,0.6,0.05185820175726874,FD,1.66360331697656,0.6011048365889318,0.5471075971069849,118,PENDING
2025-10-17T08:45:27.087633+00:00,NBA,ML,"pinnacle,sbo,isn",1.8222405882192416,0.5487749567565255,0.6,0.05122504324347443,DK,1.6513762314663252,0.6055555245045877,0.5370552408275175,76,PENDING
2025-10-17T08:45:27.099598+00:00,NBA,ML,pinnacle,1.8902307524085058,0.5290359384566217,0.6,0.07096406154337831,FD,1.6606972980032781,0.6021566971911976,0.5040189400150251,51,PENDING
2025-10-17T08:45:27.110936+00:00,NBA,ML,"pinnacle,sbo,isn",1.9235016179895,0.5198851878509098,0.6,0.08011481214909022,FD,1.6610138403158528,0.6020419431362736,0.5202709990807189,107,PENDING
2025-10-17T08:45:27.122330+00:00,NBA,ML,"pinnacle,sbo",1.8486729819747596,0.5409285523996765,0.6,0.05907144760032346,FD,1.6547754782186033,0.6043115897973776,0.5457173077848811,58,PENDING
2025-10-17T08:45:27.134020+00:00,NBA,ML,"pinnacle,sbo,isn",1.8709584953796237,0.5344854001141788,0.6,0.0655145998858212,DK,1.6646213673402366,0.6007372124495908,0.5503681611856714,95,PENDING
2025-10-17T08:45:27.145939+00:00,NBA,ML,"pinnacle,sbo,isn",1.8273985743805652,0.5472259932888318,0.6,0.052774006711168164,PB,1.649117086342164,0.6063850822248511,0.5479251890987801,76,PENDING
2025-10-17T08:45:27.157374+00:00,NBA,ML,"pinnacle,sbo,isn",1.9161694087647008,0.5218745249902884,0.6,0.07812547500971156,MGM,1.6744189766024684,0.5972220895567494,0.5156528479877458,159,PENDING
2025-10-17T08:45:27.169181+00:00,NBA,ML,"pinnacle,sbo,isn",1.897834387094655,0.5269163667810203,0.6,0.0730836332189797,PB,1.6533992623966662,0.6048145918188335,0.5322105008522775,174,PENDING
2025-10-17T08:45:27.180603+00:00,NBA,ML,"pinnacle,sbo,isn",1.84150111200924,0.5430352409121881,0.6,0.056964759087811845,FD,1.6547113050071751,0.6043350262816171,0.544227499523462,97,PENDING
2025-10-17T08:45:27.191993+00:00,NBA,ML,"pinnacle,sbo,isn",1.835655146784186,0.5447646317184694,0.6,0.05523536828153053,PB,1.6643127764533376,0.6008485989821019,0.5489025548903715,110,PENDING
2025-10-17T08:45:27.203328+00:00,NBA,ML,"pinnacle,sbo,isn",1.8517880368319655,0.5400186091010706,0.6,0.0599813908989294,MGM,1.6729167402920189,0.5977583796701342,0.5516716844565424,185,PENDING
2025-10-17T08:45:27.214902+00:00,NBA,ML,"pinnacle,sbo,isn",1.8182997743858131,0.5499643205630276,0.6,0.0500356794369724,PB,1.6508342784861942,0.6057543225459278,0.5490855531388714,157,PENDING
2025-10-17T08:45:27.226503+00:00,NBA,ML,"pinnacle,sbo,isn",1.8708861860035777,0.5345060578677487,0.6,0.06549394213225124,MGM,1.6790693074316951,0.5955680302021602,0.5394137249576869,168,PENDING
2025-10-17T08:45:27.238289+00:00,NBA,ML,"pinnacle,sbo,isn",1.9256761932682531,0.5192981060345365,0.6,0.08070189396546346,MGM,1.6713442195287858,0.5983207937153349,0.4899921622760088,135,PENDING
2025-10-17T08:45:27.250041+00:00,NBA,ML,"pinnacle,sbo,isn",1.8395157618722833,0.543621327268317,0.6,0.056378672731682955,DK,1.6729649419269805,0.5977411569952951,0.5483966206409849,73,PENDING
2025-10-17T08:45:27.261921+00:00,NBA,ML,"pinnacle,sbo,isn",1.8909752415235639,0.5288276536049712,0.6,0.07117234639502878,DK,1.6599710333526623,0.6024201506578634,0.551256856729001,119,PENDING
2025-10-17T08:45:27.273506+00:00,NBA,ML,"pinnacle,sbo,isn",1.9223414816256281,0.520198939448755,0.6,0.07980106055124503,PB,1.668488476946135,0.5993448644190329,0.5101754996418469,115,PENDING
2025-10-17T08:45:27.285205+00:00,NBA,ML,"pinnacle,sbo,isn",1.8809149197522756,0.5316561581273991,0.6,0.0683438418726009,PB,1.663121002575173,0.6012791603567041,0.5242342371874247,156,PENDING
2025-10-17T08:45:27.296638+00:00,NBA,ML,"pinnacle,sbo,isn",1.8193550137359895,0.5496453371937183,0.6,0.05035466280628165,FD,1.6651932214074279,0.6005309096531128,0.55187655737778,144,PENDING
2025-10-17T08:45:27.308252+00:00,NBA,ML,"sbo,isn",1.8899688891734143,0.5291092386379725,0.6,0.07089076136202743,MGM,1.6821519861352645,0.5944766039229873,0.5249858699159252,63,PENDING
2025-10-17T08:45:27.319718+00:00,NBA,ML,"pinnacle,sbo,isn",1.8485262405915335,0.5409714928796452,0.6,0.05902850712035479,DK,1.6456745076883585,0.6076535762862835,0.5432663100342813,149,PENDING
2025-10-17T09:30:23.877750+00:00,NBA,ML,"pinnacle,sbo,isn",1.827710341676789,0.5471326485369525,0.6,0.05286735146304744,DK,1.6771551926657418,0.5962477440209677,0.5565382957008647,41,PENDING
2025-10-17T09:30:23.884295+00:00,NBA,ML,"sbo,isn",1.9103984848603206,0.5234510014140402,0.6,0.07654899858595976,PB,1.662285953174598,0.6015812129617178,0.5232829898389973,85,PENDING
2025-10-17T09:30:23.895981+00:00,NBA,ML,"pinnacle,isn",1.924779215389948,0.5195401072519408,0.6,0.0804598927480592,MGM,1.667584264601948,0.5996698465121939,0.5308125193216211,138,PENDING
2025-10-17T09:30:23.907186+00:00,NBA,ML,"pinnacle,sbo,isn",1.9849399955512366,0.5037935666777124,0.6,0.09620643332228762,MGM,1.653454427650519,0.6047944130041449,0.5125780696907851,118,PENDING
2025-10-17T09:30:23.918516+00:00,NBA,ML,"pinnacle,sbo,isn",1.9063881169030255,0.5245521576291216,0.6,0.07544784237087843,DK,1.6838211749441998,0.5938872933066298,0.5230068628084336,102,PENDING
2025-10-17T09:30:23.929707+00:00,NBA,ML,"pinnacle,sbo,isn",1.7967949828676837,0.5565465228559358,0.6,0.04345347714406422,FD,1.6717577829904025,0.5981727796781796,0.5606738489718956,137,PENDING
2025-10-17T09:30:23.941156+00:00,NBA,ML,"pinnacle,sbo,isn",1.8621501041094395,0.5370136369743637,0.6,0.06298636302563632,PB,1.6595824247469042,0.6025612136453576,0.5288759096918849,144,PENDING
2025-10-17T09:30:23.952382+00:00,NBA,ML,"pinnacle,sbo,isn",1.8490376409708884,0.5408218728716211,0.6,0.05917812712837889,PB,1.6550789557950372,0.6042007823848126,0.5325770607147087,146,PENDING
2025-10-17T09:30:23.963459+00:00,NBA,ML,"pinnacle,sbo,isn",1.862369855265175,0.5369502718124775,0.6,0.06304972818752252,MGM,1.6505572939080686,0.6058559758518126,0.5423818144955294,93,PENDING
2025-10-17T09:30:23.974694+00:00,NBA,ML,"sbo,isn",1.8913978447925475,0.5287094953360709,0.6,0.07129050466392906,FD,1.6697095536602917,0.5989065570163549,0.5374237831155528,128,PENDING
2025-10-17T09:30:23.985829+00:00,NBA,ML,"pinnacle,sbo,isn",1.9613313101172294,0.5098577659172889,0.6,0.09014223408271105,DK,1.6706919120083006,0.59855440300655,0.5161706481756744,61,PENDING
2025-10-17T09:30:23.996903+00:00,NBA,ML,"pinnacle,sbo,isn",1.7579050856839382,0.5688589265392197,0.6,0.031141073460780322,FD,1.6578403543473632,0.6031943892412167,0.5661075040269529,179,PENDING
2025-10-17T09:30:24.008100+00:00,NBA,ML,"pinnacle,sbo,isn",1.8710670699213805,0.5344543849205889,0.6,0.06554561507941103,PB,1.6436167258002388,0.608414348858079,0.5311055346207312,126,PENDING
2025-10-17T09:30:24.019315+00:00,NBA,ML,"pinnacle,sbo,isn",1.8897162558539662,0.529179974455,0.6,0.070820025545,DK,1.6777587102844733,0.5960332638240003,0.5256927237325156,101,PENDING
2025-10-17T09:30:24.030889+00:00,NBA,ML,"pinnacle,sbo,isn",1.8682359166754001,0.5352643052594448,0.6,0.06473569474055518,DK,1.6491351734491286,0.6063784316166896,0.52393143311941,83,PENDING
2025-10-17T09:30:24.042128+00:00,NBA,ML,"pinnacle,sbo,isn",1.8243717825874068,0.5481338889059962,0.6,0.05186611109400374,MGM,1.676312242100122,0.5965475732296611,0.543861362442631,126,PENDING
2025-10-17T09:30:24.053326+00:00,NBA,ML,"pinnacle,sbo,isn",1.8912326898189615,0.528755665753496,0.6,0.071244334246504,PB,1.6730350080269447,0.597716123812213,0.5221364063428294,105,PENDING
2025-10-17T09:30:24.064390+00:00,NBA,ML,"pinnacle,sbo,isn",1.8986787839610675,0.5266820319726631,0.6,0.07331796802733692,FD,1.6734577321944712,0.5975651375960721,0.5219880085706358,120,PENDING
2025-10-17T09:30:24.075614+00:00,NBA,ML,"pinnacle,sbo,isn",1.8214469221686695,0.5490140765723603,0.6,0.050985923427639634,DK,1.6759596549805267,0.5966730744551361,0.5480292217272661,103,PENDING
2025-10-17T09:30:24.086970+00:00,NBA,ML,"pinnacle,sbo,isn",1.890958247611423,0.5288324061428415,0.6,0.07116759385715843,DK,1.6468073709485178,0.6072355623621154,0.5156054100192975,80,PENDING
2025-10-17T09:30:24.098481+00:00,NBA,ML,"pinnacle,sbo,isn",1.8411307621903554,0.5431444743285483,0.6,0.05685552567145169,DK,1.6614309087017114,0.601890812770197,0.556136757306409,105,PENDING
2025-10-17T09:30:24.110008+00:00,NBA,ML,"pinnacle,sbo,isn",1.8580063930328337,0.5382112805153995,0.6,0.06178871948460052,FD,1.663818243693999,0.6010271877893382,0.5287110599662936,106,PENDING
2025-10-17T09:30:24.122875+00:00,NBA,ML,"pinnacle,sbo,isn",1.9085005994582795,0.5239715409488717,0.6,0.07602845905112832,MGM,1.672722250790238,0.5978278817822706,0.5263488969721944,96,PENDING
2025-10-17T09:30:24.136520+00:00,NBA,ML,"pinnacle,sbo,isn",1.878933521475284,0.532216807338042,0.6,0.06778319266195798,FD,1.659344908077922,0.602647463545319,0.534543569451589,120,PENDING
2025-10-17T09:30:24.147988+00:00,NBA,ML,"pinnacle,sbo,isn",1.9378204590510866,0.5160436795520679,0.6,0.08395632044793211,MGM,1.6525716422316492,0.6051174874631093,0.517836435901631,128,PENDING
2025-10-17T09:30:24.160505+00:00,NBA,ML,"pinnacle,sbo,isn",1.8263255148940922,0.5475475164995379,0.6,0.052452483500462055,FD,1.6716379935104886,0.5982156447042525,0.5621805454117336,72,PENDING
2025-10-17T09:30:24.172082+00:00,NBA,ML,"pinnacle,sbo,isn",1.828738486424034,0.5468250421936642,0.6,0.05317495780633574,FD,1.6612701716782463,0.6019490490157788,0.5330581807181012,145,PENDING
2025-10-17T09:30:24.183492+00:00,NBA,ML,"sbo,isn",1.8847767982826296,0.5305668028761706,0.6,0.06943319712382934,FD,1.652679774938646,0.6050778954060377,0.5337019413506726,153,PENDING
2025-10-17T09:30:24.194936+00:00,NBA,ML,"pinnacle,sbo,isn",1.841209906141946,0.5431211273979025,0.6,0.05687887260209745,PB,1.6724422988772043,0.59792795283362,0.5332257461975839,34,PENDING
2025-10-17T09:30:24.206398+00:00,NBA,ML,"pinnacle,sbo,isn",1.9172082963011345,0.5215917341528814,0.6,0.07840826584711857,MGM,1.6609177147385192,0.6020767863008984,0.5154707661622833,114,PENDING
2025-10-17T09:30:24.218027+00:00,NBA,ML,"pinnacle,sbo,isn",1.8826932446396076,0.5311539746834455,0.6,0.06884602531655448,MGM,1.6644663138129325,0.6007931741851934,0.5207974371551873,53,PENDING
2025-10-17T09:30:24.229804+00:00,NBA,ML,"pinnacle,sbo,isn",1.9075140533837767,0.524242533482823,0.6,0.07575746651717696,DK,1.6705742340057954,0.5985965661652428,0.5419218326186218,125,PENDING
2025-10-17T09:30:24.241490+00:00,NBA,ML,"pinnacle,sbo,isn",1.8910863446979305,0.528796584462532,0.6,0.071203415537468,DK,1.6503700359468612,0.6059247188320851,0.5191454168402082,90,PENDING
2025-10-17T09:30:24.253810+00:00,NBA,ML,"pinnacle,sbo,isn",1.9280197611068217,0.5186668830748541,0.6,0.08133311692514589,PB,1.678394295805379,0.5958075539813182,0.5096376112939838,157,PENDING
2025-10-17T09:30:24.265475+00:00,NBA,ML,"pinnacle,sbo,isn",1.883522986766854,0.53091998718664,0.6,0.06908001281335996,DK,1.6661007127179466,0.6002038126306771,0.5243721102323461,137,PENDING
2025-10-17T09:30:24.277597+00:00,NBA,ML,"pinnacle,sbo,isn",1.8740491957280259,0.5336039215403428,0.6,0.06639607845965723,FD,1.64910456097952,0.6063896878715981,0.535329800717564,183,PENDING
2025-10-17T09:30:24.289072+00:00,NBA,ML,"pinnacle,sbo,isn",1.9140035284089572,0.5224650765567106,0.6,0.07753492344328938,PB,1.6706459523600476,0.5985708693019872,0.5355250939737788,128,PENDING
2025-10-17T09:30:24.300928+00:00,NBA,ML,"sbo,isn",1.8568088340271187,0.5385584028223096,0.6,0.06144159717769038,MGM,1.6726429703565662,0.5978562178076919,0.5539159627422695,127,PENDING
2025-10-17T09:30:24.312950+00:00,NBA,ML,"pinnacle,sbo,isn",1.9406776857330446,0.5152839172375365,0.6,0.08471608276246345,PB,1.6899160805035844,0.5917453603388437,0.5325205744453695,112,PENDING
2025-10-17T09:30:24.325129+00:00,NBA,ML,"pinnacle,sbo,isn",1.9559382817117443,0.511263575824513,0.6,0.088736424175487,PB,1.6514315816528413,0.6055352284102175,0.5023163056349548,145,PENDING
2025-10-17T09:30:24.336451+00:00,NBA,ML,"pinnacle,sbo,isn",1.94543243022791,0.5140245348345759,0.6,0.08597546516542409,MGM,1.6643997140535978,0.6008172144926225,0.5174002803225652,176,PENDING
2025-10-17T09:30:24.347713+00:00,NBA,ML,"pinnacle,sbo,isn",1.8016308539267731,0.5550526612154949,0.6,0.044947338784505075,DK,1.6386703644665366,0.6102508605051551,0.5545654771961938,86,PENDING
2025-10-17T09:30:24.359344+00:00,NBA,ML,"pinnacle,sbo,isn",1.77589932763004,0.5630949820418664,0.6,0.03690501795813361,FD,1.6620389485660532,0.601670617203504,0.5722540074654265,66,PENDING
2025-10-17T09:30:24.370897+00:00,NBA,ML,"pinnacle,sbo,isn",1.881519527138917,0.5314853157652972,0.6,0.06851468423470275,DK,1.6734793199181917,0.5975574290627537,0.5266436214319614,106,PENDING
2025-10-17T09:30:24.382229+00:00,NBA,ML,"pinnacle,sbo,isn",1.9092869151539298,0.5237557498891561,0.6,0.0762442501108439,MGM,1.685450991383869,0.5933130094627863,0.522210693096657,92,PENDING
2025-10-17T09:30:24.393378+00:00,NBA,ML,"sbo,isn",1.9131586000839957,0.5226958182955118,0.6,0.07730418170448816,DK,1.669122688322904,0.5991171332077314,0.5118519375731782,123,PENDING
2025-10-17T09:30:24.404599+00:00,NBA,ML,"pinnacle,sbo,isn",1.7774926075243904,0.5625902441263898,0.6,0.03740975587361017,MGM,1.6931481329113018,0.5906157769435916,0.5540578106208016,108,PENDING
2025-10-17T09:30:24.415654+00:00,NBA,ML,"pinnacle,sbo,isn",1.941099277075279,0.5151720016643014,0.6,0.08482799833569854,FD,1.6710616284269948,0.5984219749820483,0.5272305378731837,90,PENDING
2025-10-17T09:30:24.426812+00:00,NBA,ML,"pinnacle,sbo,isn",1.8542561262345376,0.5392998226359986,0.6,0.06070017736400135,PB,1.6644104761477738,0.6008133296027245,0.528675678517403,98,PENDING
2025-10-17T09:30:24.437931+00:00,NBA,ML,"pinnacle,sbo,isn",1.878179082067858,0.5324305917085441,0.6,0.06756940829145586,DK,1.6653584921232192,0.6004713127712628,0.5148533077949778,61,PENDING
2025-10-17T09:30:24.449098+00:00,NBA,ML,"pinnacle,sbo,isn",1.9077301294563487,0.524183155971318,0.6,0.07581684402868194,PB,1.651571501626908,0.6054839278922731,0.5425522912545312,236,PENDING
2025-10-17T09:30:24.460260+00:00,NBA,ML,"pinnacle,sbo,isn",1.9108823772707255,0.523318448008443,0.6,0.07668155199155702,PB,1.6714240346417273,0.5982922222452974,0.5406054244524989,80,PENDING
2025-10-17T09:30:24.472045+00:00,NBA,ML,"pinnacle,sbo,isn",1.792887112323465,0.5577596007726694,0.6,0.04224039922733058,PB,1.672727041412074,0.5978261696276669,0.5539980400603685,114,PENDING
2025-10-17T09:30:24.483206+00:00,NBA,ML,"pinnacle,sbo,isn",1.7293491415469548,0.5782522314178096,0.6,0.021747768582190408,DK,1.6629750354529844,0.6013319374500448,0.5805739303140721,97,PENDING
2025-10-17T09:30:24.494378+00:00,NBA,ML,"pinnacle,sbo,isn",1.788422272535538,0.5591520612088154,0.6,0.040847938791184535,PB,1.6688282070518021,0.5992228533616576,0.5626696252928075,122,PENDING
2025-10-17T09:30:24.505740+00:00,NBA,ML,"pinnacle,sbo,isn",1.9303427762976915,0.5180427084136601,0.6,0.08195729158633991,DK,1.6710740445494259,0.5984175286916334,0.5170698424295251,203,PENDING
2025-10-17T09:30:24.518900+00:00,NBA,ML,"pinnacle,sbo,isn",1.870656409058941,0.5345717124520283,0.6,0.0654282875479717,MGM,1.6561356148239692,0.6038152860484738,0.5234475977321941,167,PENDING
2025-10-17T09:30:24.532935+00:00,NBA,ML,"pinnacle,sbo,isn",1.856201610022185,0.5387345828172448,0.6,0.06126541718275513,MGM,1.6427835240361208,0.608722929934871,0.5480089676328267,138,PENDING
2025-10-17T09:30:24.545551+00:00,NBA,ML,"pinnacle,sbo,isn",1.8582716396404297,0.5381344571310883,0.6,0.06186554286891166,DK,1.6703374727386882,0.5986814139782174,0.5386591251146507,108,PENDING
2025-10-17T09:30:24.557465+00:00,NBA,ML,"pinnacle,sbo,isn",1.952856897767234,0.5120702910404409,0.6,0.0879297089595591,PB,1.6687882877779217,0.5992371874394876,0.5267852107703724,17,PENDING
2025-10-17T09:30:24.569371+00:00,NBA,ML,"pinnacle,sbo,isn",1.8815243053697615,0.5314839660301267,0.6,0.06851603396987327,PB,1.6707878597042887,0.5985200300515645,0.5277648202169138,49,PENDING
2025-10-17T09:30:24.581712+00:00,NBA,ML,"pinnacle,sbo,isn",1.8350133996867757,0.5449551486494285,0.6,0.055044851350571466,PB,1.6456319061043991,0.6076693070245807,0.5535934287864104,106,PENDING
2025-10-17T09:30:24.593810+00:00,NBA,ML,"pinnacle,sbo,isn",1.8665479298731595,0.5357483641301162,0.6,0.0642516358698838,DK,1.662034352933283,0.6016722808617794,0.5487488100771057,143,PENDING
2025-10-17T09:30:24.605829+00:00,NBA,ML,"pinnacle,sbo,isn",2.0085883551722614,0.4978620917645604,0.6,0.10213790823543956,FD,1.6727874891932066,0.5978045666053521,0.5153014370262383,137,PENDING
2025-10-17T09:30:24.617790+00:00,NBA,ML,"pinnacle,sbo,isn",1.803041354349617,0.5546184493148879,0.6,0.04538155068511207,MGM,1.6675914269335428,0.5996672709207039,0.5476442110818851,159,PENDING
2025-10-17T09:30:24.631754+00:00,NBA,ML,"pinnacle,sbo,isn",1.8213020490813399,0.5490577471783977,0.6,0.05094225282160225,MGM,1.6640229355635165,0.6009532552875257,0.5607702181130709,150,PENDING
2025-10-17T09:30:24.644814+00:00,NBA,ML,"pinnacle,sbo,isn",1.93466962526048,0.5168841165143956,0.6,0.08311588348560439,MGM,1.6451151068898817,0.6078602012782662,0.5162145847854136,73,PENDING
2025-10-17T09:30:24.657151+00:00,NBA,ML,"pinnacle,sbo,isn",1.8981616099625955,0.5268255320049938,0.6,0.07317446799500615,MGM,1.6755685969419076,0.5968123309455114,0.5198362277192063,79,PENDING
2025-10-17T09:30:24.669106+00:00,NBA,ML,"pinnacle,sbo,isn",1.8512686596352466,0.5401701124228122,0.6,0.05982988757718777,PB,1.6573971169928758,0.6033557013869829,0.5432902071383247,166,PENDING
2025-10-17T09:30:24.680980+00:00,NBA,ML,"pinnacle,sbo,isn",1.8774648830834055,0.5326331315223729,0.6,0.06736686847762707,FD,1.6709047317309846,0.5984781663548486,0.5333534672546987,136,PENDING
2025-10-17T09:30:24.693063+00:00,NBA,ML,"pinnacle,sbo,isn",1.8948865850045333,0.527736070281804,0.6,0.07226392971819595,PB,1.6584971388380267,0.6029555171259555,0.5336451335097375,56,PENDING
2025-10-17T09:30:24.705204+00:00,NBA,ML,"pinnacle,sbo,isn",1.8151070637506581,0.5509316888082864,0.6,0.04906831119171362,PB,1.678508318857078,0.5957670800707829,0.5452222521930684,152,PENDING
2025-10-17T09:30:24.717495+00:00,NBA,ML,"pinnacle,sbo,isn",1.8797366567948002,0.5319894126580116,0.6,0.0680105873419884,MGM,1.6699286063004997,0.5988279955365065,0.5346928450508288,85,PENDING
2025-10-17T09:30:24.730104+00:00,NBA,ML,"pinnacle,sbo,isn",1.7912677738139349,0.5582638255534615,0.6,0.04173617444653843,DK,1.6720086488091617,0.5980830306782325,0.5682620680225645,77,PENDING
2025-10-17T09:30:24.742917+00:00,NBA,ML,"pinnacle,sbo,isn",1.8557022072793594,0.5388795659547647,0.6,0.06112043404523526,FD,1.6564026540357095,0.6037179411440629,0.5306570657818616,128,PENDING
2025-10-17T09:30:24.755097+00:00,NBA,ML,"pinnacle,sbo,isn",1.9392720623163817,0.5156574053903198,0.6,0.08434259460968019,FD,1.6853311557316921,0.593355197047815,0.5242253452159851,153,PENDING
2025-10-17T09:30:24.767063+00:00,NBA,ML,"sbo,isn",1.9420050117391157,0.5149317298128259,0.6,0.08506827018717411,FD,1.663822062131338,0.6010258084443302,0.49489650689216075,184,PENDING
2025-10-17T09:30:24.779894+00:00,NBA,ML,"pinnacle,sbo,isn",1.844959405903675,0.542017345639208,0.6,0.057982654360791974,DK,1.6850555470471973,0.5934522465756974,0.5259947502286187,69,PENDING
2025-10-17T09:30:24.792730+00:00,NBA,ML,"pinnacle,sbo,isn",2.0033316994164307,0.49916846036594903,0.6,0.10083153963405095,FD,1.6727951833079258,0.597801816969915,0.5044103387940767,131,PENDING
2025-10-17T09:30:24.805129+00:00,NBA,ML,"pinnacle,sbo,isn",1.9334337874865402,0.5172145053387103,0.6,0.0827854946612897,PB,1.6674219196641022,0.599728232073048,0.5124967450023269,138,PENDING
2025-10-17T09:30:24.817293+00:00,NBA,ML,"pinnacle,sbo,isn",1.9144574737370135,0.5223411925928049,0.6,0.07765880740719511,DK,1.657517515860366,0.6033118747954412,0.5237236069133917,150,PENDING
2025-10-17T09:30:24.829557+00:00,NBA,ML,"pinnacle,sbo,isn",1.819106287527086,0.5497204901421189,0.6,0.0502795098578811,PB,1.656936675222518,0.6035233663143494,0.5479243760038043,127,PENDING
2025-10-17T09:30:24.841653+00:00,NBA,ML,"pinnacle,sbo,isn",1.8092140116717579,0.5527262079271515,0.6,0.04727379207284843,DK,1.6739366748592142,0.5973941637213395,0.5500678200079978,115,PENDING
2025-10-17T09:30:24.853694+00:00,NBA,ML,"pinnacle,sbo,isn",1.9116967294034959,0.5230955227464498,0.6,0.07690447725355021,FD,1.6488525689275866,0.6064823616403738,0.5082736687720215,26,PENDING
2025-10-17T09:30:24.865797+00:00,NBA,ML,"pinnacle,sbo,isn",1.959365258186772,0.5103693636608705,0.6,0.08963063633912949,MGM,1.6627193146698667,0.6014244203319129,0.512347264480289,163,PENDING
2025-10-17T09:30:24.877875+00:00,NBA,ML,"pinnacle,sbo,isn",1.9433941395237395,0.5145636593537667,0.6,0.08543634064623329,MGM,1.6560478783626158,0.6038472758340356,0.5280995182494607,123,PENDING
2025-10-17T09:30:24.889999+00:00,NBA,ML,"pinnacle,sbo,isn",1.8498988831052638,0.5405700869019323,0.6,0.059429913098067666,DK,1.646354269923014,0.607402682562825,0.5316887483645958,105,PENDING
2025-10-17T09:30:24.902519+00:00,NBA,ML,"pinnacle,isn",1.7932041370814835,0.5576609931469056,0.6,0.04233900685309433,FD,1.6476882974348541,0.6069109075768852,0.5615892678295048,78,PENDING
2025-10-17T09:30:24.914708+00:00,NBA,ML,"pinnacle,sbo",1.8708377625561907,0.5345198926462043,0.6,0.06548010735379572,FD,1.6416195762829846,0.6091545291292376,0.5438028625618891,95,PENDING
2025-10-17T09:30:24.926625+00:00,NBA,ML,"pinnacle,sbo,isn",1.9313140730492142,0.5177821743002013,0.6,0.08221782569979863,MGM,1.6576286773123072,0.6032714163834377,0.5220610787071506,112,PENDING
2025-10-17T09:30:24.938495+00:00,NBA,ML,"pinnacle,sbo,isn",1.8711836094805172,0.5344210984605742,0.6,0.0655789015394258,DK,1.6852133049435405,0.5933966917223591,0.5309932369519303,60,PENDING
2025-10-17T09:30:24.950629+00:00,NBA,ML,"pinnacle,sbo,isn",1.8879251657311467,0.5296820118464414,0.6,0.07031798815355861,DK,1.6822922519465893,0.5944270377771131,0.5335157829782661,114,PENDING
2025-10-17T09:30:24.964006+00:00,NBA,ML,"pinnacle,sbo,isn",1.8994644926728481,0.526464171274316,0.6,0.07353582872568398,PB,1.6960217004049478,0.5896150973547312,0.5271579826256437,126,PENDING
2025-10-17T09:30:24.975944+00:00,NBA,ML,"sbo,isn",1.8351920636769479,0.5449020948774285,0.6,0.05509790512257151,MGM,1.6713055196014384,0.5983346481369087,0.5446434663978899,132,PENDING
2025-10-17T09:30:24.988173+00:00,NBA,ML,"pinnacle,sbo,isn",1.8026679457611088,0.5547333341958258,0.6,0.045266665804174155,PB,1.638364152088325,0.6103649171799564,0.5435594930659298,101,PENDING
2025-10-17T09:30:25.000082+00:00,NBA,ML,isn,1.833515729952044,0.5454002840903662,0.6,0.05459971590963375,FD,1.6821705792306854,0.5944700331504635,0.53577937292695,133,PENDING
2025-10-17T09:30:25.012426+00:00,NBA,ML,"pinnacle,sbo,isn",1.9038441994094915,0.5252530644630303,0.6,0.07474693553696965,FD,1.669244615353112,0.5990733717529231,0.5314447756327842,106,PENDING
2025-10-17T09:30:25.024511+00:00,NBA,ML,"sbo,isn",1.9552786000175588,0.5114360684922444,0.6,0.08856393150775554,DK,1.6667547138506142,0.5999683046881886,0.5374128057582027,128,PENDING
2025-10-17T09:30:25.036858+00:00,NBA,ML,"pinnacle,sbo,isn",1.78944535934269,0.5588323749473558,0.6,0.04116762505264415,PB,1.6747722446632876,0.597096114523351,0.5582645430034289,113,PENDING
2025-10-17T09:30:25.048866+00:00,NBA,ML,"pinnacle,sbo,isn",1.926211112238294,0.5191538942156662,0.6,0.08084610578433382,FD,1.6549230953257312,0.6042576859459288,0.5258097465788004,163,PENDING
2025-10-17T09:30:25.060797+00:00,NBA,ML,"pinnacle,sbo,isn",1.8437333215104166,0.5423777876839496,0.6,0.05762221231605036,FD,1.672995687135763,0.5977301721034565,0.5392910571284855,157,PENDING
2025-10-17T09:30:25.072727+00:00,NBA,ML,"pinnacle,sbo,isn",1.905308540052855,0.5248493768742878,0.6,0.07515062312571219,MGM,1.6394677330944734,0.6099540599756199,0.5098987685720158,174,PENDING
2025-10-17T09:30:25.084952+00:00,NBA,ML,"pinnacle,sbo,isn",1.869883171582422,0.5347927695149703,0.6,0.06520723048502963,PB,1.646056618679953,0.6075125172802045,0.5051474811365538,98,PENDING
2025-10-17T09:30:25.097579+00:00,NBA,ML,"pinnacle,sbo",1.9125400530953698,0.5228648667417657,0.6,0.07713513325823429,FD,1.658930902022974,0.6027978614302474,0.5275156688367687,57,PENDING
2025-10-17T09:30:25.109647+00:00,NBA,ML,"pinnacle,sbo,isn",1.917228070070127,0.5215863545975638,0.6,0.07841364540243623,FD,1.6654716816884763,0.6004305032591052,0.5294944158144645,133,PENDING
2025-10-17T09:30:25.121716+00:00,NBA,ML,"pinnacle,sbo,isn",1.8391896947603443,0.543717705057229,0.6,0.05628229494277093,MGM,1.6792303238250026,0.5955109229579473,0.560007074533469,81,PENDING
2025-10-17T09:30:25.133773+00:00,NBA,ML,"pinnacle,sbo,isn",1.8078631302226995,0.553139219049628,0.6,0.04686078095037194,MGM,1.6640133421100574,0.6009567199334753,0.5671774329702937,102,PENDING
2025-10-17T09:30:25.147886+00:00,NBA,ML,"pinnacle,sbo,isn",1.841916017521512,0.5429129181175172,0.6,0.05708708188248279,MGM,1.670260912584154,0.5987088558833865,0.5585600983342163,105,PENDING
2025-10-17T09:30:25.161266+00:00,NBA,ML,"pinnacle,sbo,isn",1.8089499856225362,0.5528068813112363,0.6,0.047193118688763636,MGM,1.6729728535011912,0.5977383302467842,0.5371492905894312,145,PENDING
2025-10-17T09:30:25.173510+00:00,NBA,ML,"pinnacle,sbo,isn",1.9477566515846299,0.5134111590307924,0.6,0.0865888409692076,PB,1.6340635541386768,0.6119713015245023,0.5055455012797507,52,PENDING
2025-10-17T09:30:25.185556+00:00,NBA,ML,"pinnacle,sbo,isn",1.8258122743149006,0.5477014335305802,0.6,0.05229856646941977,DK,1.6641811202806243,0.6008961331272488,0.5451676578411001,113,PENDING
2025-10-17T09:30:25.197490+00:00,NBA,ML,"pinnacle,sbo,isn",1.8218085225366383,0.548905105904119,0.6,0.05109489409588097,MGM,1.6765421937299174,0.5964657517955048,0.5555317656079738,135,PENDING
2025-10-17T09:30:25.209699+00:00,NBA,ML,"pinnacle,sbo,isn",1.8208269547617084,0.5492010085773746,0.6,0.05079899142262534,FD,1.6954191860200623,0.5898246334863446,0.5483300668668495,107,PENDING
2025-10-17T09:30:25.221713+00:00,NBA,ML,"pinnacle,sbo,isn",1.8569995389306855,0.5385030954697109,0.6,0.06149690453028911,FD,1.6495597452918491,0.6062223589380054,0.5296151223374017,117,PENDING
2025-10-17T09:30:25.234076+00:00,NBA,ML,"pinnacle,sbo,isn",1.8978022958397018,0.526925276775229,0.6,0.07307472322477093,DK,1.6561016314840837,0.6038276763871485,0.5359271224154287,149,PENDING
2025-10-17T09:30:25.246023+00:00,NBA,ML,"pinnacle,sbo,isn",1.8280247679111794,0.5470385399332774,0.6,0.05296146006672253,MGM,1.6743186926618585,0.5972578603958509,0.5489182758081385,62,PENDING
2025-10-17T09:30:25.257968+00:00,NBA,ML,"pinnacle,sbo,isn",1.9018323908560293,0.5258086910329108,0.6,0.07419130896708914,MGM,1.6542638949850585,0.6044984739324387,0.5277071249612852,61,PENDING
2025-10-17T09:30:25.269842+00:00,NBA,ML,"pinnacle,sbo,isn",1.8060394988890367,0.5536977461540226,0.6,0.046302253845977415,MGM,1.6631668461791815,0.6012625866715148,0.5573322895324133,23,PENDING
2025-10-17T09:30:25.282030+00:00,NBA,ML,"pinnacle,sbo,isn",1.842706243020448,0.5426800955321359,0.6,0.05731990446786406,PB,1.651907792560364,0.6053606651071343,0.5498240603584426,199,PENDING
2025-10-17T09:30:25.294127+00:00,NBA,ML,"pinnacle,sbo,isn",1.9422114603858647,0.5148769948053582,0.6,0.08512300519464178,DK,1.6699432117030477,0.5988227581584503,0.5309881562903545,71,PENDING
2025-10-17T09:30:25.306182+00:00,NBA,ML,"pinnacle,sbo,isn",1.9525851430745715,0.5121415593818276,0.6,0.08785844061817238,DK,1.6440370562696738,0.6082587957408964,0.4993308673133693,103,PENDING
2025-10-17T09:30:25.318202+00:00,NBA,ML,"pinnacle,sbo,isn",1.8758796889448097,0.5330832280414018,0.6,0.06691677195859813,FD,1.6700298244956673,0.5987917014008958,0.5153336074449806,140,PENDING
2025-10-17T09:30:25.330916+00:00,NBA,ML,"pinnacle,sbo,isn",1.8145642317028414,0.5510965015890179,0.6,0.04890349841098207,MGM,1.657995522289524,0.6031379376821846,0.5447303487579955,141,PENDING
2025-10-17T09:30:25.342991+00:00,NBA,ML,"pinnacle,sbo,isn",1.8785655459854436,0.5323210585529118,0.6,0.06767894144708819,FD,1.6435798846296719,0.608427986586924,0.5377014029521943,78,PENDING
2025-10-17T09:30:25.355104+00:00,NBA,ML,"pinnacle,sbo,isn",1.9151843236381512,0.5221429538961373,0.6,0.07785704610386268,MGM,1.6728887274118251,0.5977683892622847,0.5140769648530635,68,PENDING
2025-10-17T09:30:25.367065+00:00,NBA,ML,"pinnacle,sbo,isn",1.8540000790437303,0.5393743027863231,0.6,0.06062569721367683,FD,1.6581826194929867,0.6030698840069645,0.5538860912765338,102,PENDING
2025-10-17T09:30:25.379121+00:00,NBA,ML,"pinnacle,sbo,isn",1.747503707836391,0.5722448516221542,0.6,0.027755148377845762,DK,1.6581044098498967,0.603098329670643,0.5769562145561535,98,PENDING
2025-10-17T09:30:25.391048+00:00,NBA,ML,"sbo,isn",1.879409910492389,0.5320819020997972,0.6,0.06791809790020276,DK,1.6523383314852071,0.6052029302625621,0.5079540987905024,184,PENDING
2025-10-17T09:30:25.403154+00:00,NBA,ML,"pinnacle,sbo,isn",1.9163962675416082,0.521812746631374,0.6,0.07818725336862598,FD,1.6401934248399572,0.6096841902031009,0.5187079068694146,108,PENDING
2025-10-17T09:30:25.415579+00:00,NBA,ML,"pinnacle,sbo,isn",1.8056213593952883,0.5538259695459656,0.6,0.04617403045403434,PB,1.6747551919367274,0.5971021942876176,0.5590710432988265,60,PENDING
2025-10-17T09:30:25.427540+00:00,NBA,ML,"pinnacle,isn",1.8575168476639499,0.5383531251722534,0.6,0.061646874827746556,PB,1.6690584320235637,0.5991401983378147,0.5349798735515684,114,PENDING
2025-10-17T09:30:25.439667+00:00,NBA,ML,"pinnacle,isn",1.9458991916990636,0.5139012361307623,0.6,0.08609876386923765,PB,1.6492018650887896,0.6063539104390729,0.49659452007569016,126,PENDING
2025-10-17T09:30:25.451648+00:00,NBA,ML,"pinnacle,sbo,isn",1.8544732865513833,0.5392366701920094,0.6,0.060763329807990596,PB,1.6642511069580268,0.6008708636690248,0.5559155463032046,75,PENDING
2025-10-17T09:30:25.465262+00:00,NBA,ML,"pinnacle,sbo,isn",1.8573669480929476,0.5383965731848251,0.6,0.06160342681517483,DK,1.6546833499056401,0.6043452362393239,0.5401705343311946,168,PENDING
2025-10-17T09:30:25.477525+00:00,NBA,ML,"pinnacle,sbo,isn",1.8058360158176994,0.5537601372665008,0.6,0.046239862733499226,PB,1.6664227742164865,0.6000878141323872,0.5447359063185756,106,PENDING
2025-10-17T09:30:25.489796+00:00,NBA,ML,"pinnacle,sbo,isn",1.8856839996606058,0.5303115475233309,0.6,0.0696884524766691,PB,1.644525077864387,0.6080782916966033,0.5351322158785862,99,PENDING
2025-10-17T09:30:25.501745+00:00,NBA,ML,"pinnacle,sbo,isn",1.8829712739830131,0.5310755473633536,0.6,0.06892445263664637,FD,1.6704581857270195,0.5986381512236287,0.5239367991229887,67,PENDING
2025-10-17T09:30:25.514032+00:00,NBA,ML,"pinnacle,sbo,isn",1.825655011556958,0.5477486127826409,0.6,0.05225138721735911,FD,1.7004287110711642,0.5880869885865796,0.5519504987698902,135,PENDING
2025-10-17T09:30:25.526109+00:00,NBA,ML,"pinnacle,sbo,isn",1.8807452339693005,0.5317041255446951,0.6,0.06829587445530483,DK,1.6753938659321344,0.5968745739937592,0.5442213756303471,99,PENDING
2025-10-17T09:30:25.538385+00:00,NBA,ML,"pinnacle,sbo,isn",1.8263921652888997,0.5475275348883352,0.6,0.05247246511166481,PB,1.660641203417943,0.6021770373647198,0.5427365031792154,151,PENDING
2025-10-17T09:30:25.550350+00:00,NBA,ML,"pinnacle,sbo,isn",1.9319707051000543,0.5176061921436905,0.6,0.08239380785630945,MGM,1.6607878413131,0.6021238686389654,0.5207469643823885,110,PENDING
2025-10-17T09:30:25.562508+00:00,NBA,ML,"pinnacle,sbo,isn",1.904756458247726,0.5250015011997631,0.6,0.0749984988002369,FD,1.6552632128993356,0.6041335252345844,0.5171773378601486,27,PENDING
2025-10-17T09:30:25.574840+00:00,NBA,ML,"pinnacle,sbo,isn",1.8233732208325757,0.5484340718481031,0.6,0.05156592815189687,PB,1.6638782195458068,0.6010055232725942,0.5595637307647058,110,PENDING
2025-10-17T09:30:25.587381+00:00,NBA,ML,"pinnacle,sbo,isn",1.964238967730806,0.5091030248500026,0.6,0.0908969751499974,MGM,1.6813670496369983,0.5947541318927932,0.49934343668885356,83,PENDING
2025-10-17T09:30:25.599538+00:00,NBA,ML,"pinnacle,sbo,isn",1.89585426462457,0.5274667038808634,0.6,0.07253329611913661,FD,1.675708295562262,0.5967625765464526,0.5273302359629104,148,PENDING
2025-10-17T09:30:25.611788+00:00,NBA,ML,"pinnacle,sbo,isn",1.839017598862145,0.5437685863467157,0.6,0.05623141365328432,DK,1.6637455452264966,0.6010534500718158,0.5316096771056743,57,PENDING
2025-10-17T09:30:25.623970+00:00,NBA,ML,"pinnacle,sbo,isn",1.8231099125839194,0.5485132811233997,0.6,0.05148671887660028,PB,1.6525882633722728,0.6051114014082366,0.5475514917541664,165,PENDING
2025-10-17T09:30:25.635934+00:00,NBA,ML,"pinnacle,sbo,isn",1.8941768585275125,0.5279338069716341,0.6,0.07206619302836592,PB,1.6539466256960558,0.6046144322094763,0.5425455956388373,131,PENDING
2025-10-17T09:30:25.648104+00:00,NBA,ML,"pinnacle,sbo,isn",1.9539016929683133,0.5117964755334378,0.6,0.08820352446656221,DK,1.6512612813011518,0.6055976793763526,0.5162746127006649,122,PENDING
2025-10-17T09:30:25.662386+00:00,NBA,ML,"pinnacle,sbo,isn",1.915791418112392,0.5219774921976051,0.6,0.07802250780239484,DK,1.6705387489401422,0.5986092813677268,0.5235586830466562,151,PENDING
2025-10-17T09:30:25.675532+00:00,NBA,ML,"pinnacle,sbo,isn",1.8015760447556253,0.5550695475281172,0.6,0.044930452471882765,PB,1.6360283739956185,0.6112363427767042,0.5650870015046323,167,PENDING
2025-10-17T09:30:25.687872+00:00,NBA,ML,"pinnacle,sbo,isn",1.8266348410755866,0.5474547936527724,0.6,0.05254520634722759,MGM,1.6680432864025094,0.599504825894964,0.5567631759162777,191,PENDING
2025-10-17T09:30:25.700555+00:00,NBA,ML,"pinnacle,sbo,isn",1.8279003668765685,0.5470757696212697,0.6,0.052924230378730286,PB,1.654353716970342,0.6044656531079243,0.5471902825379762,108,PENDING
2025-10-17T09:30:25.712774+00:00,NBA,ML,"pinnacle,sbo,isn",1.8730093357033029,0.533900168535202,0.6,0.06609983146479803,MGM,1.6918350878360149,0.5910741579896394,0.5452606553707562,83,PENDING
2025-10-17T09:30:25.724780+00:00,NBA,ML,"pinnacle,sbo,isn",1.9695927280941847,0.507719177541653,0.6,0.09228082245834701,MGM,1.6728358850076805,0.5977872718789797,0.5202158302120907,145,PENDING
2025-10-17T09:30:25.737089+00:00,NBA,ML,"pinnacle,sbo,isn",1.8396219627914687,0.5435899441440597,0.6,0.05641005585594028,MGM,1.671413360938565,0.5982960429599894,0.5257538328469179,123,PENDING
2025-10-17T09:30:25.749370+00:00,NBA,ML,"pinnacle,sbo,isn",1.7938571776624634,0.5574579807424125,0.6,0.04254201925758749,DK,1.6903572577385033,0.5915909169034959,0.5747479341512696,174,PENDING
2025-10-17T09:30:25.761388+00:00,NBA,ML,"pinnacle,sbo,isn",1.9015663844542128,0.525882245382151,0.6,0.07411775461784897,FD,1.6668340887692101,0.5999397340969909,0.5279102181511288,76,PENDING
2025-10-17T09:30:25.773520+00:00,NBA,ML,"pinnacle,sbo,isn",1.8740922634030828,0.5335916590275782,0.6,0.06640834097242176,PB,1.6487685677916342,0.6065132605841723,0.5330796879094123,116,PENDING
2025-10-17T09:30:25.785419+00:00,NBA,ML,"pinnacle,sbo,isn",1.84352760668355,0.5424383103212485,0.6,0.057561689678751526,DK,1.6668256462617532,0.5999427728045427,0.5449261834192592,121,PENDING
2025-10-17T09:30:25.797740+00:00,NBA,ML,"pinnacle,sbo,isn",1.9211782355470548,0.5205139125028919,0.6,0.07948608749710806,PB,1.6645713614203894,0.6007552593880346,0.5130529299363668,69,PENDING
2025-10-17T09:30:25.809906+00:00,NBA,ML,"pinnacle,sbo,isn",1.821901846810345,0.5488769890379815,0.6,0.051123010962018434,FD,1.6422153458851918,0.6089335375568403,0.5476501426630302,159,PENDING
2025-10-17T09:30:25.822235+00:00,NBA,ML,"pinnacle,sbo,isn",1.9732979421204584,0.5067658454685379,0.6,0.09323415453146211,FD,1.667207303189472,0.5998054339654927,0.49831539218884635,76,PENDING
2025-10-17T09:30:25.834226+00:00,NBA,ML,"pinnacle,sbo,isn",1.8211057959116665,0.5491169169001455,0.6,0.050883083099854454,DK,1.6847401534542663,0.5935633444419747,0.5601167134035664,114,PENDING
2025-10-17T09:30:25.846360+00:00,NBA,ML,"pinnacle,sbo,isn",1.9244826743289964,0.5196201625190868,0.6,0.08037983748091315,PB,1.669689238234867,0.5989138440259474,0.5175993300651928,96,PENDING
2025-10-17T09:30:25.858358+00:00,NBA,ML,"pinnacle,sbo,isn",1.887279252707169,0.5298632931854523,0.6,0.07013670681454764,MGM,1.6579889448048042,0.6031403304186268,0.5329778215284867,103,PENDING
2025-10-17T09:30:25.870206+00:00,NBA,ML,"pinnacle,sbo,isn",1.7698723749676468,0.5650124913771141,0.6,0.03498750862288591,MGM,1.6509901165061445,0.6056971450054579,0.5602000801384599,177,PENDING
2025-10-17T09:30:25.882357+00:00,NBA,ML,"pinnacle,sbo,isn",1.941980740194982,0.5149381656069341,0.6,0.08506183439306592,MGM,1.6506814739753601,0.6058103975636714,0.4937716211172288,45,PENDING
2025-10-17T09:30:25.894376+00:00,NBA,ML,"pinnacle,sbo,isn",1.9504179440513023,0.5127106234076447,0.6,0.08728937659235525,MGM,1.6650347819581777,0.6005880542771256,0.5248525216969298,13,PENDING
2025-10-17T09:30:25.906800+00:00,NBA,ML,"pinnacle,sbo,isn",1.8875512973638904,0.5297869262660975,0.6,0.07021307373390251,FD,1.6511488837412023,0.6056389038244585,0.5259888611481985,89,PENDING
2025-10-17T09:30:25.918918+00:00,NBA,ML,"pinnacle,sbo,isn",1.8771937344730814,0.5327100669663671,0.6,0.06728993303363284,MGM,1.686731537055612,0.5928625735815775,0.5510839337212423,106,PENDING
2025-10-17T09:30:25.930904+00:00,NBA,ML,"pinnacle,sbo,isn",1.8033468610944938,0.5545244908642125,0.6,0.04547550913578746,MGM,1.6913847183607382,0.5912315448664945,0.5535915043676776,125,PENDING
2025-10-17T09:30:25.943182+00:00,NBA,ML,"sbo,isn",1.8841601726347772,0.5307404405017314,0.6,0.06925955949826856,PB,1.6785745525238762,0.595743572125776,0.5236677952022167,158,PENDING
2025-10-17T09:30:25.956888+00:00,NBA,ML,"pinnacle,sbo,isn",1.8147515351857624,0.5510396220150532,0.6,0.04896037798494679,DK,1.6793824095088217,0.5954569932005395,0.5513504778927647,131,PENDING
2025-10-17T09:30:25.969270+00:00,NBA,ML,"pinnacle,sbo,isn",1.8655380568081634,0.5360383811793938,0.6,0.06396161882060614,FD,1.6725899474003305,0.5978751705128192,0.5166687118523396,146,PENDING
2025-10-17T09:30:25.981433+00:00,NBA,ML,"pinnacle,sbo,isn",1.8596082576782766,0.5377476658704997,0.6,0.062252334129500264,MGM,1.6658557940914829,0.6002920562192934,0.5385874759036443,92,PENDING
2025-10-17T09:30:25.993967+00:00,NBA,ML,"pinnacle,sbo,isn",1.812223225160785,0.5518084009276933,0.6,0.048191599072306635,PB,1.6610337724151298,0.6020347187438627,0.5459596595783633,118,PENDING
2025-10-17T09:30:26.006097+00:00,NBA,ML,"pinnacle,sbo,isn",1.8419822347730503,0.5428934009904876,0.6,0.057106599009512427,FD,1.6767872328880047,0.5963785866127188,0.5435234246738345,44,PENDING
2025-10-17T09:30:26.018342+00:00,NBA,ML,"pinnacle,sbo,isn",1.824345458065532,0.5481417982427312,0.6,0.05185820175726874,DK,1.66360331697656,0.6011048365889318,0.5471075971069849,118,PENDING
2025-10-17T09:30:26.030568+00:00,NBA,ML,"pinnacle,sbo,isn",1.8222405882192416,0.5487749567565255,0.6,0.05122504324347443,PB,1.6513762314663252,0.6055555245045877,0.5370552408275175,76,PENDING
2025-10-17T09:30:26.042647+00:00,NBA,ML,pinnacle,1.8902307524085058,0.5290359384566217,0.6,0.07096406154337831,FD,1.6606972980032781,0.6021566971911976,0.5040189400150251,51,PENDING
2025-10-17T09:30:26.055150+00:00,NBA,ML,"pinnacle,sbo,isn",1.9235016179895,0.5198851878509098,0.6,0.08011481214909022,PB,1.6610138403158528,0.6020419431362736,0.5202709990807189,107,PENDING
2025-10-17T09:30:26.067457+00:00,NBA,ML,"pinnacle,sbo",1.8486729819747596,0.5409285523996765,0.6,0.05907144760032346,DK,1.6547754782186033,0.6043115897973776,0.5457173077848811,58,PENDING
2025-10-17T09:30:26.079412+00:00,NBA,ML,"pinnacle,sbo,isn",1.8709584953796237,0.5344854001141788,0.6,0.0655145998858212,PB,1.6646213673402366,0.6007372124495908,0.5503681611856714,95,PENDING
2025-10-17T09:30:26.091379+00:00,NBA,ML,"pinnacle,sbo,isn",1.8273985743805652,0.5472259932888318,0.6,0.052774006711168164,MGM,1.649117086342164,0.6063850822248511,0.5479251890987801,76,PENDING
2025-10-17T09:30:26.103534+00:00,NBA,ML,"pinnacle,sbo,isn",1.9161694087647008,0.5218745249902884,0.6,0.07812547500971156,PB,1.6744189766024684,0.5972220895567494,0.5156528479877458,159,PENDING
2025-10-17T09:30:26.115711+00:00,NBA,ML,"pinnacle,sbo,isn",1.897834387094655,0.5269163667810203,0.6,0.0730836332189797,FD,1.6533992623966662,0.6048145918188335,0.5322105008522775,174,PENDING
2025-10-17T09:30:26.127930+00:00,NBA,ML,"pinnacle,sbo,isn",1.84150111200924,0.5430352409121881,0.6,0.056964759087811845,PB,1.6547113050071751,0.6043350262816171,0.544227499523462,97,PENDING
2025-10-17T09:30:26.140049+00:00,NBA,ML,"pinnacle,sbo,isn",1.835655146784186,0.5447646317184694,0.6,0.05523536828153053,MGM,1.6643127764533376,0.6008485989821019,0.5489025548903715,110,PENDING
2025-10-17T09:30:26.151922+00:00,NBA,ML,"pinnacle,sbo,isn",1.8517880368319655,0.5400186091010706,0.6,0.0599813908989294,FD,1.6729167402920189,0.5977583796701342,0.5516716844565424,185,PENDING
2025-10-17T09:30:26.166073+00:00,NBA,ML,"pinnacle,sbo,isn",1.8182997743858131,0.5499643205630276,0.6,0.0500356794369724,MGM,1.6508342784861942,0.6057543225459278,0.5490855531388714,157,PENDING
2025-10-17T09:30:26.180181+00:00,NBA,ML,"pinnacle,sbo,isn",1.8708861860035777,0.5345060578677487,0.6,0.06549394213225124,MGM,1.6790693074316951,0.5955680302021602,0.5394137249576869,168,PENDING
2025-10-17T09:30:26.192462+00:00,NBA,ML,"pinnacle,sbo,isn",1.9256761932682531,0.5192981060345365,0.6,0.08070189396546346,DK,1.6713442195287858,0.5983207937153349,0.4899921622760088,135,PENDING
2025-10-17T09:30:26.204518+00:00,NBA,ML,"pinnacle,sbo,isn",1.8395157618722833,0.543621327268317,0.6,0.056378672731682955,MGM,1.6729649419269805,0.5977411569952951,0.5483966206409849,73,PENDING
2025-10-17T09:30:26.216645+00:00,NBA,ML,"pinnacle,sbo,isn",1.8909752415235639,0.5288276536049712,0.6,0.07117234639502878,DK,1.6599710333526623,0.6024201506578634,0.551256856729001,119,PENDING
2025-10-17T09:30:26.228662+00:00,NBA,ML,"pinnacle,sbo,isn",1.9223414816256281,0.520198939448755,0.6,0.07980106055124503,MGM,1.668488476946135,0.5993448644190329,0.5101754996418469,115,PENDING
2025-10-17T09:30:26.241134+00:00,NBA,ML,"pinnacle,sbo,isn",1.8809149197522756,0.5316561581273991,0.6,0.0683438418726009,MGM,1.663121002575173,0.6012791603567041,0.5242342371874247,156,PENDING
2025-10-17T09:30:26.253593+00:00,NBA,ML,"pinnacle,sbo,isn",1.8193550137359895,0.5496453371937183,0.6,0.05035466280628165,PB,1.6651932214074279,0.6005309096531128,0.55187655737778,144,PENDING
2025-10-17T09:30:26.265549+00:00,NBA,ML,"sbo,isn",1.8899688891734143,0.5291092386379725,0.6,0.07089076136202743,PB,1.6821519861352645,0.5944766039229873,0.5249858699159252,63,PENDING
2025-10-17T09:30:26.277532+00:00,NBA,ML,"pinnacle,sbo,isn",1.8485262405915335,0.5409714928796452,0.6,0.05902850712035479,FD,1.6456745076883585,0.6076535762862835,0.5432663100342813,149,PENDING
2025-10-17T09:41:49.048763+00:00,NBA,ML,"PINN,SBO,ISN",0.5550631226752923,0.5469635499464898,0.5704474354417541,0.015384312766461794,AC,1.80159689798919,1
2025-10-17T09:38:49.048763+00:00,EPL,OU,"PINN,SBO,ISN",0.5010393230958722,0.5026477292875803,0.5199485327721051,0.018909209676232885,AC,1.9958513312310486,0
2025-10-17T09:34:49.048763+00:00,NBA,OU,"PINN,SBO,ISN",0.5219128716309883,0.48538161038582905,0.5378386656125484,0.015925793981560132,AC,1.916028621549378,0
2025-10-17T09:32:49.048763+00:00,NHL,AH,"PINN,SBO,ISN",0.46179280942382106,0.4500004455816344,0.48523046520082563,0.023437655777004573,AC,2.1654733022969763,1
2025-10-17T09:31:49.048763+00:00,NHL,OU,"PINN,SBO,ISN",0.5099305258203387,0.4967406106024735,0.5323068224070512,0.022376296586712474,AC,1.9610514557669863,0
2025-10-17T09:28:49.048763+00:00,NBA,AH,"PINN,SBO,ISN",0.4342470782067336,0.4081754142734827,0.47528289607646207,0.041035817869728486,AC,2.3028364499989253,0
2025-10-17T09:27:49.048763+00:00,NBA,OU,"PINN,SBO,ISN",0.49421922597466544,0.4844358859985141,0.505563700265518,0.011344474290852558,AC,2.0233935618912198,1
2025-10-17T09:26:49.048763+00:00,NBA,ML,"PINN,SBO,ISN",0.5323280153975647,0.5151157698227259,0.551452032863696,0.01912401746613135,AC,1.8785409955423038,0
2025-10-17T09:25:49.048763+00:00,NHL,OU,"PINN,SBO,ISN",0.5410167830134052,0.5408901469147218,0.5601387377313509,0.019121954717945755,AC,1.848371494928693,1
2025-10-17T09:23:49.048763+00:00,EPL,OU,"PINN,SBO,ISN",0.48113563476252663,0.5059656350637761,0.49790900141678734,0.016773366654260713,AC,2.0784159969642833,0
2025-10-17T09:22:49.048763+00:00,NBA,AH,"PINN,SBO,ISN",0.5098655344894132,0.5201966126467952,0.5237253582982796,0.013859823808866412,AC,1.9613014262699962,1
2025-10-17T09:21:49.048763+00:00,NHL,OU,"PINN,SBO,ISN",0.4417054582302578,0.4626756387310404,0.45257173327314776,0.01086627504288995,AC,2.263952100584429,1
2025-10-17T09:19:49.048763+00:00,NBA,OU,"PINN,SBO,ISN",0.5257252399173092,0.531351035979634,0.53747101474076,0.011745774823450739,AC,1.9021342786534063,1
2025-10-17T09:18:49.048763+00:00,NBA,OU,"PINN,SBO,ISN",0.5532473336546587,0.5322094694285009,0.566490590319428,0.01324325666476922,AC,1.8075098408412895,0
2025-10-17T09:16:49.048763+00:00,NHL,AH,"PINN,SBO,ISN",0.501623842967709,0.5038914593817048,0.5131757137632874,0.0115518707955784,AC,1.9935256547691114,1
2025-10-17T09:15:49.048763+00:00,EPL,ML,"PINN,SBO,ISN",0.6034728676973116,0.5930477545815792,0.6217074499390606,0.01823458224174901,AC,1.657075327704008,0
2025-10-17T09:14:49.048763+00:00,NHL,ML,"PINN,SBO,ISN",0.4333007799037666,0.4272630414567375,0.45032889595479075,0.017028116051024167,AC,2.307865682176002,0
2025-10-17T09:13:49.048763+00:00,NBA,ML,"PINN,SBO,ISN",0.5020334173685228,0.507710020243232,0.5299378527552915,0.027904435386768678,AC,1.9918992748363993,1
2025-10-17T09:11:49.048763+00:00,NHL,ML,"PINN,SBO,ISN",0.5228114107005116,0.5172156335373658,0.5430886034827255,0.02027719278221385,AC,1.9127356051010946,1
2025-10-17T09:09:49.048763+00:00,NHL,ML,"PINN,SBO,ISN",0.4964943876945547,0.5032918648066156,0.5245890277674861,0.028094640072931387,AC,2.014121457935198,1
2025-10-17T09:08:49.048763+00:00,NBA,AH,"PINN,SBO,ISN",0.4791933425491327,0.4976192701130392,0.5058566347379976,0.026663292188864873,AC,2.086840344401212,1
2025-10-17T09:05:49.048763+00:00,NHL,OU,"PINN,SBO,ISN",0.47274079919124107,0.4564842497607763,0.4828123228392412,0.010071523648000125,AC,2.1153240881912185,0
2025-10-17T09:01:49.048763+00:00,NBA,OU,"PINN,SBO,ISN",0.4099183272364265,0.4032435992849444,0.438393766430436,0.028475439194009466,AC,2.439510345247957,0
2025-10-17T09:00:49.048763+00:00,EPL,ML,"PINN,SBO,ISN",0.48010806121181937,0.4761372281366591,0.49517139488030115,0.015063333668481782,AC,2.082864423221607,1
2025-10-17T08:59:49.048763+00:00,NBA,ML,"PINN,SBO,ISN",0.48157126161320646,0.4838445745123036,0.49316260731763095,0.011591345704424494,AC,2.0765358726974674,1
2025-10-17T08:56:49.048763+00:00,NBA,AH,"PINN,SBO,ISN",0.5621526704422628,0.5680400184835894,0.5762473867692102,0.014094716326947365,AC,1.778876188942177,1
2025-10-17T08:54:49.048763+00:00,NHL,AH,"PINN,SBO,ISN",0.45725605532327257,0.45658363813058056,0.4678750302364634,0.010618974913190804,AC,2.186958463115412,0
2025-10-17T08:51:49.048763+00:00,NHL,AH,"PINN,SBO,ISN",0.3804708409653837,0.3707158452560903,0.4166723830786754,0.036201542113291685,AC,2.628322311015111,1
2025-10-17T08:50:49.048763+00:00,NBA,OU,"PINN,SBO,ISN",0.5012798853910779,0.4967783640283531,0.5124789418198943,0.011199056428816356,AC,1.9948935298288324,1
2025-10-17T08:46:49.048763+00:00,EPL,AH,"PINN,SBO,ISN",0.5658703780830672,0.5827989055515446,0.5851924498771675,0.019322071794100282,AC,1.7671891633338062,1
2025-10-17T08:40:49.048763+00:00,NBA,AH,"PINN,SBO,ISN",0.4942380018654905,0.4965353185666426,0.5065829549063909,0.012344953040900442,AC,2.023316694033081,0
2025-10-17T08:38:49.048763+00:00,NHL,OU,"PINN,SBO,ISN",0.507118376199787,0.5163761668443746,0.5204313843707375,0.013313008170950602,AC,1.9719261752921273,0
2025-10-17T08:37:49.048763+00:00,NBA,AH,"PINN,SBO,ISN",0.5819461672860742,0.5960209333605121,0.5998110555433814,0.017864888257307254,AC,1.718372001079643,1
2025-10-17T08:36:49.048763+00:00,EPL,AH,"PINN,SBO,ISN",0.5038560779853714,0.5292532514440685,0.5186587184827153,0.014802640497343922,AC,1.9846937323817166,0
2025-10-17T08:35:49.048763+00:00,NBA,ML,"PINN,SBO,ISN",0.5918219494623458,0.590856884889405,0.6207006854073465,0.028878735945000678,AC,1.6896973843374226,1
2025-10-17T08:33:49.048763+00:00,EPL,ML,"PINN,SBO,ISN",0.5313550241965476,0.5504860302659013,0.5477801420261529,0.016425117829605318,AC,1.8819808874717654,1
2025-10-17T08:29:49.048763+00:00,EPL,ML,"PINN,SBO,ISN",0.42492623835739396,0.41798640396156445,0.4445560978789758,0.01962985952158186,AC,2.3533496163137073,0
2025-10-17T08:28:49.048763+00:00,NHL,AH,"PINN,SBO,ISN",0.48546995697938417,0.5085731793753062,0.5151059380305774,0.029635981051193194,AC,2.0598597001183037,1
2025-10-17T08:25:49.048763+00:00,EPL,ML,"PINN,SBO,ISN",0.42533597331715367,0.4283088636177495,0.445588764345168,0.020252791028014305,AC,2.351082585846426,1
2025-10-17T08:24:49.048763+00:00,NBA,ML,"PINN,SBO,ISN",0.47404933139750766,0.4904171145658198,0.4877974676468683,0.013748136249360665,AC,2.109485097367353,1
2025-10-17T08:23:49.048763+00:00,EPL,AH,"PINN,SBO,ISN",0.5684582179714345,0.5639386068930358,0.5966134717374245,0.02815525376599004,AC,1.7591442403076507,1
2025-10-17T08:21:49.048763+00:00,NBA,OU,"PINN,SBO,ISN",0.5440518714823254,0.5384088091995713,0.5591129037086395,0.015061032226314164,AC,1.8380600314367028,0
2025-10-17T08:19:49.048763+00:00,EPL,OU,"PINN,SBO,ISN",0.4109188193523997,0.41049441670230885,0.433654347568787,0.022735528216387302,AC,2.433570702787429,1
2025-10-17T08:18:49.048763+00:00,NBA,AH,"PINN,SBO,ISN",0.48429138106390035,0.4654545200543965,0.510296861494191,0.026005480430290606,AC,2.0648725934440155,0
2025-10-17T08:15:49.048763+00:00,NHL,AH,"PINN,SBO,ISN",0.5283585597123835,0.5246039506835334,0.5478325496980379,0.019473989985654305,AC,1.8926541107696986,0
2025-10-17T08:13:49.048763+00:00,EPL,OU,"PINN,SBO,ISN",0.6081711628247893,0.6135958887276196,0.6230932562743039,0.014922093449514562,AC,1.6442739497138807,0
2025-10-17T08:10:49.048763+00:00,NHL,OU,"PINN,SBO,ISN",0.5067831345992438,0.5209513192240832,0.5260087427619797,0.019225608162735885,AC,1.9732306221886888,1
2025-10-17T08:09:49.048763+00:00,EPL,OU,"PINN,SBO,ISN",0.3989745870044818,0.3868679347362486,0.4155908084294011,0.01661622142491931,AC,2.5064253026941956,0
2025-10-17T08:05:49.048763+00:00,NHL,AH,"PINN,SBO,ISN",0.512241003917156,0.5148831246826199,0.5335124163483395,0.021271412431183467,AC,1.9522060755638542,0
2025-10-17T07:59:49.048763+00:00,EPL,AH,"PINN,SBO,ISN",0.4802207068531086,0.4778090112341104,0.4992147380071994,0.018994031154090818,AC,2.0823758445424203,0
2025-10-17T07:58:49.048763+00:00,NHL,AH,"PINN,SBO,ISN",0.5205802418835773,0.5299540611787085,0.5358761284006226,0.015295886517045276,AC,1.9209334499169106,1
2025-10-17T07:57:49.048763+00:00,NHL,ML,"PINN,SBO,ISN",0.5202077235463977,0.5225647415550195,0.5422845361986753,0.022076812652277678,AC,1.9223090214476781,0
2025-10-17T07:54:49.048763+00:00,NHL,ML,"PINN,SBO,ISN",0.4882805460680293,0.47857388712497206,0.5225908501538999,0.03431030408587066,AC,2.048002952508937,1
2025-10-17T07:53:49.048763+00:00,NBA,AH,"PINN,SBO,ISN",0.43331745844458147,0.4315309030059737,0.4515926110398338,0.01827515259525231,AC,2.307776851617193,1
2025-10-17T07:50:49.048763+00:00,NHL,OU,"PINN,SBO,ISN",0.5518527991228883,0.5421445227377928,0.5695232171645718,0.017670418041683456,AC,1.8120774264249349,0
2025-10-17T07:49:49.048763+00:00,EPL,AH,"PINN,SBO,ISN",0.4849493722381288,0.47154087898533453,0.5022132548411543,0.017263882603025527,AC,2.0620709237849297,1
2025-10-17T07:48:49.048763+00:00,NBA,AH,"PINN,SBO,ISN",0.4833946980582994,0.47012305128754,0.49759835169316374,0.014203653634864366,AC,2.0687028716218894,0
2025-10-17T07:47:49.048763+00:00,NBA,AH,"PINN,SBO,ISN",0.5472060345360016,0.5460200755943639,0.5671108244115983,0.01990478987559674,AC,1.8274652267823417,0
2025-10-17T07:45:49.048763+00:00,EPL,OU,"PINN,SBO,ISN",0.4581630154768914,0.4647359805622107,0.4850510617991892,0.0268880463222978,AC,2.182629252514245,0
2025-10-17T07:43:49.048763+00:00,NBA,OU,"PINN,SBO,ISN",0.4687908676421191,0.4753901236667189,0.4855314753680996,0.016740607725980516,AC,2.1331473563674725,1
2025-10-17T07:41:49.048763+00:00,EPL,OU,"PINN,SBO,ISN",0.5009518610614729,0.508115837068765,0.5212168197990338,0.020264958737560845,AC,1.996199790297391,0
2025-10-17T07:40:49.048763+00:00,NBA,AH,"PINN,SBO,ISN",0.5129141618273837,0.4899466253833118,0.5273349159572921,0.014420754129908397,AC,1.949643964668966,0
2025-10-17T07:38:49.048763+00:00,NBA,AH,"PINN,SBO,ISN",0.5666226576028276,0.5682702208163682,0.5943915910178915,0.027768933415063923,AC,1.7648429454456214,1
2025-10-17T07:37:49.048763+00:00,NHL,AH,"PINN,SBO,ISN",0.5458170067135933,0.5611781862691796,0.5830020413427127,0.03718503462911937,AC,1.8321158697877111,0
2025-10-17T07:33:49.048763+00:00,EPL,AH,"PINN,SBO,ISN",0.4184306949952791,0.41568447638828776,0.43208908844325045,0.013658393447971373,AC,2.389882032940443,0
2025-10-17T07:31:49.048763+00:00,NHL,ML,"PINN,SBO,ISN",0.48462265651074166,0.5095958334864273,0.4969816329689933,0.012358976458251625,AC,2.0634611002299166,0
2025-10-17T07:30:49.048763+00:00,EPL,ML,"PINN,SBO,ISN",0.5611479094662264,0.5452537489208485,0.5905273541002397,0.02937944463401332,AC,1.782061348052098,1
2025-10-17T07:27:49.048763+00:00,EPL,AH,"PINN,SBO,ISN",0.5545970923548376,0.5640238886303723,0.5716599617885294,0.01706286943369184,AC,1.8031107876061285,0
2025-10-17T07:24:49.048763+00:00,NBA,ML,"PINN,SBO,ISN",0.5059655582682535,0.5442095516096902,0.529960259619597,0.023994701351343517,AC,1.9764191132350133,1
2025-10-17T07:23:49.048763+00:00,EPL,OU,"PINN,SBO,ISN",0.403805733769437,0.4256875430433925,0.4294109227367888,0.02560518896735181,AC,2.4764383374778305,1
2025-10-17T07:22:49.048763+00:00,EPL,ML,"PINN,SBO,ISN",0.5897878290322941,0.6057653678407328,0.6064645614432204,0.016676732410926265,AC,1.6955249850455028,1
2025-10-17T07:18:49.048763+00:00,NHL,ML,"PINN,SBO,ISN",0.5033780655884188,0.505426168914677,0.5285030596522958,0.025124994063877026,AC,1.9865784156309232,0
2025-10-17T07:14:49.048763+00:00,NBA,OU,"PINN,SBO,ISN",0.5145117336777396,0.5104932131579069,0.5291596246264935,0.01464789094875385,AC,1.9435902712110782,0
2025-10-17T07:13:49.048763+00:00,EPL,ML,"PINN,SBO,ISN",0.5312479511935292,0.5268618926374902,0.5554113368496463,0.024163385656117087,AC,1.882360200643312,0
2025-10-17T07:12:49.048763+00:00,NBA,ML,"PINN,SBO,ISN",0.5313248861020278,0.5200850936998758,0.5428320678555467,0.011507181753518947,AC,1.8820876381987777,0
2025-10-17T07:11:49.048763+00:00,NHL,OU,"PINN,SBO,ISN",0.562506886599954,0.589835169057477,0.58048644424484,0.017979557644886013,AC,1.777756012987596,1
2025-10-17T07:10:49.048763+00:00,EPL,ML,"PINN,SBO,ISN",0.5010911702011992,0.5335960530055488,0.5141712701838685,0.013080099982669346,AC,1.9956448236724624,0
2025-10-17T07:07:49.048763+00:00,EPL,ML,"PINN,SBO,ISN",0.4374357783970773,0.4338094144887711,0.45858721537618247,0.021151436979105154,AC,2.2860498600831445,1
2025-10-17T07:05:49.048763+00:00,NHL,ML,"PINN,SBO,ISN",0.4849935461614451,0.47443589261641916,0.5017015593957257,0.016708013234280616,AC,2.061883107341637,0
2025-10-17T07:04:49.048763+00:00,NBA,AH,"PINN,SBO,ISN",0.5226857127385377,0.5126404950849011,0.5348870970546835,0.012201384316145814,AC,1.9131955889144965,0
2025-10-17T07:03:49.048763+00:00,NBA,AH,"PINN,SBO,ISN",0.4506718779606728,0.4293963919558276,0.46393520167810465,0.01326332371743183,AC,2.218909252836192,1
2025-10-17T06:59:49.048763+00:00,NBA,OU,"PINN,SBO,ISN",0.47435902700245275,0.4795507024331289,0.4989642916729237,0.024605264670470972,AC,2.10810787415421,1
2025-10-17T06:57:49.048763+00:00,NBA,OU,"PINN,SBO,ISN",0.38447067156919196,0.3844266663186625,0.39695491974280417,0.012484248173612211,AC,2.600978628405036,1
2025-10-17T06:56:49.048763+00:00,EPL,AH,"PINN,SBO,ISN",0.49251798002238234,0.48429411163132025,0.508132913677449,0.01561493365506661,AC,2.030382728270256,1
2025-10-17T06:55:49.048763+00:00,NHL,AH,"PINN,SBO,ISN",0.5081122418495919,0.5442722322919323,0.5303734818339804,0.022261239984388448,AC,1.9680690950485178,1
2025-10-17T06:54:49.048763+00:00,EPL,AH,"PINN,SBO,ISN",0.5074979006727827,0.5094320623992172,0.5264920293432027,0.018994128670420052,AC,1.970451500733923,1
2025-10-17T06:52:49.048763+00:00,EPL,AH,"PINN,SBO,ISN",0.5373777505594434,0.5508684298086073,0.5656591344110747,0.02828138385163137,AC,1.8608883582525297,0
2025-10-17T06:50:49.048763+00:00,EPL,OU,"PINN,SBO,ISN",0.5278304579718069,0.5298595651629977,0.5550444013972582,0.027213943425451248,AC,1.8945477376248967,1
2025-10-17T06:49:49.048763+00:00,EPL,OU,"PINN,SBO,ISN",0.4932527203700376,0.4975447463418835,0.5061260085258728,0.01287328815583516,AC,2.0273583068123804,0
2025-10-17T06:48:49.048763+00:00,EPL,ML,"PINN,SBO,ISN",0.5532954626976748,0.5418426941615242,0.5969918137913226,0.04369635109364778,AC,1.8073526125161958,1
2025-10-17T06:47:49.048763+00:00,NBA,ML,"PINN,SBO,ISN",0.5904424795800253,0.6227134382595441,0.6059033194543418,0.015460839874316568,AC,1.6936450790452748,1
2025-10-17T06:46:49.048763+00:00,NHL,AH,"PINN,SBO,ISN",0.41081372525620463,0.39427655885689156,0.4345287701103623,0.023715044854157652,AC,2.4341932572392717,1
2025-10-17T06:45:49.048763+00:00,NBA,ML,"PINN,SBO,ISN",0.483323068292972,0.518146680801314,0.4951317590567935,0.011808690763821517,AC,2.069009458894352,0
2025-10-17T06:42:49.048763+00:00,EPL,ML,"PINN,SBO,ISN",0.42382197143341593,0.42815275903054795,0.4345034333791623,0.010681461945746373,AC,2.3594812619503465,1
2025-10-17T06:41:49.048763+00:00,EPL,OU,"PINN,SBO,ISN",0.5743919864971352,0.5806003392984856,0.5856593533863481,0.011267366889212926,AC,1.7409713636473019,0
2025-10-17T06:40:49.048763+00:00,EPL,ML,"PINN,SBO,ISN",0.5890574190750972,0.5777406607461333,0.6057164693815563,0.01665905030645909,AC,1.6976273748833182,1
2025-10-17T06:39:49.048763+00:00,NBA,OU,"PINN,SBO,ISN",0.5098302758970008,0.4978090900756622,0.5328954399463575,0.023065164049356657,AC,1.96143706499303,0
2025-10-17T06:38:49.048763+00:00,EPL,AH,"PINN,SBO,ISN",0.5056445050612218,0.4924055422043704,0.5160254627774229,0.010380957716201067,AC,1.9776740179919945,1
2025-10-17T06:37:49.048763+00:00,EPL,ML,"PINN,SBO,ISN",0.5588619880362162,0.5809624319833068,0.5699539197947961,0.01109193175857992,AC,1.7893505398602927,1
2025-10-17T06:33:49.048763+00:00,NHL,ML,"PINN,SBO,ISN",0.5466680630644304,0.5210378908777733,0.5585056919942567,0.011837628929826316,AC,1.8292636200372654,0
2025-10-17T06:32:49.048763+00:00,EPL,OU,"PINN,SBO,ISN",0.5122157567085072,0.4783405423950891,0.528801640052248,0.01658588334374078,AC,1.9523023001595832,1
2025-10-17T06:31:49.048763+00:00,NHL,OU,"PINN,SBO,ISN",0.41870440827603006,0.4167289616592398,0.4343417552128497,0.01563734693681962,AC,2.3883197316154168,1
2025-10-17T06:25:49.048763+00:00,NHL,OU,"PINN,SBO,ISN",0.44534920156867086,0.4482217277349664,0.4636124549447851,0.01826325337611423,AC,2.245428972315794,1
2025-10-17T06:22:49.048763+00:00,EPL,AH,"PINN,SBO,ISN",0.6003179053164823,0.5940187892108693,0.6184139615759188,0.018096056259436444,AC,1.665784063983247,0
2025-10-17T06:21:49.048763+00:00,EPL,ML,"PINN,SBO,ISN",0.5827566980892938,0.5849507868223166,0.6100504288111234,0.027293730721829612,AC,1.7159819926201407,0
2025-10-17T06:19:49.048763+00:00,NHL,ML,"PINN,SBO,ISN",0.5919453021958507,0.6045402584758656,0.6029977321976329,0.011052430001782132,AC,1.689345276143674,0
2025-10-17T06:17:49.048763+00:00,NBA,AH,"PINN,SBO,ISN",0.40153498919336356,0.40659379802251855,0.4190287829599241,0.017493793766560517,AC,2.4904429923003275,1
2025-10-17T06:15:49.048763+00:00,NHL,OU,"PINN,SBO,ISN",0.4658004716804658,0.42833586573911625,0.4825637334709074,0.01676326179044163,AC,2.14684196517085,1
2025-10-17T06:14:49.048763+00:00,NHL,ML,"PINN,SBO,ISN",0.5446294266038568,0.5201770283910482,0.5576031990696221,0.012973772465765254,AC,1.8361108510711501,1
2025-10-17T06:13:49.048763+00:00,EPL,OU,"PINN,SBO,ISN",0.5034754936445559,0.4954149577436587,0.5267587071048255,0.023283213460269625,AC,1.9861939908161268,0
2025-10-17T06:10:49.048763+00:00,EPL,AH,"PINN,SBO,ISN",0.5233248311053786,0.5095182742875146,0.5471879477288514,0.023863116623472735,AC,1.9108590698587284,1
2025-10-17T06:08:49.048763+00:00,NHL,AH,"PINN,SBO,ISN",0.5052562898024767,0.501796912045449,0.5278439210317555,0.02258763122927876,AC,1.9791935700413286,0
2025-10-17T06:07:49.048763+00:00,NHL,ML,"PINN,SBO,ISN",0.5032666685449597,0.5130845388791956,0.5218408659272835,0.018574197382323798,AC,1.9870181406831322,1
2025-10-17T06:06:49.048763+00:00,NHL,ML,"PINN,SBO,ISN",0.5210995122530366,0.5138467454357498,0.5491642125672982,0.02806470031426156,AC,1.9190192592512307,1
2025-10-17T06:05:49.048763+00:00,NHL,OU,"PINN,SBO,ISN",0.4771966116351404,0.4848144207486261,0.500607979102267,0.023411367467126576,AC,2.0955722979118505,0
2025-10-17T06:04:49.048763+00:00,NHL,ML,"PINN,SBO,ISN",0.5447155017297649,0.5542542087319723,0.5601518812831375,0.015436379553372626,AC,1.8358207115906593,0
2025-10-17T05:57:49.048763+00:00,NBA,AH,"PINN,SBO,ISN",0.5784189543821054,0.6001059887982538,0.6003179228345528,0.02189896845244732,AC,1.7288506754904798,0
2025-10-17T05:56:49.048763+00:00,NBA,AH,"PINN,SBO,ISN",0.4513810408001675,0.49010488601821384,0.4732884266048424,0.021907385804674884,AC,2.215423133916503,0
2025-10-17T05:55:49.048763+00:00,NHL,OU,"PINN,SBO,ISN",0.5223222298744962,0.547087460236638,0.5345000744812071,0.012177844606710897,AC,1.9145269774182891,1
2025-10-17T05:53:49.048763+00:00,NBA,AH,"PINN,SBO,ISN",0.4452046832354631,0.4899975138846615,0.45565038134358626,0.01044569810812318,AC,2.2461578632386323,0
2025-10-17T05:52:49.048763+00:00,EPL,AH,"PINN,SBO,ISN",0.4908976917508124,0.4855387332016172,0.5090793858697708,0.01818169411895837,AC,2.0370843391694256,0
2025-10-17T05:51:49.048763+00:00,NHL,AH,"PINN,SBO,ISN",0.4961556848378869,0.48009409220037563,0.5140746340649983,0.017918949227111403,AC,2.015496406791627,1
2025-10-17T05:49:49.048763+00:00,NHL,OU,"PINN,SBO,ISN",0.5331013305099775,0.5386278692058886,0.5580902872665063,0.02498895675652879,AC,1.8758159898857802,0
2025-10-17T05:46:49.048763+00:00,NBA,OU,"PINN,SBO,ISN",0.4238081288484726,0.42751184948363297,0.44084126035803317,0.017033131509560595,AC,2.3595583282394705,0
2025-10-17T05:42:49.048763+00:00,NHL,ML,"PINN,SBO,ISN",0.5651791392868399,0.5702875555883893,0.5791071248689519,0.013927985582111946,AC,1.7693505129397205,1
2025-10-17T05:41:49.048763+00:00,NHL,OU,"PINN,SBO,ISN",0.5378475465847047,0.5235868521105701,0.5691844687628727,0.03133692217816797,AC,1.8592629200410635,1
2025-10-17T05:40:49.048763+00:00,EPL,ML,"PINN,SBO,ISN",0.5641663913749558,0.5635301447041471,0.6126089590911394,0.048442567716183604,AC,1.7725267142604046,0
2025-10-17T05:39:49.048763+00:00,NHL,ML,"PINN,SBO,ISN",0.501961113676535,0.4950709913654602,0.5229272518836514,0.020966138207116458,AC,1.992186192822105,0
2025-10-17T05:38:49.048763+00:00,NHL,AH,"PINN,SBO,ISN",0.6263420121265032,0.6094453778068162,0.6429964776742212,0.01665446554771799,AC,1.596571810032166,0
2025-10-17T05:36:49.048763+00:00,NBA,OU,"PINN,SBO,ISN",0.4493837031020529,0.43601117239139275,0.46649273356113957,0.017109030459086683,AC,2.2252698375510622,1
2025-10-17T05:33:49.048763+00:00,NHL,AH,"PINN,SBO,ISN",0.49148627659285204,0.4878401853058484,0.5083778530250735,0.0168915764322215,AC,2.034644806223962,0
2025-10-17T05:32:49.048763+00:00,NHL,AH,"PINN,SBO,ISN",0.4990880761245676,0.4988793834586845,0.5152695258994371,0.01618144977486946,AC,2.0036543604989063,1
2025-10-17T05:31:49.048763+00:00,EPL,OU,"PINN,SBO,ISN",0.5463442231382206,0.5716858549392596,0.5612513810282894,0.0149071578900688,AC,1.8303478972578213,1
2025-10-17T05:29:49.048763+00:00,NBA,OU,"PINN,SBO,ISN",0.4581548246891588,0.47076698407726614,0.49241813115648403,0.03426330646732523,AC,2.182668273063507,1
2025-10-17T05:28:49.048763+00:00,NBA,AH,"PINN,SBO,ISN",0.5547909955449488,0.5651023884706987,0.5648493897111541,0.010058394166205242,AC,1.8024805882397934,1
2025-10-17T05:27:49.048763+00:00,EPL,AH,"PINN,SBO,ISN",0.4693068945021835,0.4648415868301783,0.4974330086887188,0.028126114186535323,AC,2.1308018520817775,0
2025-10-17T05:25:49.048763+00:00,NHL,OU,"PINN,SBO,ISN",0.5300288932650845,0.5140812712452305,0.5445539228293887,0.014525029564304237,AC,1.8866895988250736,1
2025-10-17T05:24:49.048763+00:00,EPL,ML,"PINN,SBO,ISN",0.48664834967777965,0.48974910916570574,0.501576148103366,0.014927798425586392,AC,2.054871861092556,0
2025-10-17T05:22:49.048763+00:00,NBA,AH,"PINN,SBO,ISN",0.5550176904005871,0.5645168496081654,0.5811587721746346,0.026141081774047503,AC,1.8017443719284774,0
2025-10-17T05:21:49.048763+00:00,NHL,OU,"PINN,SBO,ISN",0.4723995748204412,0.467232051143513,0.4875876922036267,0.015188117383185484,AC,2.1168520322654807,1
2025-10-17T05:17:49.048763+00:00,NHL,AH,"PINN,SBO,ISN",0.5652038224689386,0.5717742963417078,0.5781979600943581,0.012994137625419455,AC,1.769273243113914,1
2025-10-17T05:16:49.048763+00:00,NHL,AH,"PINN,SBO,ISN",0.4957495302027749,0.48862064385252646,0.5168814298977669,0.021131899694991962,AC,2.01714765032853,1
2025-10-17T05:14:49.048763+00:00,NHL,ML,"PINN,SBO,ISN",0.5553120398299005,0.5680023652891015,0.5859774188210717,0.030665378991171166,AC,1.8007893369398462,0
2025-10-17T05:08:49.048763+00:00,EPL,AH,"PINN,SBO,ISN",0.4997807561752219,0.4954719601764746,0.5114813480568441,0.011700591881622202,AC,2.0008773600106413,0
2025-10-17T05:05:49.048763+00:00,NHL,OU,"PINN,SBO,ISN",0.4906967946652378,0.48442522870878996,0.5009647199269227,0.010267925261684907,AC,2.037918345650124,0
2025-10-17T05:04:49.048763+00:00,EPL,OU,"PINN,SBO,ISN",0.5398364356634269,0.532946720385843,0.5543200625503145,0.014483626886887646,AC,1.8524129420257813,0
2025-10-17T05:02:49.048763+00:00,EPL,AH,"PINN,SBO,ISN",0.5775793517979511,0.5945432653671198,0.5963613372179608,0.01878198542000975,AC,1.7313638323238054,0
2025-10-17T05:01:49.048763+00:00,NBA,OU,"PINN,SBO,ISN",0.5076854127365107,0.520911433181854,0.5231205600862696,0.015435147349758926,AC,1.9697237204626976,0
2025-10-17T04:58:49.048763+00:00,EPL,AH,"PINN,SBO,ISN",0.4666100353648805,0.4713615000274357,0.4925500860030135,0.025940050638132983,AC,2.143117216109633,1
2025-10-17T04:57:49.048763+00:00,NBA,ML,"PINN,SBO,ISN",0.40922193431839604,0.40212442431490214,0.435795308324305,0.02657337400590898,AC,2.443661778945475,1
2025-10-17T04:55:49.048763+00:00,NBA,AH,"PINN,SBO,ISN",0.5950662896645134,0.5904369622390795,0.6090903812950381,0.01402409163052476,AC,1.6804850440507735,0
2025-10-17T04:54:49.048763+00:00,EPL,AH,"PINN,SBO,ISN",0.5485510542370093,0.5460832636833937,0.5653370320316107,0.016785977794601337,AC,1.8229843736075215,1
2025-10-17T04:53:49.048763+00:00,EPL,OU,"PINN,SBO,ISN",0.4440479564258258,0.4700504433979448,0.47203621029560394,0.027988253869778157,AC,2.252009012830669,1
2025-10-17T04:52:49.048763+00:00,EPL,OU,"PINN,SBO,ISN",0.5675082655072102,0.5515442594458575,0.5807914817922392,0.013283216285028931,AC,1.7620888730250484,0
2025-10-17T04:51:49.048763+00:00,NBA,OU,"PINN,SBO,ISN",0.5183250660806273,0.48576666815757885,0.5422783160660785,0.02395324998545112,AC,1.9292912217454796,1
2025-10-17T04:47:49.048763+00:00,NBA,OU,"PINN,SBO,ISN",0.5233278609214517,0.5400221922961349,0.5450686379977995,0.021740777076347806,AC,1.9108480069057396,0
2025-10-17T04:46:49.048763+00:00,EPL,OU,"PINN,SBO,ISN",0.5675065804236091,0.5462691372308257,0.58971948706298,0.022212906639370922,AC,1.7620941051530379,0
2025-10-17T04:44:49.048763+00:00,EPL,OU,"PINN,SBO,ISN",0.44836605701815485,0.45597982497785866,0.4816844740229043,0.03331841700474947,AC,2.230320481105261,1
2025-10-17T04:43:49.048763+00:00,EPL,AH,"PINN,SBO,ISN",0.5323871983234045,0.5257335278022217,0.5570343905363453,0.02464719221294076,AC,1.8783321671693143,1
2025-10-17T04:40:49.048763+00:00,EPL,ML,"PINN,SBO,ISN",0.5145488429815104,0.5173609596644697,0.5430022302768851,0.02845338729537472,AC,1.9434500993250385,0
2025-10-17T04:39:49.048763+00:00,NBA,OU,"PINN,SBO,ISN",0.440107211855935,0.44193415642923,0.45601324836715457,0.01590603651121958,AC,2.272173627382731,1
2025-10-17T04:38:49.048763+00:00,EPL,ML,"PINN,SBO,ISN",0.4721918855500717,0.46661891820541623,0.48580809695446603,0.01361621140439434,AC,2.1177831102181424,1
2025-10-17T04:36:49.048763+00:00,EPL,ML,"PINN,SBO,ISN",0.5551769193172212,0.5546995337615949,0.5716667452322838,0.01648982591506254,AC,1.801227618089455,0
2025-10-17T04:34:49.048763+00:00,EPL,ML,"PINN,SBO,ISN",0.49553708246359296,0.49390834181247356,0.5159255975469696,0.02038851508337669,AC,2.0180124462702946,1
2025-10-17T04:29:49.048763+00:00,EPL,ML,"PINN,SBO,ISN",0.44194538405059364,0.44836865559790845,0.46232920368516417,0.020383819634570532,AC,2.2627230334088537,1
2025-10-17T04:28:49.048763+00:00,EPL,AH,"PINN,SBO,ISN",0.5622378562759603,0.5824355784339659,0.5789065873632101,0.016668731087249755,AC,1.7786066676897243,0
2025-10-17T04:27:49.048763+00:00,NHL,AH,"PINN,SBO,ISN",0.522407836518257,0.5309294196717006,0.5363410858087698,0.013933249290512872,AC,1.914213245086059,0
2025-10-17T04:26:49.048763+00:00,NHL,OU,"PINN,SBO,ISN",0.48743861039181113,0.48884344629585963,0.5115779701612516,0.024139359769440483,AC,2.051540396433068,1
2025-10-17T04:24:49.048763+00:00,NBA,OU,"PINN,SBO,ISN",0.511901189392435,0.506266363124094,0.530132992222101,0.018231802829665966,AC,1.9535020053125476,0
2025-10-17T04:20:49.048763+00:00,EPL,OU,"PINN,SBO,ISN",0.43988090363307747,0.45130682861800464,0.46450457946550283,0.024623675832425362,AC,2.273342606466364,1
2025-10-17T04:18:49.048763+00:00,NHL,ML,"PINN,SBO,ISN",0.5847955699379322,0.5733674648855352,0.6003793151893891,0.015583745251456893,AC,1.7099992739448007,0
2025-10-17T04:15:49.048763+00:00,NBA,AH,"PINN,SBO,ISN",0.4769774944190212,0.45212006803849236,0.4960483835252035,0.019070889106182265,AC,2.096534976389279,0
2025-10-17T04:13:49.048763+00:00,NBA,ML,"PINN,SBO,ISN",0.5399419068046425,0.5461597765561046,0.5510090976659963,0.01106719086135377,AC,1.8520510954927825,1
2025-10-17T04:10:49.048763+00:00,NHL,OU,"PINN,SBO,ISN",0.5045287397585704,0.48514044301174997,0.524083986230655,0.01955524647208462,AC,1.9820476440619121,0
2025-10-17T04:09:49.048763+00:00,NBA,AH,"PINN,SBO,ISN",0.5474306308570303,0.5199921238228298,0.5614950521411216,0.014064421284091355,AC,1.826715466093758,0
2025-10-17T04:08:49.048763+00:00,NHL,OU,"PINN,SBO,ISN",0.5938577881095876,0.5799049165795991,0.6062458839496635,0.012388095840075941,AC,1.683904833821031,0
2025-10-17T04:06:49.048763+00:00,NBA,AH,"PINN,SBO,ISN",0.49177153772419663,0.5000904078589478,0.5083750851153146,0.016603547391117968,AC,2.033464573057167,0
2025-10-17T04:05:49.048763+00:00,NHL,OU,"PINN,SBO,ISN",0.44016968611914004,0.4340495610043837,0.46429054682378246,0.02412086070464242,AC,2.271851132722783,1
2025-10-17T04:03:49.048763+00:00,NBA,OU,"PINN,SBO,ISN",0.49838712574708716,0.4894430858088602,0.5112224300041273,0.012835304257040103,AC,2.0064723752664966,0
2025-10-17T04:01:49.048763+00:00,EPL,OU,"PINN,SBO,ISN",0.4637625577820367,0.42325136818532866,0.4761195681305284,0.012357010348491737,AC,2.1562758424969464,1
2025-10-17T04:00:49.048763+00:00,NHL,AH,"PINN,SBO,ISN",0.518390677490641,0.5262417066134457,0.5337270718901711,0.015336394399530051,AC,1.9290470361864365,1
2025-10-17T03:59:49.048763+00:00,NHL,ML,"PINN,SBO,ISN",0.5359309655125236,0.5150979067758416,0.5575925755083225,0.021661609995798914,AC,1.8659119632015964,0
2025-10-17T03:58:49.048763+00:00,NBA,AH,"PINN,SBO,ISN",0.5445181005313793,0.5456849132027779,0.5631184708809187,0.01860037034953943,AC,1.8364862417321468,0
2025-10-17T03:53:49.048763+00:00,NBA,OU,"PINN,SBO,ISN",0.5631595024201254,0.5729484972746749,0.5753615475163184,0.012202045096193048,AC,1.7756958653855497,1
2025-10-17T03:52:49.048763+00:00,EPL,AH,"PINN,SBO,ISN",0.4579465332900557,0.45455456741098776,0.4695160198976362,0.011569486607580504,AC,2.1836610331246176,0
2025-10-17T03:50:49.048763+00:00,NHL,OU,"PINN,SBO,ISN",0.5507273054760509,0.5533617293688999,0.5647452131588805,0.014017907682829622,AC,1.8157806777631917,0
2025-10-17T03:48:49.048763+00:00,NBA,ML,"PINN,SBO,ISN",0.5010746428794498,0.4779598246720427,0.5248839658201413,0.02380932294069149,AC,1.9957106475263873,0
2025-10-17T03:46:49.048763+00:00,EPL,OU,"PINN,SBO,ISN",0.497516951986576,0.5003693772322206,0.5093049692168647,0.011788017230288772,AC,2.0099817624445127,1
2025-10-17T03:45:49.048763+00:00,NHL,ML,"PINN,SBO,ISN",0.627313549216983,0.6275557672828738,0.6439406419089361,0.01662709269195306,AC,1.5940991570295377,1
2025-10-17T03:44:49.048763+00:00,NBA,ML,"PINN,SBO,ISN",0.5423282837182256,0.5565880464867663,0.5554820066392557,0.01315372292103012,AC,1.8439016183038763,1
2025-10-17T03:42:49.048763+00:00,EPL,OU,"PINN,SBO,ISN",0.37562692144437354,0.3602696796727985,0.3982992119961948,0.02267229055182124,AC,2.662215999201457,0
2025-10-17T03:41:49.048763+00:00,EPL,OU,"PINN,SBO,ISN",0.49683591190193704,0.4961204771626566,0.5130728617966903,0.016236949894753272,AC,2.012736954081884,0
2025-10-17T03:38:49.048763+00:00,NHL,AH,"PINN,SBO,ISN",0.5202147217667018,0.5009900309873236,0.5425585657619245,0.022343843995222712,AC,1.9222831614682085,1
2025-10-17T03:34:49.048763+00:00,NHL,AH,"PINN,SBO,ISN",0.5673043564603456,0.5840216010807131,0.592489099047584,0.02518474258723835,AC,1.7627222294562084,1
2025-10-17T03:33:49.048763+00:00,EPL,AH,"PINN,SBO,ISN",0.4497113001419556,0.4429345228511483,0.48810142007804835,0.03839011993609276,AC,2.22364881577212,1
2025-10-17T03:29:49.048763+00:00,EPL,OU,"PINN,SBO,ISN",0.5365566572395548,0.54742641176977,0.553052816612357,0.016496159372802133,AC,1.8637360780215482,0
2025-10-17T03:28:49.048763+00:00,NHL,ML,"PINN,SBO,ISN",0.4748928338832317,0.48070837857715853,0.48921828995290645,0.014325456069674725,AC,2.105738239558029,0
2025-10-17T03:27:49.048763+00:00,NHL,ML,"PINN,SBO,ISN",0.5289707452424458,0.5612832876886216,0.5422625709317597,0.013291825689313863,AC,1.8904637146647212,1
2025-10-17T03:26:49.048763+00:00,NBA,AH,"PINN,SBO,ISN",0.42957361467474886,0.434340834613778,0.4457397651390254,0.016166150464276552,AC,2.3278897163112515,0
2025-10-17T03:25:49.048763+00:00,NHL,OU,"PINN,SBO,ISN",0.457204081499115,0.46103775856460083,0.4761493530043615,0.018945271505246497,AC,2.1872070711204614,1
2025-10-17T03:23:49.048763+00:00,NBA,ML,"PINN,SBO,ISN",0.4521358608118231,0.46674566548863344,0.4644893893878559,0.01235352857603278,AC,2.2117245869515214,1
2025-10-17T03:22:49.048763+00:00,NHL,OU,"PINN,SBO,ISN",0.5114189544328147,0.5093010289817302,0.5306293133936102,0.01921035896079548,AC,1.955344031214178,1
2025-10-17T03:19:49.048763+00:00,EPL,AH,"PINN,SBO,ISN",0.5003754376148294,0.49866429075552116,0.5156075757211794,0.015232138106350046,AC,1.9984993763218315,1
2025-10-17T03:18:49.048763+00:00,NBA,AH,"PINN,SBO,ISN",0.5566196481944106,0.564032914502223,0.5683770499776833,0.01175740178327278,AC,1.796558930759717,0
2025-10-17T03:17:49.048763+00:00,NHL,AH,"PINN,SBO,ISN",0.5325679282516803,0.5472142627279589,0.5438129680171492,0.011245039765468867,AC,1.8776947445611505,0
2025-10-17T03:16:49.048763+00:00,EPL,OU,"PINN,SBO,ISN",0.4282417927006363,0.426835975732688,0.44390503317001717,0.01566324046938089,AC,2.3351293989632933,1
2025-10-17T03:15:49.048763+00:00,EPL,ML,"PINN,SBO,ISN",0.5017704394260422,0.47526942649937054,0.5368237682466065,0.03505332882056433,AC,1.9929432294653815,1
2025-10-17T03:12:49.048763+00:00,EPL,ML,"PINN,SBO,ISN",0.45240683199596704,0.4824436901094907,0.4754418571043296,0.023035025108362583,AC,2.210399864184444,1
2025-10-17T03:11:49.048763+00:00,NBA,ML,"PINN,SBO,ISN",0.43969368711416934,0.44930358821705424,0.45479676956679566,0.015103082452626315,AC,2.2743105696224006,1
2025-10-17T03:10:49.048763+00:00,NBA,ML,"PINN,SBO,ISN",0.5359333873262302,0.5432356937763645,0.5470397211874826,0.011106333861252371,AC,1.8659035313866086,1
2025-10-17T03:09:49.048763+00:00,NBA,OU,"PINN,SBO,ISN",0.43847695698973027,0.41891966973432687,0.4679475308112498,0.02947057382151952,AC,2.280621556182304,0
2025-10-17T03:08:49.048763+00:00,NHL,ML,"PINN,SBO,ISN",0.5069406453669457,0.4776866251871793,0.5236312169655309,0.016690571598585224,AC,1.9726175226611715,1
2025-10-17T03:07:49.048763+00:00,EPL,OU,"PINN,SBO,ISN",0.4590844518794357,0.4605634767132369,0.47141523917151684,0.012330787292081147,AC,2.1782484593109657,1
2025-10-17T03:05:49.048763+00:00,NBA,OU,"PINN,SBO,ISN",0.5020641702865161,0.5119262064537546,0.5229794127870162,0.020915242500500142,AC,1.991777265104028,1
2025-10-17T03:03:49.048763+00:00,NHL,OU,"PINN,SBO,ISN",0.5640526200101004,0.5919478056604514,0.582537047833826,0.018484427823725613,AC,1.7728842390309139,1
2025-10-17T03:02:49.048763+00:00,EPL,AH,"PINN,SBO,ISN",0.49230646012591195,0.4679908326889568,0.512930760741583,0.020624300615671,AC,2.031255083965871,0
2025-10-17T09:58:30.922469+00:00,EPL,AH,"PINN,SBO,ISN",0.5550631226752923,0.5469635499464898,0.5704474354417541,0.015384312766461794,AC,1.80159689798919,1
2025-10-17T09:55:30.922469+00:00,NBA,AH,"PINN,SBO,ISN",0.5010393230958722,0.5026477292875803,0.5199485327721051,0.018909209676232885,AC,1.9958513312310486,0
2025-10-17T09:51:30.922469+00:00,NBA,OU,"PINN,SBO,ISN",0.5219128716309883,0.48538161038582905,0.5378386656125484,0.015925793981560132,AC,1.916028621549378,0
2025-10-17T09:49:30.922469+00:00,NHL,AH,"PINN,SBO,ISN",0.46179280942382106,0.4500004455816344,0.48523046520082563,0.023437655777004573,AC,2.1654733022969763,1
2025-10-17T09:48:30.922469+00:00,NBA,OU,"PINN,SBO,ISN",0.5099305258203387,0.4967406106024735,0.5323068224070512,0.022376296586712474,AC,1.9610514557669863,0
2025-10-17T09:45:30.922469+00:00,NBA,AH,"PINN,SBO,ISN",0.4342470782067336,0.4081754142734827,0.47528289607646207,0.041035817869728486,AC,2.3028364499989253,0
2025-10-17T09:44:30.922469+00:00,NBA,OU,"PINN,SBO,ISN",0.49421922597466544,0.4844358859985141,0.505563700265518,0.011344474290852558,AC,2.0233935618912198,1
2025-10-17T09:43:30.922469+00:00,NHL,AH,"PINN,SBO,ISN",0.5323280153975647,0.5151157698227259,0.551452032863696,0.01912401746613135,AC,1.8785409955423038,0
2025-10-17T09:42:30.922469+00:00,NHL,AH,"PINN,SBO,ISN",0.5410167830134052,0.5408901469147218,0.5601387377313509,0.019121954717945755,AC,1.848371494928693,1
2025-10-17T09:40:30.922469+00:00,EPL,OU,"PINN,SBO,ISN",0.48113563476252663,0.5059656350637761,0.49790900141678734,0.016773366654260713,AC,2.0784159969642833,0
2025-10-17T09:39:30.922469+00:00,NBA,AH,"PINN,SBO,ISN",0.5098655344894132,0.5201966126467952,0.5237253582982796,0.013859823808866412,AC,1.9613014262699962,1
2025-10-17T09:38:30.922469+00:00,EPL,AH,"PINN,SBO,ISN",0.4417054582302578,0.4626756387310404,0.45257173327314776,0.01086627504288995,AC,2.263952100584429,1
2025-10-17T09:36:30.922469+00:00,NBA,OU,"PINN,SBO,ISN",0.5257252399173092,0.531351035979634,0.53747101474076,0.011745774823450739,AC,1.9021342786534063,1
2025-10-17T09:35:30.922469+00:00,NHL,AH,"PINN,SBO,ISN",0.5532473336546587,0.5322094694285009,0.566490590319428,0.01324325666476922,AC,1.8075098408412895,0
2025-10-17T09:33:30.922469+00:00,NHL,ML,"PINN,SBO,ISN",0.501623842967709,0.5038914593817048,0.5131757137632874,0.0115518707955784,AC,1.9935256547691114,1
2025-10-17T09:32:30.922469+00:00,EPL,OU,"PINN,SBO,ISN",0.6034728676973116,0.5930477545815792,0.6217074499390606,0.01823458224174901,AC,1.657075327704008,0
2025-10-17T09:31:30.922469+00:00,EPL,ML,"PINN,SBO,ISN",0.4333007799037666,0.4272630414567375,0.45032889595479075,0.017028116051024167,AC,2.307865682176002,0
2025-10-17T09:30:30.922469+00:00,NHL,AH,"PINN,SBO,ISN",0.5020334173685228,0.507710020243232,0.5299378527552915,0.027904435386768678,AC,1.9918992748363993,1
2025-10-17T09:28:30.922469+00:00,NHL,OU,"PINN,SBO,ISN",0.5228114107005116,0.5172156335373658,0.5430886034827255,0.02027719278221385,AC,1.9127356051010946,1
2025-10-17T09:26:30.922469+00:00,NHL,OU,"PINN,SBO,ISN",0.4964943876945547,0.5032918648066156,0.5245890277674861,0.028094640072931387,AC,2.014121457935198,1
2025-10-17T09:25:30.922469+00:00,NBA,ML,"PINN,SBO,ISN",0.4791933425491327,0.4976192701130392,0.5058566347379976,0.026663292188864873,AC,2.086840344401212,1
2025-10-17T09:22:30.922469+00:00,NBA,OU,"PINN,SBO,ISN",0.47274079919124107,0.4564842497607763,0.4828123228392412,0.010071523648000125,AC,2.1153240881912185,0
2025-10-17T09:18:30.922469+00:00,EPL,OU,"PINN,SBO,ISN",0.4099183272364265,0.4032435992849444,0.438393766430436,0.028475439194009466,AC,2.439510345247957,0
2025-10-17T09:17:30.922469+00:00,NBA,AH,"PINN,SBO,ISN",0.48010806121181937,0.4761372281366591,0.49517139488030115,0.015063333668481782,AC,2.082864423221607,1
2025-10-17T09:16:30.922469+00:00,EPL,ML,"PINN,SBO,ISN",0.48157126161320646,0.4838445745123036,0.49316260731763095,0.011591345704424494,AC,2.0765358726974674,1
2025-10-17T09:13:30.922469+00:00,EPL,ML,"PINN,SBO,ISN",0.5621526704422628,0.5680400184835894,0.5762473867692102,0.014094716326947365,AC,1.778876188942177,1
2025-10-17T09:11:30.922469+00:00,NHL,AH,"PINN,SBO,ISN",0.45725605532327257,0.45658363813058056,0.4678750302364634,0.010618974913190804,AC,2.186958463115412,0
2025-10-17T09:08:30.922469+00:00,NBA,OU,"PINN,SBO,ISN",0.3804708409653837,0.3707158452560903,0.4166723830786754,0.036201542113291685,AC,2.628322311015111,1
2025-10-17T09:07:30.922469+00:00,EPL,AH,"PINN,SBO,ISN",0.5012798853910779,0.4967783640283531,0.5124789418198943,0.011199056428816356,AC,1.9948935298288324,1
2025-10-17T09:03:30.922469+00:00,EPL,ML,"PINN,SBO,ISN",0.5658703780830672,0.5827989055515446,0.5851924498771675,0.019322071794100282,AC,1.7671891633338062,1
2025-10-17T08:57:30.922469+00:00,EPL,AH,"PINN,SBO,ISN",0.4942380018654905,0.4965353185666426,0.5065829549063909,0.012344953040900442,AC,2.023316694033081,0
2025-10-17T08:55:30.922469+00:00,NBA,AH,"PINN,SBO,ISN",0.507118376199787,0.5163761668443746,0.5204313843707375,0.013313008170950602,AC,1.9719261752921273,0
2025-10-17T08:54:30.922469+00:00,NHL,AH,"PINN,SBO,ISN",0.5819461672860742,0.5960209333605121,0.5998110555433814,0.017864888257307254,AC,1.718372001079643,1
2025-10-17T08:53:30.922469+00:00,EPL,AH,"PINN,SBO,ISN",0.5038560779853714,0.5292532514440685,0.5186587184827153,0.014802640497343922,AC,1.9846937323817166,0
2025-10-17T08:52:30.922469+00:00,NBA,ML,"PINN,SBO,ISN",0.5918219494623458,0.590856884889405,0.6207006854073465,0.028878735945000678,AC,1.6896973843374226,1
2025-10-17T08:50:30.922469+00:00,NHL,OU,"PINN,SBO,ISN",0.5313550241965476,0.5504860302659013,0.5477801420261529,0.016425117829605318,AC,1.8819808874717654,1
2025-10-17T08:46:30.922469+00:00,EPL,ML,"PINN,SBO,ISN",0.42492623835739396,0.41798640396156445,0.4445560978789758,0.01962985952158186,AC,2.3533496163137073,0
2025-10-17T08:45:30.922469+00:00,NHL,ML,"PINN,SBO,ISN",0.48546995697938417,0.5085731793753062,0.5151059380305774,0.029635981051193194,AC,2.0598597001183037,1
2025-10-17T08:42:30.922469+00:00,NBA,OU,"PINN,SBO,ISN",0.42533597331715367,0.4283088636177495,0.445588764345168,0.020252791028014305,AC,2.351082585846426,1
2025-10-17T08:41:30.922469+00:00,NHL,OU,"PINN,SBO,ISN",0.47404933139750766,0.4904171145658198,0.4877974676468683,0.013748136249360665,AC,2.109485097367353,1
2025-10-17T08:40:30.922469+00:00,NBA,AH,"PINN,SBO,ISN",0.5684582179714345,0.5639386068930358,0.5966134717374245,0.02815525376599004,AC,1.7591442403076507,1
2025-10-17T08:38:30.922469+00:00,EPL,OU,"PINN,SBO,ISN",0.5440518714823254,0.5384088091995713,0.5591129037086395,0.015061032226314164,AC,1.8380600314367028,0
2025-10-17T08:36:30.922469+00:00,NHL,ML,"PINN,SBO,ISN",0.4109188193523997,0.41049441670230885,0.433654347568787,0.022735528216387302,AC,2.433570702787429,1
2025-10-17T08:35:30.922469+00:00,NBA,AH,"PINN,SBO,ISN",0.48429138106390035,0.4654545200543965,0.510296861494191,0.026005480430290606,AC,2.0648725934440155,0
2025-10-17T08:32:30.922469+00:00,NHL,OU,"PINN,SBO,ISN",0.5283585597123835,0.5246039506835334,0.5478325496980379,0.019473989985654305,AC,1.8926541107696986,0
2025-10-17T08:30:30.922469+00:00,NHL,AH,"PINN,SBO,ISN",0.6081711628247893,0.6135958887276196,0.6230932562743039,0.014922093449514562,AC,1.6442739497138807,0
2025-10-17T08:27:30.922469+00:00,EPL,ML,"PINN,SBO,ISN",0.5067831345992438,0.5209513192240832,0.5260087427619797,0.019225608162735885,AC,1.9732306221886888,1
2025-10-17T08:26:30.922469+00:00,NHL,AH,"PINN,SBO,ISN",0.3989745870044818,0.3868679347362486,0.4155908084294011,0.01661622142491931,AC,2.5064253026941956,0
2025-10-17T08:22:30.922469+00:00,NBA,OU,"PINN,SBO,ISN",0.512241003917156,0.5148831246826199,0.5335124163483395,0.021271412431183467,AC,1.9522060755638542,0
2025-10-17T08:16:30.922469+00:00,NBA,AH,"PINN,SBO,ISN",0.4802207068531086,0.4778090112341104,0.4992147380071994,0.018994031154090818,AC,2.0823758445424203,0
2025-10-17T08:15:30.922469+00:00,NBA,ML,"PINN,SBO,ISN",0.5205802418835773,0.5299540611787085,0.5358761284006226,0.015295886517045276,AC,1.9209334499169106,1
2025-10-17T08:14:30.922469+00:00,NBA,AH,"PINN,SBO,ISN",0.5202077235463977,0.5225647415550195,0.5422845361986753,0.022076812652277678,AC,1.9223090214476781,0
2025-10-17T08:11:30.922469+00:00,EPL,AH,"PINN,SBO,ISN",0.4882805460680293,0.47857388712497206,0.5225908501538999,0.03431030408587066,AC,2.048002952508937,1
2025-10-17T08:10:30.922469+00:00,EPL,ML,"PINN,SBO,ISN",0.43331745844458147,0.4315309030059737,0.4515926110398338,0.01827515259525231,AC,2.307776851617193,1
2025-10-17T08:07:30.922469+00:00,NBA,ML,"PINN,SBO,ISN",0.5518527991228883,0.5421445227377928,0.5695232171645718,0.017670418041683456,AC,1.8120774264249349,0
2025-10-17T08:06:30.922469+00:00,EPL,OU,"PINN,SBO,ISN",0.4849493722381288,0.47154087898533453,0.5022132548411543,0.017263882603025527,AC,2.0620709237849297,1
2025-10-17T08:05:30.922469+00:00,NHL,AH,"PINN,SBO,ISN",0.4833946980582994,0.47012305128754,0.49759835169316374,0.014203653634864366,AC,2.0687028716218894,0
2025-10-17T08:04:30.922469+00:00,EPL,ML,"PINN,SBO,ISN",0.5472060345360016,0.5460200755943639,0.5671108244115983,0.01990478987559674,AC,1.8274652267823417,0
2025-10-17T08:02:30.922469+00:00,NHL,ML,"PINN,SBO,ISN",0.4581630154768914,0.4647359805622107,0.4850510617991892,0.0268880463222978,AC,2.182629252514245,0
2025-10-17T08:00:30.922469+00:00,NBA,AH,"PINN,SBO,ISN",0.4687908676421191,0.4753901236667189,0.4855314753680996,0.016740607725980516,AC,2.1331473563674725,1
2025-10-17T07:58:30.922469+00:00,NBA,OU,"PINN,SBO,ISN",0.5009518610614729,0.508115837068765,0.5212168197990338,0.020264958737560845,AC,1.996199790297391,0
2025-10-17T07:57:30.922469+00:00,NHL,ML,"PINN,SBO,ISN",0.5129141618273837,0.4899466253833118,0.5273349159572921,0.014420754129908397,AC,1.949643964668966,0
2025-10-17T07:55:30.922469+00:00,NBA,AH,"PINN,SBO,ISN",0.5666226576028276,0.5682702208163682,0.5943915910178915,0.027768933415063923,AC,1.7648429454456214,1
2025-10-17T07:54:30.922469+00:00,NHL,AH,"PINN,SBO,ISN",0.5458170067135933,0.5611781862691796,0.5830020413427127,0.03718503462911937,AC,1.8321158697877111,0
2025-10-17T07:50:30.922469+00:00,NHL,ML,"PINN,SBO,ISN",0.4184306949952791,0.41568447638828776,0.43208908844325045,0.013658393447971373,AC,2.389882032940443,0
2025-10-17T07:48:30.922469+00:00,EPL,OU,"PINN,SBO,ISN",0.48462265651074166,0.5095958334864273,0.4969816329689933,0.012358976458251625,AC,2.0634611002299166,0
2025-10-17T07:47:30.922469+00:00,EPL,AH,"PINN,SBO,ISN",0.5611479094662264,0.5452537489208485,0.5905273541002397,0.02937944463401332,AC,1.782061348052098,1
2025-10-17T07:44:30.922469+00:00,EPL,OU,"PINN,SBO,ISN",0.5545970923548376,0.5640238886303723,0.5716599617885294,0.01706286943369184,AC,1.8031107876061285,0
2025-10-17T07:41:30.922469+00:00,NBA,ML,"PINN,SBO,ISN",0.5059655582682535,0.5442095516096902,0.529960259619597,0.023994701351343517,AC,1.9764191132350133,1
2025-10-17T07:40:30.922469+00:00,NBA,AH,"PINN,SBO,ISN",0.403805733769437,0.4256875430433925,0.4294109227367888,0.02560518896735181,AC,2.4764383374778305,1
2025-10-17T07:39:30.922469+00:00,EPL,ML,"PINN,SBO,ISN",0.5897878290322941,0.6057653678407328,0.6064645614432204,0.016676732410926265,AC,1.6955249850455028,1
2025-10-17T07:35:30.922469+00:00,NHL,AH,"PINN,SBO,ISN",0.5033780655884188,0.505426168914677,0.5285030596522958,0.025124994063877026,AC,1.9865784156309232,0
2025-10-17T07:31:30.922469+00:00,NHL,OU,"PINN,SBO,ISN",0.5145117336777396,0.5104932131579069,0.5291596246264935,0.01464789094875385,AC,1.9435902712110782,0
2025-10-17T07:30:30.922469+00:00,NHL,ML,"PINN,SBO,ISN",0.5312479511935292,0.5268618926374902,0.5554113368496463,0.024163385656117087,AC,1.882360200643312,0
2025-10-17T07:29:30.922469+00:00,NHL,OU,"PINN,SBO,ISN",0.5313248861020278,0.5200850936998758,0.5428320678555467,0.011507181753518947,AC,1.8820876381987777,0
2025-10-17T07:28:30.922469+00:00,NHL,OU,"PINN,SBO,ISN",0.562506886599954,0.589835169057477,0.58048644424484,0.017979557644886013,AC,1.777756012987596,1
2025-10-17T07:27:30.922469+00:00,NBA,OU,"PINN,SBO,ISN",0.5010911702011992,0.5335960530055488,0.5141712701838685,0.013080099982669346,AC,1.9956448236724624,0
2025-10-17T07:24:30.922469+00:00,NHL,AH,"PINN,SBO,ISN",0.4374357783970773,0.4338094144887711,0.45858721537618247,0.021151436979105154,AC,2.2860498600831445,1
2025-10-17T07:22:30.922469+00:00,NBA,ML,"PINN,SBO,ISN",0.4849935461614451,0.47443589261641916,0.5017015593957257,0.016708013234280616,AC,2.061883107341637,0
2025-10-17T07:21:30.922469+00:00,NHL,AH,"PINN,SBO,ISN",0.5226857127385377,0.5126404950849011,0.5348870970546835,0.012201384316145814,AC,1.9131955889144965,0
2025-10-17T07:20:30.922469+00:00,NBA,ML,"PINN,SBO,ISN",0.4506718779606728,0.4293963919558276,0.46393520167810465,0.01326332371743183,AC,2.218909252836192,1
2025-10-17T07:16:30.922469+00:00,NBA,AH,"PINN,SBO,ISN",0.47435902700245275,0.4795507024331289,0.4989642916729237,0.024605264670470972,AC,2.10810787415421,1
2025-10-17T07:14:30.922469+00:00,EPL,AH,"PINN,SBO,ISN",0.38447067156919196,0.3844266663186625,0.39695491974280417,0.012484248173612211,AC,2.600978628405036,1
2025-10-17T07:13:30.922469+00:00,NHL,OU,"PINN,SBO,ISN",0.49251798002238234,0.48429411163132025,0.508132913677449,0.01561493365506661,AC,2.030382728270256,1
2025-10-17T07:12:30.922469+00:00,NBA,ML,"PINN,SBO,ISN",0.5081122418495919,0.5442722322919323,0.5303734818339804,0.022261239984388448,AC,1.9680690950485178,1
2025-10-17T07:11:30.922469+00:00,EPL,OU,"PINN,SBO,ISN",0.5074979006727827,0.5094320623992172,0.5264920293432027,0.018994128670420052,AC,1.970451500733923,1
2025-10-17T07:09:30.922469+00:00,EPL,AH,"PINN,SBO,ISN",0.5373777505594434,0.5508684298086073,0.5656591344110747,0.02828138385163137,AC,1.8608883582525297,0
2025-10-17T07:07:30.922469+00:00,EPL,OU,"PINN,SBO,ISN",0.5278304579718069,0.5298595651629977,0.5550444013972582,0.027213943425451248,AC,1.8945477376248967,1
2025-10-17T07:06:30.922469+00:00,NHL,ML,"PINN,SBO,ISN",0.4932527203700376,0.4975447463418835,0.5061260085258728,0.01287328815583516,AC,2.0273583068123804,0
2025-10-17T07:05:30.922469+00:00,NHL,OU,"PINN,SBO,ISN",0.5532954626976748,0.5418426941615242,0.5969918137913226,0.04369635109364778,AC,1.8073526125161958,1
2025-10-17T07:04:30.922469+00:00,EPL,OU,"PINN,SBO,ISN",0.5904424795800253,0.6227134382595441,0.6059033194543418,0.015460839874316568,AC,1.6936450790452748,1
2025-10-17T07:03:30.922469+00:00,NHL,ML,"PINN,SBO,ISN",0.41081372525620463,0.39427655885689156,0.4345287701103623,0.023715044854157652,AC,2.4341932572392717,1
2025-10-17T07:02:30.922469+00:00,NHL,OU,"PINN,SBO,ISN",0.483323068292972,0.518146680801314,0.4951317590567935,0.011808690763821517,AC,2.069009458894352,0
2025-10-17T06:59:30.922469+00:00,EPL,AH,"PINN,SBO,ISN",0.42382197143341593,0.42815275903054795,0.4345034333791623,0.010681461945746373,AC,2.3594812619503465,1
2025-10-17T06:58:30.922469+00:00,NBA,ML,"PINN,SBO,ISN",0.5743919864971352,0.5806003392984856,0.5856593533863481,0.011267366889212926,AC,1.7409713636473019,0
2025-10-17T06:57:30.922469+00:00,NHL,ML,"PINN,SBO,ISN",0.5890574190750972,0.5777406607461333,0.6057164693815563,0.01665905030645909,AC,1.6976273748833182,1
2025-10-17T06:56:30.922469+00:00,NBA,ML,"PINN,SBO,ISN",0.5098302758970008,0.4978090900756622,0.5328954399463575,0.023065164049356657,AC,1.96143706499303,0
2025-10-17T06:55:30.922469+00:00,EPL,ML,"PINN,SBO,ISN",0.5056445050612218,0.4924055422043704,0.5160254627774229,0.010380957716201067,AC,1.9776740179919945,1
2025-10-17T06:54:30.922469+00:00,EPL,OU,"PINN,SBO,ISN",0.5588619880362162,0.5809624319833068,0.5699539197947961,0.01109193175857992,AC,1.7893505398602927,1
2025-10-17T06:50:30.922469+00:00,EPL,AH,"PINN,SBO,ISN",0.5466680630644304,0.5210378908777733,0.5585056919942567,0.011837628929826316,AC,1.8292636200372654,0
2025-10-17T06:49:30.922469+00:00,NHL,OU,"PINN,SBO,ISN",0.5122157567085072,0.4783405423950891,0.528801640052248,0.01658588334374078,AC,1.9523023001595832,1
2025-10-17T06:48:30.922469+00:00,NHL,OU,"PINN,SBO,ISN",0.41870440827603006,0.4167289616592398,0.4343417552128497,0.01563734693681962,AC,2.3883197316154168,1
2025-10-17T06:42:30.922469+00:00,NBA,AH,"PINN,SBO,ISN",0.44534920156867086,0.4482217277349664,0.4636124549447851,0.01826325337611423,AC,2.245428972315794,1
2025-10-17T06:39:30.922469+00:00,NHL,OU,"PINN,SBO,ISN",0.6003179053164823,0.5940187892108693,0.6184139615759188,0.018096056259436444,AC,1.665784063983247,0
2025-10-17T06:38:30.922469+00:00,EPL,ML,"PINN,SBO,ISN",0.5827566980892938,0.5849507868223166,0.6100504288111234,0.027293730721829612,AC,1.7159819926201407,0
2025-10-17T06:36:30.922469+00:00,EPL,AH,"PINN,SBO,ISN",0.5919453021958507,0.6045402584758656,0.6029977321976329,0.011052430001782132,AC,1.689345276143674,0
2025-10-17T06:34:30.922469+00:00,NBA,ML,"PINN,SBO,ISN",0.40153498919336356,0.40659379802251855,0.4190287829599241,0.017493793766560517,AC,2.4904429923003275,1
2025-10-17T06:32:30.922469+00:00,NBA,AH,"PINN,SBO,ISN",0.4658004716804658,0.42833586573911625,0.4825637334709074,0.01676326179044163,AC,2.14684196517085,1
2025-10-17T06:31:30.922469+00:00,EPL,OU,"PINN,SBO,ISN",0.5446294266038568,0.5201770283910482,0.5576031990696221,0.012973772465765254,AC,1.8361108510711501,1
2025-10-17T06:30:30.922469+00:00,NHL,ML,"PINN,SBO,ISN",0.5034754936445559,0.4954149577436587,0.5267587071048255,0.023283213460269625,AC,1.9861939908161268,0
2025-10-17T06:27:30.922469+00:00,EPL,ML,"PINN,SBO,ISN",0.5233248311053786,0.5095182742875146,0.5471879477288514,0.023863116623472735,AC,1.9108590698587284,1
2025-10-17T06:25:30.922469+00:00,NBA,ML,"PINN,SBO,ISN",0.5052562898024767,0.501796912045449,0.5278439210317555,0.02258763122927876,AC,1.9791935700413286,0
2025-10-17T06:24:30.922469+00:00,NHL,ML,"PINN,SBO,ISN",0.5032666685449597,0.5130845388791956,0.5218408659272835,0.018574197382323798,AC,1.9870181406831322,1
2025-10-17T06:23:30.922469+00:00,EPL,OU,"PINN,SBO,ISN",0.5210995122530366,0.5138467454357498,0.5491642125672982,0.02806470031426156,AC,1.9190192592512307,1
2025-10-17T06:22:30.922469+00:00,NBA,ML,"PINN,SBO,ISN",0.4771966116351404,0.4848144207486261,0.500607979102267,0.023411367467126576,AC,2.0955722979118505,0
2025-10-17T06:21:30.922469+00:00,NBA,ML,"PINN,SBO,ISN",0.5447155017297649,0.5542542087319723,0.5601518812831375,0.015436379553372626,AC,1.8358207115906593,0
2025-10-17T06:14:30.922469+00:00,NHL,OU,"PINN,SBO,ISN",0.5784189543821054,0.6001059887982538,0.6003179228345528,0.02189896845244732,AC,1.7288506754904798,0
2025-10-17T06:13:30.922469+00:00,NHL,AH,"PINN,SBO,ISN",0.4513810408001675,0.49010488601821384,0.4732884266048424,0.021907385804674884,AC,2.215423133916503,0
2025-10-17T06:12:30.922469+00:00,NBA,ML,"PINN,SBO,ISN",0.5223222298744962,0.547087460236638,0.5345000744812071,0.012177844606710897,AC,1.9145269774182891,1
2025-10-17T06:10:30.922469+00:00,NHL,ML,"PINN,SBO,ISN",0.4452046832354631,0.4899975138846615,0.45565038134358626,0.01044569810812318,AC,2.2461578632386323,0
2025-10-17T06:09:30.922469+00:00,EPL,OU,"PINN,SBO,ISN",0.4908976917508124,0.4855387332016172,0.5090793858697708,0.01818169411895837,AC,2.0370843391694256,0
2025-10-17T06:08:30.922469+00:00,NBA,AH,"PINN,SBO,ISN",0.4961556848378869,0.48009409220037563,0.5140746340649983,0.017918949227111403,AC,2.015496406791627,1
2025-10-17T06:06:30.922469+00:00,NBA,ML,"PINN,SBO,ISN",0.5331013305099775,0.5386278692058886,0.5580902872665063,0.02498895675652879,AC,1.8758159898857802,0
2025-10-17T06:03:30.922469+00:00,EPL,OU,"PINN,SBO,ISN",0.4238081288484726,0.42751184948363297,0.44084126035803317,0.017033131509560595,AC,2.3595583282394705,0
2025-10-17T05:59:30.922469+00:00,EPL,ML,"PINN,SBO,ISN",0.5651791392868399,0.5702875555883893,0.5791071248689519,0.013927985582111946,AC,1.7693505129397205,1
2025-10-17T05:58:30.922469+00:00,NHL,OU,"PINN,SBO,ISN",0.5378475465847047,0.5235868521105701,0.5691844687628727,0.03133692217816797,AC,1.8592629200410635,1
2025-10-17T05:57:30.922469+00:00,EPL,ML,"PINN,SBO,ISN",0.5641663913749558,0.5635301447041471,0.6126089590911394,0.048442567716183604,AC,1.7725267142604046,0
2025-10-17T05:56:30.922469+00:00,EPL,OU,"PINN,SBO,ISN",0.501961113676535,0.4950709913654602,0.5229272518836514,0.020966138207116458,AC,1.992186192822105,0
2025-10-17T05:55:30.922469+00:00,EPL,OU,"PINN,SBO,ISN",0.6263420121265032,0.6094453778068162,0.6429964776742212,0.01665446554771799,AC,1.596571810032166,0
2025-10-17T05:53:30.922469+00:00,EPL,AH,"PINN,SBO,ISN",0.4493837031020529,0.43601117239139275,0.46649273356113957,0.017109030459086683,AC,2.2252698375510622,1
2025-10-17T05:50:30.922469+00:00,NHL,ML,"PINN,SBO,ISN",0.49148627659285204,0.4878401853058484,0.5083778530250735,0.0168915764322215,AC,2.034644806223962,0
2025-10-17T05:49:30.922469+00:00,NBA,OU,"PINN,SBO,ISN",0.4990880761245676,0.4988793834586845,0.5152695258994371,0.01618144977486946,AC,2.0036543604989063,1
2025-10-17T05:48:30.922469+00:00,EPL,OU,"PINN,SBO,ISN",0.5463442231382206,0.5716858549392596,0.5612513810282894,0.0149071578900688,AC,1.8303478972578213,1
2025-10-17T05:46:30.922469+00:00,EPL,OU,"PINN,SBO,ISN",0.4581548246891588,0.47076698407726614,0.49241813115648403,0.03426330646732523,AC,2.182668273063507,1
2025-10-17T05:45:30.922469+00:00,EPL,OU,"PINN,SBO,ISN",0.5547909955449488,0.5651023884706987,0.5648493897111541,0.010058394166205242,AC,1.8024805882397934,1
2025-10-17T05:44:30.922469+00:00,NHL,AH,"PINN,SBO,ISN",0.4693068945021835,0.4648415868301783,0.4974330086887188,0.028126114186535323,AC,2.1308018520817775,0
2025-10-17T05:42:30.922469+00:00,NBA,AH,"PINN,SBO,ISN",0.5300288932650845,0.5140812712452305,0.5445539228293887,0.014525029564304237,AC,1.8866895988250736,1
2025-10-17T05:41:30.922469+00:00,NBA,OU,"PINN,SBO,ISN",0.48664834967777965,0.48974910916570574,0.501576148103366,0.014927798425586392,AC,2.054871861092556,0
2025-10-17T05:39:30.922469+00:00,NHL,OU,"PINN,SBO,ISN",0.5550176904005871,0.5645168496081654,0.5811587721746346,0.026141081774047503,AC,1.8017443719284774,0
2025-10-17T05:38:30.922469+00:00,EPL,OU,"PINN,SBO,ISN",0.4723995748204412,0.467232051143513,0.4875876922036267,0.015188117383185484,AC,2.1168520322654807,1
2025-10-17T05:34:30.922469+00:00,NHL,OU,"PINN,SBO,ISN",0.5652038224689386,0.5717742963417078,0.5781979600943581,0.012994137625419455,AC,1.769273243113914,1
2025-10-17T05:33:30.922469+00:00,NHL,OU,"PINN,SBO,ISN",0.4957495302027749,0.48862064385252646,0.5168814298977669,0.021131899694991962,AC,2.01714765032853,1
2025-10-17T05:31:30.922469+00:00,NHL,ML,"PINN,SBO,ISN",0.5553120398299005,0.5680023652891015,0.5859774188210717,0.030665378991171166,AC,1.8007893369398462,0
2025-10-17T05:25:30.922469+00:00,NHL,OU,"PINN,SBO,ISN",0.4997807561752219,0.4954719601764746,0.5114813480568441,0.011700591881622202,AC,2.0008773600106413,0
2025-10-17T05:22:30.922469+00:00,NBA,OU,"PINN,SBO,ISN",0.4906967946652378,0.48442522870878996,0.5009647199269227,0.010267925261684907,AC,2.037918345650124,0
2025-10-17T05:21:30.922469+00:00,NBA,AH,"PINN,SBO,ISN",0.5398364356634269,0.532946720385843,0.5543200625503145,0.014483626886887646,AC,1.8524129420257813,0
2025-10-17T05:19:30.922469+00:00,NBA,AH,"PINN,SBO,ISN",0.5775793517979511,0.5945432653671198,0.5963613372179608,0.01878198542000975,AC,1.7313638323238054,0
2025-10-17T05:18:30.922469+00:00,EPL,ML,"PINN,SBO,ISN",0.5076854127365107,0.520911433181854,0.5231205600862696,0.015435147349758926,AC,1.9697237204626976,0
2025-10-17T05:15:30.922469+00:00,NHL,OU,"PINN,SBO,ISN",0.4666100353648805,0.4713615000274357,0.4925500860030135,0.025940050638132983,AC,2.143117216109633,1
2025-10-17T05:14:30.922469+00:00,NHL,AH,"PINN,SBO,ISN",0.40922193431839604,0.40212442431490214,0.435795308324305,0.02657337400590898,AC,2.443661778945475,1
2025-10-17T05:12:30.922469+00:00,NHL,AH,"PINN,SBO,ISN",0.5950662896645134,0.5904369622390795,0.6090903812950381,0.01402409163052476,AC,1.6804850440507735,0
2025-10-17T05:11:30.922469+00:00,EPL,AH,"PINN,SBO,ISN",0.5485510542370093,0.5460832636833937,0.5653370320316107,0.016785977794601337,AC,1.8229843736075215,1
2025-10-17T05:10:30.922469+00:00,NBA,ML,"PINN,SBO,ISN",0.4440479564258258,0.4700504433979448,0.47203621029560394,0.027988253869778157,AC,2.252009012830669,1
2025-10-17T05:09:30.922469+00:00,NHL,OU,"PINN,SBO,ISN",0.5675082655072102,0.5515442594458575,0.5807914817922392,0.013283216285028931,AC,1.7620888730250484,0
2025-10-17T05:08:30.922469+00:00,NHL,ML,"PINN,SBO,ISN",0.5183250660806273,0.48576666815757885,0.5422783160660785,0.02395324998545112,AC,1.9292912217454796,1
2025-10-17T05:04:30.922469+00:00,EPL,OU,"PINN,SBO,ISN",0.5233278609214517,0.5400221922961349,0.5450686379977995,0.021740777076347806,AC,1.9108480069057396,0
2025-10-17T05:03:30.922469+00:00,NBA,OU,"PINN,SBO,ISN",0.5675065804236091,0.5462691372308257,0.58971948706298,0.022212906639370922,AC,1.7620941051530379,0
2025-10-17T05:01:30.922469+00:00,NBA,ML,"PINN,SBO,ISN",0.44836605701815485,0.45597982497785866,0.4816844740229043,0.03331841700474947,AC,2.230320481105261,1
2025-10-17T05:00:30.922469+00:00,NBA,OU,"PINN,SBO,ISN",0.5323871983234045,0.5257335278022217,0.5570343905363453,0.02464719221294076,AC,1.8783321671693143,1
2025-10-17T04:57:30.922469+00:00,EPL,AH,"PINN,SBO,ISN",0.5145488429815104,0.5173609596644697,0.5430022302768851,0.02845338729537472,AC,1.9434500993250385,0
2025-10-17T04:56:30.922469+00:00,NHL,AH,"PINN,SBO,ISN",0.440107211855935,0.44193415642923,0.45601324836715457,0.01590603651121958,AC,2.272173627382731,1
2025-10-17T04:55:30.922469+00:00,NHL,ML,"PINN,SBO,ISN",0.4721918855500717,0.46661891820541623,0.48580809695446603,0.01361621140439434,AC,2.1177831102181424,1
2025-10-17T04:53:30.922469+00:00,NHL,ML,"PINN,SBO,ISN",0.5551769193172212,0.5546995337615949,0.5716667452322838,0.01648982591506254,AC,1.801227618089455,0
2025-10-17T04:51:30.922469+00:00,EPL,AH,"PINN,SBO,ISN",0.49553708246359296,0.49390834181247356,0.5159255975469696,0.02038851508337669,AC,2.0180124462702946,1
2025-10-17T04:46:30.922469+00:00,NHL,ML,"PINN,SBO,ISN",0.44194538405059364,0.44836865559790845,0.46232920368516417,0.020383819634570532,AC,2.2627230334088537,1
2025-10-17T04:45:30.922469+00:00,NHL,AH,"PINN,SBO,ISN",0.5622378562759603,0.5824355784339659,0.5789065873632101,0.016668731087249755,AC,1.7786066676897243,0
2025-10-17T04:44:30.922469+00:00,NBA,ML,"PINN,SBO,ISN",0.522407836518257,0.5309294196717006,0.5363410858087698,0.013933249290512872,AC,1.914213245086059,0
2025-10-17T04:43:30.922469+00:00,NBA,OU,"PINN,SBO,ISN",0.48743861039181113,0.48884344629585963,0.5115779701612516,0.024139359769440483,AC,2.051540396433068,1
2025-10-17T04:41:30.922469+00:00,EPL,ML,"PINN,SBO,ISN",0.511901189392435,0.506266363124094,0.530132992222101,0.018231802829665966,AC,1.9535020053125476,0
2025-10-17T04:37:30.922469+00:00,NHL,OU,"PINN,SBO,ISN",0.43988090363307747,0.45130682861800464,0.46450457946550283,0.024623675832425362,AC,2.273342606466364,1
2025-10-17T04:35:30.922469+00:00,NHL,AH,"PINN,SBO,ISN",0.5847955699379322,0.5733674648855352,0.6003793151893891,0.015583745251456893,AC,1.7099992739448007,0
2025-10-17T04:32:30.922469+00:00,NHL,ML,"PINN,SBO,ISN",0.4769774944190212,0.45212006803849236,0.4960483835252035,0.019070889106182265,AC,2.096534976389279,0
2025-10-17T04:30:30.922469+00:00,NHL,OU,"PINN,SBO,ISN",0.5399419068046425,0.5461597765561046,0.5510090976659963,0.01106719086135377,AC,1.8520510954927825,1
2025-10-17T04:27:30.922469+00:00,EPL,AH,"PINN,SBO,ISN",0.5045287397585704,0.48514044301174997,0.524083986230655,0.01955524647208462,AC,1.9820476440619121,0
2025-10-17T04:26:30.922469+00:00,EPL,OU,"PINN,SBO,ISN",0.5474306308570303,0.5199921238228298,0.5614950521411216,0.014064421284091355,AC,1.826715466093758,0
2025-10-17T04:25:30.922469+00:00,NHL,OU,"PINN,SBO,ISN",0.5938577881095876,0.5799049165795991,0.6062458839496635,0.012388095840075941,AC,1.683904833821031,0
2025-10-17T04:23:30.922469+00:00,NHL,OU,"PINN,SBO,ISN",0.49177153772419663,0.5000904078589478,0.5083750851153146,0.016603547391117968,AC,2.033464573057167,0
2025-10-17T04:22:30.922469+00:00,EPL,OU,"PINN,SBO,ISN",0.44016968611914004,0.4340495610043837,0.46429054682378246,0.02412086070464242,AC,2.271851132722783,1
2025-10-17T04:20:30.922469+00:00,EPL,ML,"PINN,SBO,ISN",0.49838712574708716,0.4894430858088602,0.5112224300041273,0.012835304257040103,AC,2.0064723752664966,0
2025-10-17T04:18:30.922469+00:00,NHL,ML,"PINN,SBO,ISN",0.4637625577820367,0.42325136818532866,0.4761195681305284,0.012357010348491737,AC,2.1562758424969464,1
2025-10-17T04:17:30.922469+00:00,EPL,OU,"PINN,SBO,ISN",0.518390677490641,0.5262417066134457,0.5337270718901711,0.015336394399530051,AC,1.9290470361864365,1
2025-10-17T04:16:30.922469+00:00,NBA,OU,"PINN,SBO,ISN",0.5359309655125236,0.5150979067758416,0.5575925755083225,0.021661609995798914,AC,1.8659119632015964,0
2025-10-17T04:15:30.922469+00:00,NBA,AH,"PINN,SBO,ISN",0.5445181005313793,0.5456849132027779,0.5631184708809187,0.01860037034953943,AC,1.8364862417321468,0
2025-10-17T04:10:30.922469+00:00,EPL,ML,"PINN,SBO,ISN",0.5631595024201254,0.5729484972746749,0.5753615475163184,0.012202045096193048,AC,1.7756958653855497,1
2025-10-17T04:09:30.922469+00:00,EPL,AH,"PINN,SBO,ISN",0.4579465332900557,0.45455456741098776,0.4695160198976362,0.011569486607580504,AC,2.1836610331246176,0
2025-10-17T04:07:30.922469+00:00,NHL,ML,"PINN,SBO,ISN",0.5507273054760509,0.5533617293688999,0.5647452131588805,0.014017907682829622,AC,1.8157806777631917,0
2025-10-17T04:05:30.922469+00:00,NBA,OU,"PINN,SBO,ISN",0.5010746428794498,0.4779598246720427,0.5248839658201413,0.02380932294069149,AC,1.9957106475263873,0
2025-10-17T04:03:30.922469+00:00,NBA,OU,"PINN,SBO,ISN",0.497516951986576,0.5003693772322206,0.5093049692168647,0.011788017230288772,AC,2.0099817624445127,1
2025-10-17T04:02:30.922469+00:00,NBA,ML,"PINN,SBO,ISN",0.627313549216983,0.6275557672828738,0.6439406419089361,0.01662709269195306,AC,1.5940991570295377,1
2025-10-17T04:01:30.922469+00:00,EPL,ML,"PINN,SBO,ISN",0.5423282837182256,0.5565880464867663,0.5554820066392557,0.01315372292103012,AC,1.8439016183038763,1
2025-10-17T03:59:30.922469+00:00,NBA,ML,"PINN,SBO,ISN",0.37562692144437354,0.3602696796727985,0.3982992119961948,0.02267229055182124,AC,2.662215999201457,0
2025-10-17T03:58:30.922469+00:00,NBA,OU,"PINN,SBO,ISN",0.49683591190193704,0.4961204771626566,0.5130728617966903,0.016236949894753272,AC,2.012736954081884,0
2025-10-17T03:55:30.922469+00:00,NBA,AH,"PINN,SBO,ISN",0.5202147217667018,0.5009900309873236,0.5425585657619245,0.022343843995222712,AC,1.9222831614682085,1
2025-10-17T03:51:30.922469+00:00,EPL,AH,"PINN,SBO,ISN",0.5673043564603456,0.5840216010807131,0.592489099047584,0.02518474258723835,AC,1.7627222294562084,1
2025-10-17T03:50:30.922469+00:00,NBA,ML,"PINN,SBO,ISN",0.4497113001419556,0.4429345228511483,0.48810142007804835,0.03839011993609276,AC,2.22364881577212,1
2025-10-17T03:46:30.922469+00:00,NHL,OU,"PINN,SBO,ISN",0.5365566572395548,0.54742641176977,0.553052816612357,0.016496159372802133,AC,1.8637360780215482,0
2025-10-17T03:45:30.922469+00:00,EPL,OU,"PINN,SBO,ISN",0.4748928338832317,0.48070837857715853,0.48921828995290645,0.014325456069674725,AC,2.105738239558029,0
2025-10-17T03:44:30.922469+00:00,EPL,OU,"PINN,SBO,ISN",0.5289707452424458,0.5612832876886216,0.5422625709317597,0.013291825689313863,AC,1.8904637146647212,1
2025-10-17T03:43:30.922469+00:00,NHL,OU,"PINN,SBO,ISN",0.42957361467474886,0.434340834613778,0.4457397651390254,0.016166150464276552,AC,2.3278897163112515,0
2025-10-17T03:42:30.922469+00:00,NHL,AH,"PINN,SBO,ISN",0.457204081499115,0.46103775856460083,0.4761493530043615,0.018945271505246497,AC,2.1872070711204614,1
2025-10-17T03:40:30.922469+00:00,EPL,ML,"PINN,SBO,ISN",0.4521358608118231,0.46674566548863344,0.4644893893878559,0.01235352857603278,AC,2.2117245869515214,1
2025-10-17T03:39:30.922469+00:00,NBA,AH,"PINN,SBO,ISN",0.5114189544328147,0.5093010289817302,0.5306293133936102,0.01921035896079548,AC,1.955344031214178,1
2025-10-17T03:36:30.922469+00:00,EPL,ML,"PINN,SBO,ISN",0.5003754376148294,0.49866429075552116,0.5156075757211794,0.015232138106350046,AC,1.9984993763218315,1
2025-10-17T03:35:30.922469+00:00,EPL,AH,"PINN,SBO,ISN",0.5566196481944106,0.564032914502223,0.5683770499776833,0.01175740178327278,AC,1.796558930759717,0
2025-10-17T03:34:30.922469+00:00,EPL,AH,"PINN,SBO,ISN",0.5325679282516803,0.5472142627279589,0.5438129680171492,0.011245039765468867,AC,1.8776947445611505,0
2025-10-17T03:33:30.922469+00:00,NHL,AH,"PINN,SBO,ISN",0.4282417927006363,0.426835975732688,0.44390503317001717,0.01566324046938089,AC,2.3351293989632933,1
2025-10-17T03:32:30.922469+00:00,NBA,ML,"PINN,SBO,ISN",0.5017704394260422,0.47526942649937054,0.5368237682466065,0.03505332882056433,AC,1.9929432294653815,1
2025-10-17T03:29:30.922469+00:00,NHL,ML,"PINN,SBO,ISN",0.45240683199596704,0.4824436901094907,0.4754418571043296,0.023035025108362583,AC,2.210399864184444,1
2025-10-17T03:28:30.922469+00:00,NHL,OU,"PINN,SBO,ISN",0.43969368711416934,0.44930358821705424,0.45479676956679566,0.015103082452626315,AC,2.2743105696224006,1
2025-10-17T03:27:30.922469+00:00,NBA,OU,"PINN,SBO,ISN",0.5359333873262302,0.5432356937763645,0.5470397211874826,0.011106333861252371,AC,1.8659035313866086,1
2025-10-17T03:26:30.922469+00:00,NBA,AH,"PINN,SBO,ISN",0.43847695698973027,0.41891966973432687,0.4679475308112498,0.02947057382151952,AC,2.280621556182304,0
2025-10-17T03:25:30.922469+00:00,EPL,ML,"PINN,SBO,ISN",0.5069406453669457,0.4776866251871793,0.5236312169655309,0.016690571598585224,AC,1.9726175226611715,1
2025-10-17T03:24:30.922469+00:00,NBA,AH,"PINN,SBO,ISN",0.4590844518794357,0.4605634767132369,0.47141523917151684,0.012330787292081147,AC,2.1782484593109657,1
2025-10-17T03:22:30.922469+00:00,EPL,OU,"PINN,SBO,ISN",0.5020641702865161,0.5119262064537546,0.5229794127870162,0.020915242500500142,AC,1.991777265104028,1
2025-10-17T03:20:30.922469+00:00,EPL,ML,"PINN,SBO,ISN",0.5640526200101004,0.5919478056604514,0.582537047833826,0.018484427823725613,AC,1.7728842390309139,1
2025-10-17T03:19:30.922469+00:00,NBA,AH,"PINN,SBO,ISN",0.49230646012591195,0.4679908326889568,0.512930760741583,0.020624300615671,AC,2.031255083965871,0
