entry_ts,league,market,sharp_books_used,sharp_entry_odds,sharp_entry_prob,fair_prob,edge_vs_sharp_entry,exec_book,exec_odds,exec_prob,sharp_close_prob,latency_ms,result,selection,sharp_close_prob_close,clv_pp,pnl,stake
2025-10-17T08:45:25.029490+00:00,NBA,ML,"pinnacle,sbo,isn",1.827710341676789,0.5471326485369525,0.6,0.0528673514630474,DK,1.6771551926657418,0.5962477440209677,0.5565382957008647,41.0,PENDING,HOME,0.5942477440209677,-3.9709448320103036,,0.0
2025-10-17T08:45:25.036068+00:00,NBA,ML,"sbo,isn",1.9103984848603208,0.5234510014140402,0.6,0.0765489985859597,PB,1.662285953174598,0.6015812129617178,0.5232829898389973,85.0,PENDING,HOME,0.6005812129617178,-7.82982231227205,,0.0
2025-10-17T08:45:25.048628+00:00,NBA,ML,"pinnacle,isn",1.924779215389948,0.5195401072519408,0.6,0.0804598927480592,FD,1.667584264601948,0.5996698465121939,0.5308125193216211,138.0,PENDING,HOME,0.5996698465121939,-6.88573271905728,,0.0
2025-10-17T08:45:25.059602+00:00,NBA,ML,"pinnacle,sbo,isn",1.9849399955512368,0.5037935666777124,0.6,0.0962064333222876,DK,1.653454427650519,0.6047944130041449,0.5125780696907851,118.0,PENDING,HOME,0.6057944130041449,-9.22163433133598,,0.0
2025-10-17T08:45:25.072505+00:00,NBA,ML,"pinnacle,sbo,isn",1.9063881169030252,0.5245521576291216,0.6,0.0754478423708784,DK,1.6838211749441998,0.5938872933066298,0.5230068628084336,102.0,PENDING,HOME,0.5958872933066298,-7.088043049819626,,0.0
2025-10-17T08:45:25.084769+00:00,NBA,ML,"pinnacle,sbo,isn",1.7967949828676837,0.5565465228559358,0.6,0.0434534771440642,DK,1.6717577829904025,0.5981727796781796,0.5606738489718956,137.0,PENDING,HOME,0.5961727796781796,-3.749893070628396,,0.0
2025-10-17T08:45:25.096973+00:00,NBA,ML,"pinnacle,sbo,isn",1.8621501041094397,0.5370136369743637,0.6,0.0629863630256363,DK,1.6595824247469042,0.6025612136453576,0.5288759096918849,144.0,PENDING,HOME,0.6015612136453576,-7.368530395347273,,0.0
2025-10-17T08:45:25.108338+00:00,NBA,ML,"pinnacle,sbo,isn",1.8490376409708884,0.5408218728716211,0.6,0.0591781271283788,FD,1.6550789557950372,0.6042007823848126,0.5325770607147087,146.0,PENDING,HOME,0.6042007823848126,-7.162372167010389,,0.0
2025-10-17T08:45:25.121017+00:00,NBA,ML,"pinnacle,sbo,isn",1.862369855265175,0.5369502718124775,0.6,0.0630497281875225,PB,1.6505572939080686,0.6058559758518126,0.5423818144955294,93.0,PENDING,HOME,0.6068559758518126,-6.347416135628325,,0.0
2025-10-17T08:45:25.133485+00:00,NBA,ML,"sbo,isn",1.8913978447925477,0.5287094953360709,0.6,0.071290504663929,DK,1.6697095536602915,0.5989065570163549,0.5374237831155528,128.0,PENDING,HOME,0.6009065570163549,-6.148277390080203,,0.0
2025-10-17T08:45:25.145446+00:00,NBA,ML,"pinnacle,sbo,isn",1.9613313101172292,0.5098577659172889,0.6,0.090142234082711,DK,1.6706919120083006,0.59855440300655,0.5161706481756744,61.0,PENDING,HOME,0.59655440300655,-8.238375483087568,,0.0
2025-10-17T08:45:25.157212+00:00,NBA,ML,"pinnacle,sbo,isn",1.7579050856839382,0.5688589265392197,0.6,0.0311410734607803,PB,1.6578403543473632,0.6031943892412167,0.5661075040269529,179.0,PENDING,HOME,0.6021943892412167,-3.7086885214263843,,0.0
2025-10-17T08:45:25.169929+00:00,NBA,ML,"pinnacle,sbo,isn",1.8710670699213805,0.5344543849205889,0.6,0.065545615079411,FD,1.6436167258002388,0.608414348858079,0.5311055346207312,126.0,PENDING,HOME,0.608414348858079,-7.730881423734781,,0.0
2025-10-17T08:45:25.181607+00:00,NBA,ML,"pinnacle,sbo,isn",1.8897162558539664,0.529179974455,0.6,0.070820025545,FD,1.677758710284473,0.5960332638240003,0.5256927237325156,101.0,PENDING,HOME,0.5970332638240003,-7.034054009148472,,0.0
2025-10-17T08:45:25.192897+00:00,NBA,ML,"pinnacle,sbo,isn",1.8682359166754,0.5352643052594448,0.6,0.0647356947405551,FD,1.6491351734491286,0.6063784316166896,0.52393143311941,83.0,PENDING,HOME,0.6083784316166896,-8.244699849727954,,0.0
2025-10-17T08:45:25.204014+00:00,NBA,ML,"pinnacle,sbo,isn",1.8243717825874068,0.5481338889059962,0.6,0.0518661110940037,MGM,1.676312242100122,0.5965475732296611,0.543861362442631,126.0,PENDING,HOME,0.5945475732296611,-5.268621078703017,,0.0
2025-10-17T08:45:25.215180+00:00,NBA,ML,"pinnacle,sbo,isn",1.8912326898189613,0.528755665753496,0.6,0.071244334246504,PB,1.6730350080269447,0.597716123812213,0.5221364063428294,105.0,PENDING,HOME,0.596716123812213,-7.557971746938352,,0.0
2025-10-17T08:45:25.226337+00:00,NBA,ML,"pinnacle,sbo,isn",1.8986787839610677,0.5266820319726631,0.6,0.0733179680273369,MGM,1.6734577321944712,0.5975651375960721,0.5219880085706358,120.0,PENDING,HOME,0.5975651375960721,-7.557712902543634,,0.0
2025-10-17T08:45:25.237425+00:00,NBA,ML,"pinnacle,sbo,isn",1.821446922168669,0.5490140765723603,0.6,0.0509859234276396,PB,1.675959654980527,0.5966730744551361,0.5480292217272661,103.0,PENDING,HOME,0.5976730744551361,-4.864385272786997,,0.0
2025-10-17T08:45:25.248894+00:00,NBA,ML,"pinnacle,sbo,isn",1.890958247611423,0.5288324061428415,0.6,0.0711675938571584,PB,1.6468073709485178,0.6072355623621154,0.5156054100192975,80.0,PENDING,HOME,0.6092355623621154,-9.16301523428179,,0.0
2025-10-17T08:45:25.260241+00:00,NBA,ML,"pinnacle,sbo,isn",1.8411307621903557,0.5431444743285483,0.6,0.0568555256714516,MGM,1.6614309087017114,0.601890812770197,0.556136757306409,105.0,PENDING,HOME,0.599890812770197,-4.575405546378796,,0.0
2025-10-17T08:45:25.271713+00:00,NBA,ML,"pinnacle,sbo,isn",1.8580063930328337,0.5382112805153995,0.6,0.0617887194846005,DK,1.663818243693999,0.6010271877893382,0.5287110599662936,106.0,PENDING,HOME,0.6000271877893382,-7.2316127823044525,,0.0
2025-10-17T08:45:25.283311+00:00,NBA,ML,"pinnacle,sbo,isn",1.9085005994582795,0.5239715409488717,0.6,0.0760284590511283,DK,1.672722250790238,0.5978278817822706,0.5263488969721944,96.0,PENDING,HOME,0.5978278817822706,-7.147898481007619,,0.0
2025-10-17T08:45:25.294505+00:00,NBA,ML,"pinnacle,sbo,isn",1.878933521475284,0.532216807338042,0.6,0.0677831926619579,FD,1.659344908077922,0.602647463545319,0.534543569451589,120.0,PENDING,HOME,0.603647463545319,-6.810389409372997,,0.0
2025-10-17T08:45:25.305936+00:00,NBA,ML,"pinnacle,sbo,isn",1.9378204590510864,0.5160436795520679,0.6,0.0839563204479321,MGM,1.6525716422316492,0.6051174874631093,0.517836435901631,128.0,PENDING,HOME,0.6071174874631093,-8.728105156147837,,0.0
2025-10-17T08:45:25.318391+00:00,NBA,ML,"pinnacle,sbo,isn",1.826325514894092,0.5475475164995379,0.6,0.052452483500462,DK,1.6716379935104886,0.5982156447042525,0.5621805454117336,72.0,PENDING,HOME,0.5962156447042525,-3.6035099292518913,,0.0
2025-10-17T08:45:25.329701+00:00,NBA,ML,"pinnacle,sbo,isn",1.828738486424034,0.5468250421936642,0.6,0.0531749578063357,FD,1.6612701716782463,0.6019490490157788,0.5330581807181012,145.0,PENDING,HOME,0.6009490490157788,-6.889086829767765,,0.0
2025-10-17T08:45:25.340816+00:00,NBA,ML,"sbo,isn",1.8847767982826296,0.5305668028761706,0.6,0.0694331971238293,MGM,1.652679774938646,0.6050778954060377,0.5337019413506726,153.0,PENDING,HOME,0.6050778954060377,-7.137595405536512,,0.0
2025-10-17T08:45:25.351993+00:00,NBA,ML,"pinnacle,sbo,isn",1.841209906141946,0.5431211273979025,0.6,0.0568788726020974,DK,1.6724422988772043,0.59792795283362,0.5332257461975839,34.0,PENDING,HOME,0.59892795283362,-6.47022066360361,,0.0
2025-10-17T08:45:25.363147+00:00,NBA,ML,"pinnacle,sbo,isn",1.9172082963011343,0.5215917341528814,0.6,0.0784082658471185,PB,1.6609177147385192,0.6020767863008984,0.5154707661622833,114.0,PENDING,HOME,0.6040767863008984,-8.660602013861517,,0.0
2025-10-17T08:45:25.374120+00:00,NBA,ML,"pinnacle,sbo,isn",1.882693244639608,0.5311539746834455,0.6,0.0688460253165544,FD,1.6644663138129323,0.6007931741851934,0.5207974371551873,53.0,PENDING,HOME,0.5987931741851934,-7.999573703000607,,0.0
2025-10-17T08:45:25.385808+00:00,NBA,ML,"pinnacle,sbo,isn",1.9075140533837769,0.524242533482823,0.6,0.0757574665171769,MGM,1.6705742340057954,0.5985965661652428,0.5419218326186218,125.0,PENDING,HOME,0.5975965661652428,-5.6674733546621,,0.0
2025-10-17T08:45:25.397794+00:00,NBA,ML,"pinnacle,sbo,isn",1.8910863446979305,0.528796584462532,0.6,0.071203415537468,PB,1.6503700359468612,0.6059247188320851,0.5191454168402082,90.0,PENDING,HOME,0.6059247188320851,-8.677930199187688,,0.0
2025-10-17T08:45:25.409804+00:00,NBA,ML,"pinnacle,sbo,isn",1.9280197611068215,0.5186668830748541,0.6,0.0813331169251458,FD,1.678394295805379,0.5958075539813182,0.5096376112939838,157.0,PENDING,HOME,0.5968075539813182,-8.616994268733446,,0.0
2025-10-17T08:45:25.421598+00:00,NBA,ML,"pinnacle,sbo,isn",1.883522986766854,0.53091998718664,0.6,0.0690800128133599,MGM,1.6661007127179466,0.6002038126306771,0.5243721102323461,137.0,PENDING,HOME,0.6022038126306771,-7.583170239833104,,0.0
2025-10-17T08:45:25.433551+00:00,NBA,ML,"pinnacle,sbo,isn",1.8740491957280256,0.5336039215403428,0.6,0.0663960784596572,FD,1.64910456097952,0.6063896878715981,0.535329800717564,183.0,PENDING,HOME,0.6043896878715981,-7.105988715403411,,0.0
2025-10-17T08:45:25.445286+00:00,NBA,ML,"pinnacle,sbo,isn",1.9140035284089567,0.5224650765567106,0.6,0.0775349234432893,FD,1.6706459523600476,0.5985708693019872,0.5355250939737788,128.0,PENDING,HOME,0.5975708693019872,-6.3045775328208435,,0.0
2025-10-17T08:45:25.457214+00:00,NBA,ML,"sbo,isn",1.8568088340271187,0.5385584028223096,0.6,0.0614415971776903,DK,1.6726429703565662,0.5978562178076919,0.5539159627422695,127.0,PENDING,HOME,0.5978562178076919,-4.394025506542243,,0.0
2025-10-17T08:45:25.468945+00:00,NBA,ML,"pinnacle,sbo,isn",1.9406776857330448,0.5152839172375365,0.6,0.0847160827624634,FD,1.6899160805035844,0.5917453603388437,0.5325205744453695,112.0,PENDING,HOME,0.5927453603388437,-5.922478589347424,,0.0
2025-10-17T08:45:25.480745+00:00,NBA,ML,"pinnacle,sbo,isn",1.9559382817117443,0.511263575824513,0.6,0.088736424175487,FD,1.651431581652841,0.6055352284102175,0.5023163056349548,145.0,PENDING,HOME,0.6075352284102175,-10.321892277526267,,0.0
2025-10-17T08:45:25.492302+00:00,NBA,ML,"pinnacle,sbo,isn",1.94543243022791,0.5140245348345759,0.6,0.085975465165424,MGM,1.6643997140535978,0.6008172144926225,0.5174002803225652,176.0,PENDING,HOME,0.5988172144926225,-8.341693417005725,,0.0
2025-10-17T08:45:25.503374+00:00,NBA,ML,"pinnacle,sbo,isn",1.8016308539267727,0.5550526612154949,0.6,0.044947338784505,MGM,1.6386703644665366,0.6102508605051551,0.5545654771961938,86.0,PENDING,HOME,0.6092508605051551,-5.568538330896134,,0.0
2025-10-17T08:45:25.514513+00:00,NBA,ML,"pinnacle,sbo,isn",1.77589932763004,0.5630949820418664,0.6,0.0369050179581336,MGM,1.6620389485660532,0.601670617203504,0.5722540074654265,66.0,PENDING,HOME,0.601670617203504,-2.941660973807747,,0.0
2025-10-17T08:45:25.525482+00:00,NBA,ML,"pinnacle,sbo,isn",1.881519527138917,0.5314853157652972,0.6,0.0685146842347027,DK,1.6734793199181917,0.5975574290627537,0.5266436214319614,106.0,PENDING,HOME,0.5985574290627537,-7.091380763079225,,0.0
2025-10-17T08:45:25.536417+00:00,NBA,ML,"pinnacle,sbo,isn",1.9092869151539296,0.5237557498891561,0.6,0.0762442501108439,PB,1.685450991383869,0.5933130094627863,0.522210693096657,92.0,PENDING,HOME,0.5953130094627863,-7.110231636612929,,0.0
2025-10-17T08:45:25.547432+00:00,NBA,ML,"sbo,isn",1.913158600083996,0.5226958182955118,0.6,0.0773041817044881,DK,1.669122688322904,0.5991171332077314,0.5118519375731782,123.0,PENDING,HOME,0.5971171332077314,-8.726519563455327,,0.0
2025-10-17T08:45:25.558363+00:00,NBA,ML,"pinnacle,sbo,isn",1.7774926075243904,0.5625902441263898,0.6,0.0374097558736101,MGM,1.6931481329113018,0.5906157769435916,0.5540578106208016,108.0,PENDING,HOME,0.5896157769435916,-3.655796632278996,,0.0
2025-10-17T08:45:25.569783+00:00,NBA,ML,"pinnacle,sbo,isn",1.941099277075279,0.5151720016643014,0.6,0.0848279983356985,MGM,1.6710616284269948,0.5984219749820483,0.5272305378731837,90.0,PENDING,HOME,0.5984219749820483,-7.119143710886455,,0.0
2025-10-17T08:45:25.582643+00:00,NBA,ML,"pinnacle,sbo,isn",1.8542561262345376,0.5392998226359986,0.6,0.0607001773640013,FD,1.6644104761477738,0.6008133296027245,0.528675678517403,98.0,PENDING,HOME,0.6018133296027245,-7.213765108532144,,0.0
2025-10-17T08:45:25.594455+00:00,NBA,ML,"pinnacle,sbo,isn",1.878179082067858,0.5324305917085441,0.6,0.0675694082914558,MGM,1.6653584921232192,0.6004713127712628,0.5148533077949778,61.0,PENDING,HOME,0.6024713127712628,-8.561800497628491,,0.0
2025-10-17T08:45:25.606358+00:00,NBA,ML,"pinnacle,sbo,isn",1.907730129456349,0.524183155971318,0.6,0.0758168440286819,PB,1.651571501626908,0.6054839278922731,0.5425522912545312,236.0,PENDING,HOME,0.6034839278922731,-6.293163663774193,,0.0
2025-10-17T08:45:25.617591+00:00,NBA,ML,"pinnacle,sbo,isn",1.9108823772707253,0.523318448008443,0.6,0.076681551991557,DK,1.6714240346417273,0.5982922222452974,0.5406054244524989,80.0,PENDING,HOME,0.5972922222452974,-5.76867977927985,,0.0
2025-10-17T08:45:25.628671+00:00,NBA,ML,"pinnacle,sbo,isn",1.792887112323465,0.5577596007726694,0.6,0.0422403992273305,PB,1.672727041412074,0.5978261696276669,0.5539980400603685,114.0,PENDING,HOME,0.5978261696276669,-4.382812956729842,,0.0
2025-10-17T08:45:25.640184+00:00,NBA,ML,"pinnacle,sbo,isn",1.7293491415469548,0.5782522314178096,0.6,0.0217477685821904,PB,1.6629750354529844,0.6013319374500448,0.5805739303140721,97.0,PENDING,HOME,0.6023319374500448,-2.0758007135972645,,0.0
2025-10-17T08:45:25.651869+00:00,NBA,ML,"pinnacle,sbo,isn",1.788422272535538,0.5591520612088154,0.6,0.0408479387911845,PB,1.668828207051802,0.5992228533616576,0.5626696252928075,122.0,PENDING,HOME,0.6012228533616576,-3.6553228068850085,,0.0
2025-10-17T08:45:25.663225+00:00,NBA,ML,"pinnacle,sbo,isn",1.9303427762976917,0.5180427084136601,0.6,0.0819572915863399,PB,1.671074044549426,0.5984175286916334,0.5170698424295251,203.0,PENDING,HOME,0.5964175286916334,-8.134768626210832,,0.0
2025-10-17T08:45:25.674603+00:00,NBA,ML,"pinnacle,sbo,isn",1.870656409058941,0.5345717124520283,0.6,0.0654282875479717,MGM,1.6561356148239692,0.6038152860484738,0.5234475977321941,167.0,PENDING,HOME,0.6028152860484738,-8.036768831627972,,0.0
2025-10-17T08:45:25.686054+00:00,NBA,ML,"pinnacle,sbo,isn",1.856201610022185,0.5387345828172448,0.6,0.0612654171827551,MGM,1.6427835240361208,0.608722929934871,0.5480089676328267,138.0,PENDING,HOME,0.608722929934871,-6.071396230204429,,0.0
2025-10-17T08:45:25.697326+00:00,NBA,ML,"pinnacle,sbo,isn",1.8582716396404295,0.5381344571310883,0.6,0.0618655428689116,DK,1.6703374727386882,0.5986814139782174,0.5386591251146507,108.0,PENDING,HOME,0.5996814139782174,-6.002228886356664,,0.0
2025-10-17T08:45:25.709804+00:00,NBA,ML,"pinnacle,sbo,isn",1.952856897767234,0.5120702910404409,0.6,0.0879297089595591,PB,1.6687882877779217,0.5992371874394876,0.5267852107703724,17.0,PENDING,HOME,0.6012371874394876,-7.245197666911518,,0.0
2025-10-17T08:45:25.722078+00:00,NBA,ML,"pinnacle,sbo,isn",1.8815243053697612,0.5314839660301267,0.6,0.0685160339698732,MGM,1.670787859704289,0.5985200300515645,0.5277648202169138,49.0,PENDING,HOME,0.5965200300515645,-7.075520983465067,,0.0
2025-10-17T08:45:25.734711+00:00,NBA,ML,"pinnacle,sbo,isn",1.835013399686776,0.5449551486494285,0.6,0.0550448513505714,MGM,1.6456319061043991,0.6076693070245807,0.5535934287864104,106.0,PENDING,HOME,0.6066693070245807,-5.407587823817028,,0.0
2025-10-17T08:45:25.746694+00:00,NBA,ML,"pinnacle,sbo,isn",1.8665479298731595,0.5357483641301162,0.6,0.0642516358698838,PB,1.662034352933283,0.6016722808617794,0.5487488100771057,143.0,PENDING,HOME,0.6016722808617794,-5.292347078467364,,0.0
2025-10-17T08:45:25.758243+00:00,NBA,ML,"pinnacle,sbo,isn",2.0085883551722614,0.4978620917645604,0.6,0.1021379082354395,DK,1.6727874891932066,0.5978045666053521,0.5153014370262383,137.0,PENDING,HOME,0.5988045666053521,-8.250312957911376,,0.0
2025-10-17T08:45:25.770178+00:00,NBA,ML,"pinnacle,sbo,isn",1.803041354349617,0.5546184493148879,0.6,0.045381550685112,FD,1.6675914269335428,0.5996672709207039,0.5476442110818851,159.0,PENDING,HOME,0.6016672709207039,-5.2023059838818835,,0.0
2025-10-17T08:45:25.781664+00:00,NBA,ML,"pinnacle,sbo,isn",1.82130204908134,0.5490577471783977,0.6,0.0509422528216022,MGM,1.6640229355635163,0.6009532552875257,0.5607702181130709,150.0,PENDING,HOME,0.5989532552875257,-4.018303717445482,,0.0
2025-10-17T08:45:25.793003+00:00,NBA,ML,"pinnacle,sbo,isn",1.93466962526048,0.5168841165143956,0.6,0.0831158834856043,PB,1.6451151068898815,0.6078602012782662,0.5162145847854136,73.0,PENDING,HOME,0.6068602012782662,-9.164561649285263,,0.0
2025-10-17T08:45:25.804347+00:00,NBA,ML,"pinnacle,sbo,isn",1.8981616099625955,0.5268255320049938,0.6,0.0731744679950061,PB,1.6755685969419076,0.5968123309455114,0.5198362277192063,79.0,PENDING,HOME,0.5968123309455114,-7.69761032263051,,0.0
2025-10-17T08:45:25.815784+00:00,NBA,ML,"pinnacle,sbo,isn",1.8512686596352463,0.5401701124228122,0.6,0.0598298875771877,PB,1.6573971169928758,0.6033557013869829,0.5432902071383247,166.0,PENDING,HOME,0.6043557013869829,-6.006549424865826,,0.0
2025-10-17T08:45:25.827553+00:00,NBA,ML,"pinnacle,sbo,isn",1.877464883083405,0.5326331315223729,0.6,0.067366868477627,FD,1.6709047317309846,0.5984781663548486,0.5333534672546987,136.0,PENDING,HOME,0.6004781663548486,-6.512469910014995,,0.0
2025-10-17T08:45:25.838995+00:00,NBA,ML,"pinnacle,sbo,isn",1.894886585004533,0.527736070281804,0.6,0.0722639297181959,MGM,1.6584971388380267,0.6029555171259555,0.5336451335097375,56.0,PENDING,HOME,0.6009555171259555,-6.9310383616218,,0.0
2025-10-17T08:45:25.850358+00:00,NBA,ML,"pinnacle,sbo,isn",1.815107063750658,0.5509316888082864,0.6,0.0490683111917136,FD,1.678508318857078,0.5957670800707829,0.5452222521930684,152.0,PENDING,HOME,0.5947670800707829,-5.054482787771453,,0.0
2025-10-17T08:45:25.861872+00:00,NBA,ML,"pinnacle,sbo,isn",1.8797366567948,0.5319894126580116,0.6,0.0680105873419884,FD,1.6699286063004997,0.5988279955365065,0.5346928450508288,85.0,PENDING,HOME,0.5988279955365065,-6.413515048567763,,0.0
2025-10-17T08:45:25.873735+00:00,NBA,ML,"pinnacle,sbo,isn",1.7912677738139349,0.5582638255534615,0.6,0.0417361744465384,DK,1.6720086488091617,0.5980830306782325,0.5682620680225645,77.0,PENDING,HOME,0.5990830306782325,-2.9820962655668026,,0.0
2025-10-17T08:45:25.885068+00:00,NBA,ML,"pinnacle,sbo,isn",1.8557022072793596,0.5388795659547647,0.6,0.0611204340452352,MGM,1.6564026540357095,0.6037179411440629,0.5306570657818616,128.0,PENDING,HOME,0.6057179411440629,-7.306087536220129,,0.0
2025-10-17T08:45:25.896425+00:00,NBA,ML,"pinnacle,sbo,isn",1.9392720623163815,0.5156574053903198,0.6,0.0843425946096801,FD,1.685331155731692,0.593355197047815,0.5242253452159851,153.0,PENDING,HOME,0.591355197047815,-6.912985183182996,,0.0
2025-10-17T08:45:25.907887+00:00,NBA,ML,"sbo,isn",1.942005011739116,0.5149317298128259,0.6,0.0850682701871741,FD,1.663822062131338,0.6010258084443302,0.4948965068921607,184.0,PENDING,HOME,0.6000258084443302,-10.612930155216949,,0.0
2025-10-17T08:45:25.919466+00:00,NBA,ML,"pinnacle,sbo,isn",1.844959405903675,0.542017345639208,0.6,0.0579826543607919,MGM,1.6850555470471973,0.5934522465756974,0.5259947502286187,69.0,PENDING,HOME,0.5934522465756974,-6.745749634707865,,0.0
2025-10-17T08:45:25.931153+00:00,NBA,ML,"pinnacle,sbo,isn",2.0033316994164307,0.499168460365949,0.6,0.1008315396340509,DK,1.6727951833079258,0.597801816969915,0.5044103387940767,131.0,PENDING,HOME,0.598801816969915,-9.339147817583825,,0.0
2025-10-17T08:45:25.942262+00:00,NBA,ML,"pinnacle,sbo,isn",1.93343378748654,0.5172145053387103,0.6,0.0827854946612897,MGM,1.6674219196641022,0.599728232073048,0.5124967450023269,138.0,PENDING,HOME,0.601728232073048,-8.723148707072115,,0.0
2025-10-17T08:45:25.953399+00:00,NBA,ML,"pinnacle,sbo,isn",1.9144574737370132,0.5223411925928049,0.6,0.0776588074071951,DK,1.657517515860366,0.6033118747954412,0.5237236069133917,150.0,PENDING,HOME,0.6013118747954412,-7.958826788204954,,0.0
2025-10-17T08:45:25.964684+00:00,NBA,ML,"pinnacle,sbo,isn",1.819106287527086,0.5497204901421189,0.6,0.0502795098578811,PB,1.656936675222518,0.6035233663143494,0.5479243760038043,127.0,PENDING,HOME,0.6025233663143494,-5.559899031054516,,0.0
2025-10-17T08:45:25.975677+00:00,NBA,ML,"pinnacle,sbo,isn",1.8092140116717577,0.5527262079271515,0.6,0.0472737920728484,PB,1.6739366748592142,0.5973941637213395,0.5500678200079978,115.0,PENDING,HOME,0.5973941637213395,-4.732634371334166,,0.0
2025-10-17T08:45:25.986763+00:00,NBA,ML,"pinnacle,sbo,isn",1.911696729403496,0.5230955227464498,0.6,0.0769044772535502,MGM,1.6488525689275866,0.6064823616403738,0.5082736687720215,26.0,PENDING,HOME,0.6074823616403738,-9.820869286835233,,0.0
2025-10-17T08:45:25.997839+00:00,NBA,ML,"pinnacle,sbo,isn",1.959365258186772,0.5103693636608705,0.6,0.0896306363391294,FD,1.6627193146698669,0.6014244203319129,0.512347264480289,163.0,PENDING,HOME,0.6034244203319129,-8.90771558516239,,0.0
2025-10-17T08:45:26.009041+00:00,NBA,ML,"pinnacle,sbo,isn",1.9433941395237395,0.5145636593537667,0.6,0.0854363406462332,PB,1.6560478783626158,0.6038472758340356,0.5280995182494607,123.0,PENDING,HOME,0.6018472758340356,-7.574775758457497,,0.0
2025-10-17T08:45:26.020646+00:00,NBA,ML,"pinnacle,sbo,isn",1.849898883105264,0.5405700869019323,0.6,0.0594299130980676,FD,1.646354269923014,0.607402682562825,0.5316887483645958,105.0,PENDING,HOME,0.606402682562825,-7.571393419822925,,0.0
2025-10-17T08:45:26.031745+00:00,NBA,ML,"pinnacle,isn",1.7932041370814835,0.5576609931469056,0.6,0.0423390068530943,DK,1.647688297434854,0.6069109075768852,0.5615892678295048,78.0,PENDING,HOME,0.6069109075768852,-4.532163974738035,,0.0
2025-10-17T08:45:26.044028+00:00,NBA,ML,"pinnacle,sbo",1.8708377625561907,0.5345198926462043,0.6,0.0654801073537957,MGM,1.6416195762829846,0.6091545291292376,0.5438028625618891,95.0,PENDING,HOME,0.6101545291292376,-6.535166656734848,,0.0
2025-10-17T08:45:26.056262+00:00,NBA,ML,"pinnacle,sbo,isn",1.9313140730492144,0.5177821743002013,0.6,0.0822178256997986,PB,1.6576286773123072,0.6032714163834377,0.5220610787071506,112.0,PENDING,HOME,0.6052714163834377,-8.121033767628717,,0.0
2025-10-17T08:45:26.068347+00:00,NBA,ML,"pinnacle,sbo,isn",1.8711836094805168,0.5344210984605742,0.6,0.0655789015394258,DK,1.6852133049435405,0.5933966917223591,0.5309932369519303,60.0,PENDING,HOME,0.5913966917223591,-6.240345477042874,,0.0
2025-10-17T08:45:26.082216+00:00,NBA,ML,"pinnacle,sbo,isn",1.8879251657311469,0.5296820118464414,0.6,0.0703179881535586,FD,1.6822922519465893,0.5944270377771131,0.5335157829782661,114.0,PENDING,HOME,0.5934270377771131,-6.091125479884707,,0.0
2025-10-17T08:45:26.096729+00:00,NBA,ML,"pinnacle,sbo,isn",1.899464492672848,0.526464171274316,0.6,0.0735358287256839,MGM,1.6960217004049478,0.5896150973547312,0.5271579826256437,126.0,PENDING,HOME,0.5896150973547312,-6.245711472908743,,0.0
2025-10-17T08:45:26.108208+00:00,NBA,ML,"sbo,isn",1.835192063676948,0.5449020948774285,0.6,0.0550979051225715,MGM,1.6713055196014384,0.5983346481369087,0.5446434663978899,132.0,PENDING,HOME,0.5993346481369087,-5.369118173901888,,0.0
2025-10-17T08:45:26.119288+00:00,NBA,ML,"pinnacle,sbo,isn",1.8026679457611088,0.5547333341958258,0.6,0.0452666658041741,DK,1.638364152088325,0.6103649171799564,0.5435594930659298,101.0,PENDING,HOME,0.6123649171799564,-6.6805424114026675,,0.0
2025-10-17T08:45:26.130421+00:00,NBA,ML,isn,1.833515729952044,0.5454002840903662,0.6,0.0545997159096337,PB,1.6821705792306854,0.5944700331504635,0.53577937292695,133.0,PENDING,HOME,0.5924700331504635,-5.869066022351355,,0.0
2025-10-17T08:45:26.141403+00:00,NBA,ML,"pinnacle,sbo,isn",1.9038441994094917,0.5252530644630303,0.6,0.0747469355369696,FD,1.669244615353112,0.5990733717529231,0.5314447756327842,106.0,PENDING,HOME,0.5980733717529231,-6.762859612013883,,0.0
2025-10-17T08:45:26.152867+00:00,NBA,ML,"sbo,isn",1.9552786000175588,0.5114360684922444,0.6,0.0885639315077555,DK,1.6667547138506142,0.5999683046881886,0.5374128057582027,128.0,PENDING,HOME,0.5999683046881886,-6.255549892998591,,0.0
2025-10-17T08:45:26.164025+00:00,NBA,ML,"pinnacle,sbo,isn",1.78944535934269,0.5588323749473558,0.6,0.0411676250526441,FD,1.6747722446632876,0.597096114523351,0.5582645430034289,113.0,PENDING,HOME,0.598096114523351,-3.8831571519922115,,0.0
2025-10-17T08:45:26.175137+00:00,NBA,ML,"pinnacle,sbo,isn",1.926211112238294,0.5191538942156662,0.6,0.0808461057843338,MGM,1.6549230953257312,0.6042576859459288,0.5258097465788004,163.0,PENDING,HOME,0.6062576859459288,-7.8447939367128345,,0.0
2025-10-17T08:45:26.186392+00:00,NBA,ML,"pinnacle,sbo,isn",1.8437333215104168,0.5423777876839496,0.6,0.0576222123160503,MGM,1.672995687135763,0.5977301721034565,0.5392910571284855,157.0,PENDING,HOME,0.5957301721034565,-5.843911497497101,,0.0
2025-10-17T08:45:26.197505+00:00,NBA,ML,"pinnacle,sbo,isn",1.905308540052855,0.5248493768742878,0.6,0.0751506231257121,FD,1.6394677330944734,0.6099540599756199,0.5098987685720158,174.0,PENDING,HOME,0.6089540599756199,-10.005529140360414,,0.0
2025-10-17T08:45:26.208588+00:00,NBA,ML,"pinnacle,sbo,isn",1.869883171582422,0.5347927695149703,0.6,0.0652072304850296,DK,1.646056618679953,0.6075125172802045,0.5051474811365538,98.0,PENDING,HOME,0.6075125172802045,-10.236503614365066,,0.0
2025-10-17T08:45:26.219732+00:00,NBA,ML,"pinnacle,sbo",1.9125400530953696,0.5228648667417657,0.6,0.0771351332582342,MGM,1.658930902022974,0.6027978614302474,0.5275156688367687,57.0,PENDING,HOME,0.6037978614302474,-7.528219259347868,,0.0
2025-10-17T08:45:26.230947+00:00,NBA,ML,"pinnacle,sbo,isn",1.917228070070127,0.5215863545975638,0.6,0.0784136454024362,DK,1.6654716816884765,0.6004305032591052,0.5294944158144645,133.0,PENDING,HOME,0.6024305032591052,-7.093608744464063,,0.0
2025-10-17T08:45:26.241948+00:00,NBA,ML,"pinnacle,sbo,isn",1.8391896947603443,0.543717705057229,0.6,0.0562822949427709,DK,1.6792303238250026,0.5955109229579473,0.560007074533469,81.0,PENDING,HOME,0.5935109229579473,-3.550384842447829,,0.0
2025-10-17T08:45:26.253076+00:00,NBA,ML,"pinnacle,sbo,isn",1.8078631302226995,0.553139219049628,0.6,0.0468607809503719,FD,1.6640133421100574,0.6009567199334753,0.5671774329702937,102.0,PENDING,HOME,0.5999567199334753,-3.3779286963181665,,0.0
2025-10-17T08:45:26.264327+00:00,NBA,ML,"pinnacle,sbo,isn",1.841916017521512,0.5429129181175172,0.6,0.0570870818824827,FD,1.670260912584154,0.5987088558833865,0.5585600983342163,105.0,PENDING,HOME,0.5987088558833865,-4.014875754917025,,0.0
2025-10-17T08:45:26.275305+00:00,NBA,ML,"pinnacle,sbo,isn",1.808949985622536,0.5528068813112363,0.6,0.0471931186887636,MGM,1.6729728535011912,0.5977383302467842,0.5371492905894312,145.0,PENDING,HOME,0.5987383302467842,-6.058903965735308,,0.0
2025-10-17T08:45:26.286281+00:00,NBA,ML,"pinnacle,sbo,isn",1.9477566515846296,0.5134111590307924,0.6,0.0865888409692076,PB,1.6340635541386768,0.6119713015245023,0.5055455012797507,52.0,PENDING,HOME,0.6139713015245023,-10.642580024475157,,0.0
2025-10-17T08:45:26.297468+00:00,NBA,ML,"pinnacle,sbo,isn",1.8258122743149008,0.5477014335305802,0.6,0.0522985664694197,MGM,1.6641811202806245,0.6008961331272488,0.5451676578411001,113.0,PENDING,HOME,0.5988961331272488,-5.572847528614866,,0.0
2025-10-17T08:45:26.308444+00:00,NBA,ML,"pinnacle,sbo,isn",1.8218085225366385,0.548905105904119,0.6,0.0510948940958809,FD,1.6765421937299174,0.5964657517955048,0.5555317656079738,135.0,PENDING,HOME,0.5954657517955048,-4.093398618753097,,0.0
2025-10-17T08:45:26.319382+00:00,NBA,ML,"pinnacle,sbo,isn",1.8208269547617084,0.5492010085773746,0.6,0.0507989914226253,PB,1.6954191860200625,0.5898246334863446,0.5483300668668495,107.0,PENDING,HOME,0.5898246334863446,-4.149456661949513,,0.0
2025-10-17T08:45:26.330375+00:00,NBA,ML,"pinnacle,sbo,isn",1.8569995389306853,0.5385030954697109,0.6,0.0614969045302891,MGM,1.6495597452918491,0.6062223589380054,0.5296151223374017,117.0,PENDING,HOME,0.6072223589380054,-7.6607236600603645,,0.0
2025-10-17T08:45:26.341460+00:00,NBA,ML,"pinnacle,sbo,isn",1.8978022958397016,0.526925276775229,0.6,0.0730747232247709,MGM,1.6561016314840835,0.6038276763871485,0.5359271224154287,149.0,PENDING,HOME,0.6058276763871485,-6.7900553971719795,,0.0
2025-10-17T08:45:26.352413+00:00,NBA,ML,"pinnacle,sbo,isn",1.8280247679111796,0.5470385399332774,0.6,0.0529614600667225,DK,1.6743186926618585,0.5972578603958509,0.5489182758081385,62.0,PENDING,HOME,0.5952578603958509,-4.833958458771248,,0.0
2025-10-17T08:45:26.363434+00:00,NBA,ML,"pinnacle,sbo,isn",1.9018323908560293,0.5258086910329108,0.6,0.0741913089670891,MGM,1.6542638949850583,0.6044984739324387,0.5277071249612852,61.0,PENDING,HOME,0.6034984739324387,-7.679134897115347,,0.0
2025-10-17T08:45:26.374713+00:00,NBA,ML,"pinnacle,sbo,isn",1.8060394988890367,0.5536977461540226,0.6,0.0463022538459774,MGM,1.6631668461791815,0.6012625866715148,0.5573322895324133,23.0,PENDING,HOME,0.6012625866715148,-4.3930297139101455,,0.0
2025-10-17T08:45:26.385696+00:00,NBA,ML,"pinnacle,sbo,isn",1.842706243020448,0.5426800955321359,0.6,0.057319904467864,PB,1.651907792560364,0.6053606651071343,0.5498240603584426,199.0,PENDING,HOME,0.6063606651071343,-5.5536604748691705,,0.0
2025-10-17T08:45:26.396696+00:00,NBA,ML,"pinnacle,sbo,isn",1.942211460385865,0.5148769948053582,0.6,0.0851230051946417,DK,1.6699432117030475,0.5988227581584503,0.5309881562903545,71.0,PENDING,HOME,0.6008227581584503,-6.783460186809586,,0.0
2025-10-17T08:45:26.407743+00:00,NBA,ML,"pinnacle,sbo,isn",1.9525851430745715,0.5121415593818276,0.6,0.0878584406181723,MGM,1.6440370562696738,0.6082587957408964,0.4993308673133693,103.0,PENDING,HOME,0.6062587957408964,-10.892792842752709,,0.0
2025-10-17T08:45:26.419128+00:00,NBA,ML,"pinnacle,sbo,isn",1.8758796889448095,0.5330832280414018,0.6,0.0669167719585981,FD,1.6700298244956673,0.5987917014008958,0.5153336074449806,140.0,PENDING,HOME,0.5977917014008958,-8.34580939559152,,0.0
2025-10-17T08:45:26.430212+00:00,NBA,ML,"pinnacle,sbo,isn",1.8145642317028412,0.5510965015890179,0.6,0.048903498410982,FD,1.657995522289524,0.6031379376821846,0.5447303487579955,141.0,PENDING,HOME,0.6031379376821846,-5.840758892418907,,0.0
2025-10-17T08:45:26.441325+00:00,NBA,ML,"pinnacle,sbo,isn",1.878565545985444,0.5323210585529118,0.6,0.0676789414470881,PB,1.643579884629672,0.608427986586924,0.5377014029521943,78.0,PENDING,HOME,0.609427986586924,-7.072658363472972,,0.0
2025-10-17T08:45:26.452409+00:00,NBA,ML,"pinnacle,sbo,isn",1.9151843236381512,0.5221429538961373,0.6,0.0778570461038626,PB,1.6728887274118251,0.5977683892622847,0.5140769648530635,68.0,PENDING,HOME,0.5997683892622847,-8.369142440922117,,0.0
2025-10-17T08:45:26.463532+00:00,NBA,ML,"pinnacle,sbo,isn",1.8540000790437303,0.5393743027863231,0.6,0.0606256972136768,DK,1.6581826194929867,0.6030698840069645,0.5538860912765338,102.0,PENDING,HOME,0.6010698840069645,-4.918379273043072,,0.0
2025-10-17T08:45:26.474586+00:00,NBA,ML,"pinnacle,sbo,isn",1.747503707836391,0.5722448516221542,0.6,0.0277551483778457,FD,1.6581044098498967,0.603098329670643,0.5769562145561535,98.0,PENDING,HOME,0.602098329670643,-2.6142115114489495,,0.0
2025-10-17T08:45:26.486433+00:00,NBA,ML,"sbo,isn",1.879409910492389,0.5320819020997972,0.6,0.0679180979002027,MGM,1.6523383314852071,0.6052029302625621,0.5079540987905024,184.0,PENDING,HOME,0.6052029302625621,-9.724883147205976,,0.0
2025-10-17T08:45:26.498717+00:00,NBA,ML,"pinnacle,sbo,isn",1.916396267541608,0.521812746631374,0.6,0.0781872533686259,FD,1.6401934248399572,0.6096841902031009,0.5187079068694146,108.0,PENDING,HOME,0.6106841902031009,-9.097628333368634,,0.0
2025-10-17T08:45:26.510025+00:00,NBA,ML,"pinnacle,sbo,isn",1.8056213593952883,0.5538259695459656,0.6,0.0461740304540343,MGM,1.6747551919367274,0.5971021942876176,0.5590710432988265,60.0,PENDING,HOME,0.5991021942876176,-3.8031150988791063,,0.0
2025-10-17T08:45:26.521590+00:00,NBA,ML,"pinnacle,isn",1.8575168476639496,0.5383531251722534,0.6,0.0616468748277465,DK,1.6690584320235635,0.5991401983378147,0.5349798735515684,114.0,PENDING,HOME,0.5971401983378147,-6.416032478624634,,0.0
2025-10-17T08:45:26.533360+00:00,NBA,ML,"pinnacle,isn",1.945899191699064,0.5139012361307623,0.6,0.0860987638692376,DK,1.6492018650887896,0.6063539104390729,0.4965945200756901,126.0,PENDING,HOME,0.6053539104390729,-10.975939036338284,,0.0
2025-10-17T08:45:26.544843+00:00,NBA,ML,"pinnacle,sbo,isn",1.8544732865513835,0.5392366701920094,0.6,0.0607633298079905,PB,1.6642511069580268,0.6008708636690248,0.5559155463032046,75.0,PENDING,HOME,0.6008708636690248,-4.495531736582015,,0.0
2025-10-17T08:45:26.556026+00:00,NBA,ML,"pinnacle,sbo,isn",1.857366948092948,0.5383965731848251,0.6,0.0616034268151748,PB,1.65468334990564,0.6043452362393239,0.5401705343311946,168.0,PENDING,HOME,0.6053452362393239,-6.417470190812935,,0.0
2025-10-17T08:45:26.567290+00:00,NBA,ML,"pinnacle,sbo,isn",1.8058360158176996,0.5537601372665008,0.6,0.0462398627334992,FD,1.6664227742164863,0.6000878141323872,0.5447359063185756,106.0,PENDING,HOME,0.6020878141323872,-5.535190781381161,,0.0
2025-10-17T08:45:26.579666+00:00,NBA,ML,"pinnacle,sbo,isn",1.8856839996606056,0.5303115475233309,0.6,0.0696884524766691,FD,1.644525077864387,0.6080782916966033,0.5351322158785862,99.0,PENDING,HOME,0.6060782916966033,-7.294607581801715,,0.0
2025-10-17T08:45:26.592490+00:00,NBA,ML,"pinnacle,sbo,isn",1.882971273983013,0.5310755473633536,0.6,0.0689244526366463,PB,1.6704581857270195,0.5986381512236287,0.5239367991229887,67.0,PENDING,HOME,0.5976381512236287,-7.470135210063999,,0.0
2025-10-17T08:45:26.604768+00:00,NBA,ML,"pinnacle,sbo,isn",1.825655011556958,0.5477486127826409,0.6,0.0522513872173591,FD,1.7004287110711642,0.5880869885865796,0.5519504987698902,135.0,PENDING,HOME,0.5880869885865796,-3.6136489816689377,,0.0
2025-10-17T08:45:26.616054+00:00,NBA,ML,"pinnacle,sbo,isn",1.8807452339693005,0.5317041255446951,0.6,0.0682958744553048,MGM,1.6753938659321344,0.5968745739937592,0.5442213756303471,99.0,PENDING,HOME,0.5978745739937592,-5.2653198363412095,,0.0
2025-10-17T08:45:26.627252+00:00,NBA,ML,"pinnacle,sbo,isn",1.8263921652889,0.5475275348883352,0.6,0.0524724651116648,FD,1.660641203417943,0.6021770373647198,0.5427365031792154,151.0,PENDING,HOME,0.6041770373647198,-5.9440534185504434,,0.0
2025-10-17T08:45:26.638556+00:00,NBA,ML,"pinnacle,sbo,isn",1.9319707051000543,0.5176061921436905,0.6,0.0823938078563094,FD,1.6607878413131,0.6021238686389654,0.5207469643823885,110.0,PENDING,HOME,0.6001238686389654,-8.137690425657684,,0.0
2025-10-17T08:45:26.649705+00:00,NBA,ML,"pinnacle,sbo,isn",1.904756458247726,0.5250015011997631,0.6,0.0749984988002369,MGM,1.6552632128993356,0.6041335252345844,0.5171773378601486,27.0,PENDING,HOME,0.6031335252345844,-8.695618737443578,,0.0
2025-10-17T08:45:26.660904+00:00,NBA,ML,"pinnacle,sbo,isn",1.823373220832576,0.5484340718481031,0.6,0.0515659281518968,PB,1.6638782195458068,0.6010055232725942,0.5595637307647058,110.0,PENDING,HOME,0.6010055232725942,-4.144179250788838,,0.0
2025-10-17T08:45:26.672236+00:00,NBA,ML,"pinnacle,sbo,isn",1.964238967730806,0.5091030248500026,0.6,0.0908969751499974,DK,1.6813670496369983,0.5947541318927932,0.4993434366888535,83.0,PENDING,HOME,0.5957541318927932,-9.541069520393975,,0.0
2025-10-17T08:45:26.683506+00:00,NBA,ML,"pinnacle,sbo,isn",1.89585426462457,0.5274667038808634,0.6,0.0725332961191366,DK,1.675708295562262,0.5967625765464526,0.5273302359629104,148.0,PENDING,HOME,0.5987625765464526,-6.94323405835422,,0.0
2025-10-17T08:45:26.694746+00:00,NBA,ML,"pinnacle,sbo,isn",1.839017598862145,0.5437685863467157,0.6,0.0562314136532843,FD,1.6637455452264966,0.6010534500718158,0.5316096771056743,57.0,PENDING,HOME,0.5990534500718158,-6.944377296614146,,0.0
2025-10-17T08:45:26.706724+00:00,NBA,ML,"pinnacle,sbo,isn",1.8231099125839196,0.5485132811233997,0.6,0.0514867188766002,PB,1.6525882633722728,0.6051114014082366,0.5475514917541664,165.0,PENDING,HOME,0.6041114014082366,-5.755990965407021,,0.0
2025-10-17T08:45:26.718261+00:00,NBA,ML,"pinnacle,sbo,isn",1.8941768585275125,0.5279338069716341,0.6,0.0720661930283659,FD,1.6539466256960558,0.6046144322094763,0.5425455956388373,131.0,PENDING,HOME,0.6046144322094763,-6.2068836570639,,0.0
2025-10-17T08:45:26.729606+00:00,NBA,ML,"pinnacle,sbo,isn",1.9539016929683133,0.5117964755334378,0.6,0.0882035244665622,FD,1.6512612813011518,0.6055976793763526,0.5162746127006649,122.0,PENDING,HOME,0.6065976793763526,-8.932306667568767,,0.0
2025-10-17T08:45:26.741062+00:00,NBA,ML,"pinnacle,sbo,isn",1.915791418112392,0.5219774921976051,0.6,0.0780225078023948,MGM,1.6705387489401422,0.5986092813677268,0.5235586830466562,151.0,PENDING,HOME,0.6006092813677268,-7.505059832107063,,0.0
2025-10-17T08:45:26.752526+00:00,NBA,ML,"pinnacle,sbo,isn",1.8015760447556253,0.5550695475281172,0.6,0.0449304524718827,PB,1.6360283739956183,0.6112363427767042,0.5650870015046323,167.0,PENDING,HOME,0.6092363427767042,-4.614934127207193,,0.0
2025-10-17T08:45:26.763942+00:00,NBA,ML,"pinnacle,sbo,isn",1.8266348410755864,0.5474547936527724,0.6,0.0525452063472275,DK,1.6680432864025094,0.599504825894964,0.5567631759162777,191.0,PENDING,HOME,0.598504825894964,-4.274164997868635,,0.0
2025-10-17T08:45:26.775213+00:00,NBA,ML,"pinnacle,sbo,isn",1.8279003668765683,0.5470757696212697,0.6,0.0529242303787302,PB,1.654353716970342,0.6044656531079243,0.5471902825379762,108.0,PENDING,HOME,0.6044656531079243,-5.727537056994814,,0.0
2025-10-17T08:45:26.786488+00:00,NBA,ML,"pinnacle,sbo,isn",1.8730093357033029,0.533900168535202,0.6,0.066099831464798,MGM,1.6918350878360149,0.5910741579896394,0.5452606553707562,83.0,PENDING,HOME,0.5920741579896394,-4.581350261888318,,0.0
2025-10-17T08:45:26.797881+00:00,NBA,ML,"pinnacle,sbo,isn",1.9695927280941847,0.507719177541653,0.6,0.092280822458347,DK,1.6728358850076803,0.5977872718789797,0.5202158302120907,145.0,PENDING,HOME,0.5997872718789797,-7.757144166688901,,0.0
2025-10-17T08:45:26.809436+00:00,NBA,ML,"pinnacle,sbo,isn",1.8396219627914687,0.5435899441440597,0.6,0.0564100558559402,PB,1.671413360938565,0.5982960429599894,0.5257538328469179,123.0,PENDING,HOME,0.5962960429599894,-7.254221011307149,,0.0
2025-10-17T08:45:26.820740+00:00,NBA,ML,"pinnacle,sbo,isn",1.7938571776624634,0.5574579807424125,0.6,0.0425420192575874,PB,1.690357257738503,0.5915909169034959,0.5747479341512696,174.0,PENDING,HOME,0.5905909169034959,-1.6842982752226288,,0.0
2025-10-17T08:45:26.832080+00:00,NBA,ML,"pinnacle,sbo,isn",1.9015663844542128,0.525882245382151,0.6,0.0741177546178489,MGM,1.66683408876921,0.5999397340969909,0.5279102181511288,76.0,PENDING,HOME,0.5999397340969909,-7.202951594586205,,0.0
2025-10-17T08:45:26.843373+00:00,NBA,ML,"pinnacle,sbo,isn",1.8740922634030828,0.5335916590275782,0.6,0.0664083409724217,PB,1.6487685677916342,0.6065132605841723,0.5330796879094123,116.0,PENDING,HOME,0.6075132605841723,-7.343357267476003,,0.0
2025-10-17T08:45:26.854962+00:00,NBA,ML,"pinnacle,sbo,isn",1.84352760668355,0.5424383103212485,0.6,0.0575616896787515,FD,1.6668256462617532,0.5999427728045427,0.5449261834192592,121.0,PENDING,HOME,0.6019427728045427,-5.501658938528342,,0.0
2025-10-17T08:45:26.866272+00:00,NBA,ML,"pinnacle,sbo,isn",1.9211782355470548,0.5205139125028919,0.6,0.079486087497108,FD,1.6645713614203894,0.6007552593880346,0.5130529299363668,69.0,PENDING,HOME,0.5987552593880346,-8.77023294516679,,0.0
2025-10-17T08:45:26.877697+00:00,NBA,ML,"pinnacle,sbo,isn",1.821901846810345,0.5488769890379815,0.6,0.0511230109620184,DK,1.6422153458851918,0.6089335375568403,0.5476501426630302,159.0,PENDING,HOME,0.6079335375568403,-6.128339489381007,,0.0
2025-10-17T08:45:26.889235+00:00,NBA,ML,"pinnacle,sbo,isn",1.9732979421204584,0.5067658454685379,0.6,0.0932341545314621,PB,1.667207303189472,0.5998054339654927,0.4983153921888463,76.0,PENDING,HOME,0.5998054339654927,-10.149004177664638,,0.0
2025-10-17T08:45:26.900638+00:00,NBA,ML,"pinnacle,sbo,isn",1.8211057959116663,0.5491169169001455,0.6,0.0508830830998544,PB,1.6847401534542663,0.5935633444419747,0.5601167134035664,114.0,PENDING,HOME,0.5945633444419747,-3.344663103840828,,0.0
2025-10-17T08:45:26.912256+00:00,NBA,ML,"pinnacle,sbo,isn",1.9244826743289964,0.5196201625190868,0.6,0.0803798374809131,DK,1.669689238234867,0.5989138440259474,0.5175993300651928,96.0,PENDING,HOME,0.6009138440259474,-8.131451396075462,,0.0
2025-10-17T08:45:26.924006+00:00,NBA,ML,"pinnacle,sbo,isn",1.887279252707169,0.5298632931854523,0.6,0.0701367068145476,PB,1.6579889448048042,0.6031403304186268,0.5329778215284867,103.0,PENDING,HOME,0.6011403304186268,-7.0162508890140085,,0.0
2025-10-17T08:45:26.935538+00:00,NBA,ML,"pinnacle,sbo,isn",1.7698723749676468,0.5650124913771141,0.6,0.0349875086228859,PB,1.6509901165061445,0.6056971450054579,0.5602000801384599,177.0,PENDING,HOME,0.6046971450054579,-4.549706486699801,,0.0
2025-10-17T08:45:26.947175+00:00,NBA,ML,"pinnacle,sbo,isn",1.941980740194982,0.5149381656069341,0.6,0.0850618343930659,DK,1.65068147397536,0.6058103975636714,0.4937716211172288,45.0,PENDING,HOME,0.6058103975636714,-11.203877644644262,,0.0
2025-10-17T08:45:26.958646+00:00,NBA,ML,"pinnacle,sbo,isn",1.9504179440513023,0.5127106234076447,0.6,0.0872893765923552,MGM,1.6650347819581777,0.6005880542771256,0.5248525216969298,13.0,PENDING,HOME,0.6015880542771256,-7.573553258019583,,0.0
2025-10-17T08:45:26.970568+00:00,NBA,ML,"pinnacle,sbo,isn",1.8875512973638904,0.5297869262660975,0.6,0.0702130737339025,PB,1.6511488837412025,0.6056389038244585,0.5259888611481985,89.0,PENDING,HOME,0.6076389038244585,-7.9650042676259964,,0.0
2025-10-17T08:45:26.982344+00:00,NBA,ML,"pinnacle,sbo,isn",1.8771937344730811,0.5327100669663671,0.6,0.0672899330336328,DK,1.686731537055612,0.5928625735815775,0.5510839337212423,106.0,PENDING,HOME,0.5908625735815775,-4.177863986033515,,0.0
2025-10-17T08:45:26.994423+00:00,NBA,ML,"pinnacle,sbo,isn",1.8033468610944936,0.5545244908642125,0.6,0.0454755091357874,DK,1.6913847183607382,0.5912315448664945,0.5535915043676776,125.0,PENDING,HOME,0.5902315448664945,-3.7640040498816973,,0.0
2025-10-17T08:45:27.006346+00:00,NBA,ML,"sbo,isn",1.8841601726347768,0.5307404405017314,0.6,0.0692595594982685,MGM,1.6785745525238762,0.595743572125776,0.5236677952022167,158.0,PENDING,HOME,0.595743572125776,-7.207577692355926,,0.0
2025-10-17T08:45:27.018019+00:00,NBA,ML,"pinnacle,sbo,isn",1.8147515351857624,0.5510396220150532,0.6,0.0489603779849467,DK,1.6793824095088217,0.5954569932005395,0.5513504778927647,131.0,PENDING,HOME,0.5964569932005395,-4.410651530777477,,0.0
2025-10-17T08:45:27.029408+00:00,NBA,ML,"pinnacle,sbo,isn",1.8655380568081636,0.5360383811793938,0.6,0.0639616188206061,PB,1.6725899474003303,0.5978751705128192,0.5166687118523396,146.0,PENDING,HOME,0.5998751705128192,-8.12064586604796,,0.0
2025-10-17T08:45:27.041125+00:00,NBA,ML,"pinnacle,sbo,isn",1.8596082576782769,0.5377476658704997,0.6,0.0622523341295002,DK,1.6658557940914829,0.6002920562192934,0.5385874759036443,92.0,PENDING,HOME,0.5982920562192934,-6.170458031564907,,0.0
2025-10-17T08:45:27.052633+00:00,NBA,ML,"pinnacle,sbo,isn",1.812223225160785,0.5518084009276933,0.6,0.0481915990723066,MGM,1.6610337724151298,0.6020347187438627,0.5459596595783633,118.0,PENDING,HOME,0.6010347187438627,-5.607505916549938,,0.0
2025-10-17T08:45:27.064167+00:00,NBA,ML,"pinnacle,sbo,isn",1.8419822347730503,0.5428934009904876,0.6,0.0571065990095124,PB,1.676787232888005,0.5963785866127188,0.5435234246738345,44.0,PENDING,HOME,0.5963785866127188,-5.285516193888428,,0.0
2025-10-17T08:45:27.075527+00:00,NBA,ML,"pinnacle,sbo,isn",1.824345458065532,0.5481417982427312,0.6,0.0518582017572687,FD,1.66360331697656,0.6011048365889318,0.5471075971069849,118.0,PENDING,HOME,0.6021048365889318,-5.399723948194691,,0.0
2025-10-17T08:45:27.087633+00:00,NBA,ML,"pinnacle,sbo,isn",1.8222405882192416,0.5487749567565255,0.6,0.0512250432434744,DK,1.6513762314663252,0.6055555245045877,0.5370552408275175,76.0,PENDING,HOME,0.6075555245045877,-6.850028367707017,,0.0
2025-10-17T08:45:27.099598+00:00,NBA,ML,pinnacle,1.8902307524085056,0.5290359384566217,0.6,0.0709640615433783,FD,1.660697298003278,0.6021566971911976,0.5040189400150251,51.0,PENDING,HOME,0.6001566971911976,-9.813775717617245,,0.0
2025-10-17T08:45:27.110936+00:00,NBA,ML,"pinnacle,sbo,isn",1.9235016179895,0.5198851878509098,0.6,0.0801148121490902,FD,1.6610138403158528,0.6020419431362736,0.5202709990807189,107.0,PENDING,HOME,0.6010419431362736,-8.177094405555463,,0.0
2025-10-17T08:45:27.122330+00:00,NBA,ML,"pinnacle,sbo",1.84867298197476,0.5409285523996765,0.6,0.0590714476003234,FD,1.6547754782186033,0.6043115897973776,0.5457173077848811,58.0,PENDING,HOME,0.6043115897973776,-5.85942820124965,,0.0
2025-10-17T08:45:27.134020+00:00,NBA,ML,"pinnacle,sbo,isn",1.870958495379624,0.5344854001141788,0.6,0.0655145998858212,DK,1.6646213673402366,0.6007372124495908,0.5503681611856714,95.0,PENDING,HOME,0.6017372124495908,-5.036905126391932,,0.0
2025-10-17T08:45:27.145939+00:00,NBA,ML,"pinnacle,sbo,isn",1.8273985743805647,0.5472259932888318,0.6,0.0527740067111681,PB,1.649117086342164,0.6063850822248511,0.5479251890987801,76.0,PENDING,HOME,0.6083850822248511,-5.845989312607102,,0.0
2025-10-17T08:45:27.157374+00:00,NBA,ML,"pinnacle,sbo,isn",1.9161694087647008,0.5218745249902884,0.6,0.0781254750097115,MGM,1.6744189766024684,0.5972220895567494,0.5156528479877458,159.0,PENDING,HOME,0.5952220895567494,-8.156924156900358,,0.0
2025-10-17T08:45:27.169181+00:00,NBA,ML,"pinnacle,sbo,isn",1.897834387094655,0.5269163667810203,0.6,0.0730836332189797,PB,1.6533992623966662,0.6048145918188335,0.5322105008522775,174.0,PENDING,HOME,0.6038145918188335,-7.260409096655596,,0.0
2025-10-17T08:45:27.180603+00:00,NBA,ML,"pinnacle,sbo,isn",1.84150111200924,0.5430352409121881,0.6,0.0569647590878118,FD,1.6547113050071751,0.6043350262816171,0.544227499523462,97.0,PENDING,HOME,0.6043350262816171,-6.0107526758155005,,0.0
2025-10-17T08:45:27.191993+00:00,NBA,ML,"pinnacle,sbo,isn",1.835655146784186,0.5447646317184694,0.6,0.0552353682815305,PB,1.6643127764533376,0.6008485989821019,0.5489025548903715,110.0,PENDING,HOME,0.6018485989821019,-5.1946044091730315,,0.0
2025-10-17T08:45:27.203328+00:00,NBA,ML,"pinnacle,sbo,isn",1.8517880368319652,0.5400186091010706,0.6,0.0599813908989294,MGM,1.6729167402920189,0.5977583796701342,0.5516716844565424,185.0,PENDING,HOME,0.5997583796701342,-4.608669521359188,,0.0
2025-10-17T08:45:27.214902+00:00,NBA,ML,"pinnacle,sbo,isn",1.8182997743858127,0.5499643205630276,0.6,0.0500356794369724,PB,1.6508342784861942,0.6057543225459278,0.5490855531388714,157.0,PENDING,HOME,0.6037543225459278,-5.6668769407056345,,0.0
2025-10-17T08:45:27.226503+00:00,NBA,ML,"pinnacle,sbo,isn",1.8708861860035777,0.5345060578677487,0.6,0.0654939421322512,MGM,1.6790693074316951,0.5955680302021602,0.5394137249576869,168.0,PENDING,HOME,0.5945680302021602,-5.615430524447329,,0.0
2025-10-17T08:45:27.238289+00:00,NBA,ML,"pinnacle,sbo,isn",1.925676193268253,0.5192981060345365,0.6,0.0807018939654634,MGM,1.6713442195287858,0.5983207937153349,0.4899921622760088,135.0,PENDING,HOME,0.5983207937153349,-10.832863143932608,,0.0
2025-10-17T08:45:27.250041+00:00,NBA,ML,"pinnacle,sbo,isn",1.8395157618722835,0.543621327268317,0.6,0.0563786727316829,DK,1.6729649419269803,0.5977411569952951,0.5483966206409849,73.0,PENDING,HOME,0.5987411569952951,-4.934453635431013,,0.0
2025-10-17T08:45:27.261921+00:00,NBA,ML,"pinnacle,sbo,isn",1.890975241523564,0.5288276536049712,0.6,0.0711723463950287,DK,1.6599710333526625,0.6024201506578634,0.551256856729001,119.0,PENDING,HOME,0.6044201506578634,-5.116329392886232,,0.0
2025-10-17T08:45:27.273506+00:00,NBA,ML,"pinnacle,sbo,isn",1.922341481625628,0.520198939448755,0.6,0.079801060551245,PB,1.668488476946135,0.5993448644190329,0.5101754996418469,115.0,PENDING,HOME,0.5973448644190329,-8.916936477718595,,0.0
2025-10-17T08:45:27.285205+00:00,NBA,ML,"pinnacle,sbo,isn",1.880914919752276,0.5316561581273991,0.6,0.0683438418726009,PB,1.663121002575173,0.6012791603567041,0.5242342371874247,156.0,PENDING,HOME,0.6002791603567041,-7.704492316927947,,0.0
2025-10-17T08:45:27.296638+00:00,NBA,ML,"pinnacle,sbo,isn",1.8193550137359893,0.5496453371937183,0.6,0.0503546628062816,FD,1.665193221407428,0.6005309096531128,0.55187655737778,144.0,PENDING,HOME,0.6005309096531128,-4.865435227533288,,0.0
2025-10-17T08:45:27.308252+00:00,NBA,ML,"sbo,isn",1.8899688891734143,0.5291092386379725,0.6,0.0708907613620274,MGM,1.6821519861352645,0.5944766039229873,0.5249858699159252,63.0,PENDING,HOME,0.5954766039229873,-6.949073400706207,,0.0
2025-10-17T08:45:27.319718+00:00,NBA,ML,"pinnacle,sbo,isn",1.8485262405915333,0.5409714928796452,0.6,0.0590285071203547,DK,1.6456745076883583,0.6076535762862835,0.5432663100342813,149.0,PENDING,HOME,0.6096535762862835,-6.4387266252002195,,0.0
2025-10-17T09:30:23.877750+00:00,NBA,ML,"pinnacle,sbo,isn",1.827710341676789,0.5471326485369525,0.6,0.0528673514630474,DK,1.6771551926657418,0.5962477440209677,0.5565382957008647,41.0,PENDING,HOME,0.5942477440209677,-3.9709448320103036,,0.0
2025-10-17T09:30:23.884295+00:00,NBA,ML,"sbo,isn",1.9103984848603208,0.5234510014140402,0.6,0.0765489985859597,PB,1.662285953174598,0.6015812129617178,0.5232829898389973,85.0,PENDING,HOME,0.6005812129617178,-7.82982231227205,,0.0
2025-10-17T09:30:23.895981+00:00,NBA,ML,"pinnacle,isn",1.924779215389948,0.5195401072519408,0.6,0.0804598927480592,MGM,1.667584264601948,0.5996698465121939,0.5308125193216211,138.0,PENDING,HOME,0.5996698465121939,-6.88573271905728,,0.0
2025-10-17T09:30:23.907186+00:00,NBA,ML,"pinnacle,sbo,isn",1.9849399955512368,0.5037935666777124,0.6,0.0962064333222876,MGM,1.653454427650519,0.6047944130041449,0.5125780696907851,118.0,PENDING,HOME,0.6057944130041449,-9.22163433133598,,0.0
2025-10-17T09:30:23.918516+00:00,NBA,ML,"pinnacle,sbo,isn",1.9063881169030252,0.5245521576291216,0.6,0.0754478423708784,DK,1.6838211749441998,0.5938872933066298,0.5230068628084336,102.0,PENDING,HOME,0.5958872933066298,-7.088043049819626,,0.0
2025-10-17T09:30:23.929707+00:00,NBA,ML,"pinnacle,sbo,isn",1.7967949828676837,0.5565465228559358,0.6,0.0434534771440642,FD,1.6717577829904025,0.5981727796781796,0.5606738489718956,137.0,PENDING,HOME,0.5961727796781796,-3.749893070628396,,0.0
2025-10-17T09:30:23.941156+00:00,NBA,ML,"pinnacle,sbo,isn",1.8621501041094397,0.5370136369743637,0.6,0.0629863630256363,PB,1.6595824247469042,0.6025612136453576,0.5288759096918849,144.0,PENDING,HOME,0.6015612136453576,-7.368530395347273,,0.0
2025-10-17T09:30:23.952382+00:00,NBA,ML,"pinnacle,sbo,isn",1.8490376409708884,0.5408218728716211,0.6,0.0591781271283788,PB,1.6550789557950372,0.6042007823848126,0.5325770607147087,146.0,PENDING,HOME,0.6042007823848126,-7.162372167010389,,0.0
2025-10-17T09:30:23.963459+00:00,NBA,ML,"pinnacle,sbo,isn",1.862369855265175,0.5369502718124775,0.6,0.0630497281875225,MGM,1.6505572939080686,0.6058559758518126,0.5423818144955294,93.0,PENDING,HOME,0.6068559758518126,-6.347416135628325,,0.0
2025-10-17T09:30:23.974694+00:00,NBA,ML,"sbo,isn",1.8913978447925477,0.5287094953360709,0.6,0.071290504663929,FD,1.6697095536602915,0.5989065570163549,0.5374237831155528,128.0,PENDING,HOME,0.6009065570163549,-6.148277390080203,,0.0
2025-10-17T09:30:23.985829+00:00,NBA,ML,"pinnacle,sbo,isn",1.9613313101172292,0.5098577659172889,0.6,0.090142234082711,DK,1.6706919120083006,0.59855440300655,0.5161706481756744,61.0,PENDING,HOME,0.59655440300655,-8.238375483087568,,0.0
2025-10-17T09:30:23.996903+00:00,NBA,ML,"pinnacle,sbo,isn",1.7579050856839382,0.5688589265392197,0.6,0.0311410734607803,FD,1.6578403543473632,0.6031943892412167,0.5661075040269529,179.0,PENDING,HOME,0.6021943892412167,-3.7086885214263843,,0.0
2025-10-17T09:30:24.008100+00:00,NBA,ML,"pinnacle,sbo,isn",1.8710670699213805,0.5344543849205889,0.6,0.065545615079411,PB,1.6436167258002388,0.608414348858079,0.5311055346207312,126.0,PENDING,HOME,0.608414348858079,-7.730881423734781,,0.0
2025-10-17T09:30:24.019315+00:00,NBA,ML,"pinnacle,sbo,isn",1.8897162558539664,0.529179974455,0.6,0.070820025545,DK,1.677758710284473,0.5960332638240003,0.5256927237325156,101.0,PENDING,HOME,0.5970332638240003,-7.034054009148472,,0.0
2025-10-17T09:30:24.030889+00:00,NBA,ML,"pinnacle,sbo,isn",1.8682359166754,0.5352643052594448,0.6,0.0647356947405551,DK,1.6491351734491286,0.6063784316166896,0.52393143311941,83.0,PENDING,HOME,0.6083784316166896,-8.244699849727954,,0.0
2025-10-17T09:30:24.042128+00:00,NBA,ML,"pinnacle,sbo,isn",1.8243717825874068,0.5481338889059962,0.6,0.0518661110940037,MGM,1.676312242100122,0.5965475732296611,0.543861362442631,126.0,PENDING,HOME,0.5945475732296611,-5.268621078703017,,0.0
2025-10-17T09:30:24.053326+00:00,NBA,ML,"pinnacle,sbo,isn",1.8912326898189613,0.528755665753496,0.6,0.071244334246504,PB,1.6730350080269447,0.597716123812213,0.5221364063428294,105.0,PENDING,HOME,0.596716123812213,-7.557971746938352,,0.0
2025-10-17T09:30:24.064390+00:00,NBA,ML,"pinnacle,sbo,isn",1.8986787839610677,0.5266820319726631,0.6,0.0733179680273369,FD,1.6734577321944712,0.5975651375960721,0.5219880085706358,120.0,PENDING,HOME,0.5975651375960721,-7.557712902543634,,0.0
2025-10-17T09:30:24.075614+00:00,NBA,ML,"pinnacle,sbo,isn",1.821446922168669,0.5490140765723603,0.6,0.0509859234276396,DK,1.675959654980527,0.5966730744551361,0.5480292217272661,103.0,PENDING,HOME,0.5976730744551361,-4.864385272786997,,0.0
2025-10-17T09:30:24.086970+00:00,NBA,ML,"pinnacle,sbo,isn",1.890958247611423,0.5288324061428415,0.6,0.0711675938571584,DK,1.6468073709485178,0.6072355623621154,0.5156054100192975,80.0,PENDING,HOME,0.6092355623621154,-9.16301523428179,,0.0
2025-10-17T09:30:24.098481+00:00,NBA,ML,"pinnacle,sbo,isn",1.8411307621903557,0.5431444743285483,0.6,0.0568555256714516,DK,1.6614309087017114,0.601890812770197,0.556136757306409,105.0,PENDING,HOME,0.599890812770197,-4.575405546378796,,0.0
2025-10-17T09:30:24.110008+00:00,NBA,ML,"pinnacle,sbo,isn",1.8580063930328337,0.5382112805153995,0.6,0.0617887194846005,FD,1.663818243693999,0.6010271877893382,0.5287110599662936,106.0,PENDING,HOME,0.6000271877893382,-7.2316127823044525,,0.0
2025-10-17T09:30:24.122875+00:00,NBA,ML,"pinnacle,sbo,isn",1.9085005994582795,0.5239715409488717,0.6,0.0760284590511283,MGM,1.672722250790238,0.5978278817822706,0.5263488969721944,96.0,PENDING,HOME,0.5978278817822706,-7.147898481007619,,0.0
2025-10-17T09:30:24.136520+00:00,NBA,ML,"pinnacle,sbo,isn",1.878933521475284,0.532216807338042,0.6,0.0677831926619579,FD,1.659344908077922,0.602647463545319,0.534543569451589,120.0,PENDING,HOME,0.603647463545319,-6.810389409372997,,0.0
2025-10-17T09:30:24.147988+00:00,NBA,ML,"pinnacle,sbo,isn",1.9378204590510864,0.5160436795520679,0.6,0.0839563204479321,MGM,1.6525716422316492,0.6051174874631093,0.517836435901631,128.0,PENDING,HOME,0.6071174874631093,-8.728105156147837,,0.0
2025-10-17T09:30:24.160505+00:00,NBA,ML,"pinnacle,sbo,isn",1.826325514894092,0.5475475164995379,0.6,0.052452483500462,FD,1.6716379935104886,0.5982156447042525,0.5621805454117336,72.0,PENDING,HOME,0.5962156447042525,-3.6035099292518913,,0.0
2025-10-17T09:30:24.172082+00:00,NBA,ML,"pinnacle,sbo,isn",1.828738486424034,0.5468250421936642,0.6,0.0531749578063357,FD,1.6612701716782463,0.6019490490157788,0.5330581807181012,145.0,PENDING,HOME,0.6009490490157788,-6.889086829767765,,0.0
2025-10-17T09:30:24.183492+00:00,NBA,ML,"sbo,isn",1.8847767982826296,0.5305668028761706,0.6,0.0694331971238293,FD,1.652679774938646,0.6050778954060377,0.5337019413506726,153.0,PENDING,HOME,0.6050778954060377,-7.137595405536512,,0.0
2025-10-17T09:30:24.194936+00:00,NBA,ML,"pinnacle,sbo,isn",1.841209906141946,0.5431211273979025,0.6,0.0568788726020974,PB,1.6724422988772043,0.59792795283362,0.5332257461975839,34.0,PENDING,HOME,0.59892795283362,-6.47022066360361,,0.0
2025-10-17T09:30:24.206398+00:00,NBA,ML,"pinnacle,sbo,isn",1.9172082963011343,0.5215917341528814,0.6,0.0784082658471185,MGM,1.6609177147385192,0.6020767863008984,0.5154707661622833,114.0,PENDING,HOME,0.6040767863008984,-8.660602013861517,,0.0
2025-10-17T09:30:24.218027+00:00,NBA,ML,"pinnacle,sbo,isn",1.882693244639608,0.5311539746834455,0.6,0.0688460253165544,MGM,1.6644663138129323,0.6007931741851934,0.5207974371551873,53.0,PENDING,HOME,0.5987931741851934,-7.999573703000607,,0.0
2025-10-17T09:30:24.229804+00:00,NBA,ML,"pinnacle,sbo,isn",1.9075140533837769,0.524242533482823,0.6,0.0757574665171769,DK,1.6705742340057954,0.5985965661652428,0.5419218326186218,125.0,PENDING,HOME,0.5975965661652428,-5.6674733546621,,0.0
2025-10-17T09:30:24.241490+00:00,NBA,ML,"pinnacle,sbo,isn",1.8910863446979305,0.528796584462532,0.6,0.071203415537468,DK,1.6503700359468612,0.6059247188320851,0.5191454168402082,90.0,PENDING,HOME,0.6059247188320851,-8.677930199187688,,0.0
2025-10-17T09:30:24.253810+00:00,NBA,ML,"pinnacle,sbo,isn",1.9280197611068215,0.5186668830748541,0.6,0.0813331169251458,PB,1.678394295805379,0.5958075539813182,0.5096376112939838,157.0,PENDING,HOME,0.5968075539813182,-8.616994268733446,,0.0
2025-10-17T09:30:24.265475+00:00,NBA,ML,"pinnacle,sbo,isn",1.883522986766854,0.53091998718664,0.6,0.0690800128133599,DK,1.6661007127179466,0.6002038126306771,0.5243721102323461,137.0,PENDING,HOME,0.6022038126306771,-7.583170239833104,,0.0
2025-10-17T09:30:24.277597+00:00,NBA,ML,"pinnacle,sbo,isn",1.8740491957280256,0.5336039215403428,0.6,0.0663960784596572,FD,1.64910456097952,0.6063896878715981,0.535329800717564,183.0,PENDING,HOME,0.6043896878715981,-7.105988715403411,,0.0
2025-10-17T09:30:24.289072+00:00,NBA,ML,"pinnacle,sbo,isn",1.9140035284089567,0.5224650765567106,0.6,0.0775349234432893,PB,1.6706459523600476,0.5985708693019872,0.5355250939737788,128.0,PENDING,HOME,0.5975708693019872,-6.3045775328208435,,0.0
2025-10-17T09:30:24.300928+00:00,NBA,ML,"sbo,isn",1.8568088340271187,0.5385584028223096,0.6,0.0614415971776903,MGM,1.6726429703565662,0.5978562178076919,0.5539159627422695,127.0,PENDING,HOME,0.5978562178076919,-4.394025506542243,,0.0
2025-10-17T09:30:24.312950+00:00,NBA,ML,"pinnacle,sbo,isn",1.9406776857330448,0.5152839172375365,0.6,0.0847160827624634,PB,1.6899160805035844,0.5917453603388437,0.5325205744453695,112.0,PENDING,HOME,0.5927453603388437,-5.922478589347424,,0.0
2025-10-17T09:30:24.325129+00:00,NBA,ML,"pinnacle,sbo,isn",1.9559382817117443,0.511263575824513,0.6,0.088736424175487,PB,1.651431581652841,0.6055352284102175,0.5023163056349548,145.0,PENDING,HOME,0.6075352284102175,-10.321892277526267,,0.0
2025-10-17T09:30:24.336451+00:00,NBA,ML,"pinnacle,sbo,isn",1.94543243022791,0.5140245348345759,0.6,0.085975465165424,MGM,1.6643997140535978,0.6008172144926225,0.5174002803225652,176.0,PENDING,HOME,0.5988172144926225,-8.341693417005725,,0.0
2025-10-17T09:30:24.347713+00:00,NBA,ML,"pinnacle,sbo,isn",1.8016308539267727,0.5550526612154949,0.6,0.044947338784505,DK,1.6386703644665366,0.6102508605051551,0.5545654771961938,86.0,PENDING,HOME,0.6092508605051551,-5.568538330896134,,0.0
2025-10-17T09:30:24.359344+00:00,NBA,ML,"pinnacle,sbo,isn",1.77589932763004,0.5630949820418664,0.6,0.0369050179581336,FD,1.6620389485660532,0.601670617203504,0.5722540074654265,66.0,PENDING,HOME,0.601670617203504,-2.941660973807747,,0.0
2025-10-17T09:30:24.370897+00:00,NBA,ML,"pinnacle,sbo,isn",1.881519527138917,0.5314853157652972,0.6,0.0685146842347027,DK,1.6734793199181917,0.5975574290627537,0.5266436214319614,106.0,PENDING,HOME,0.5985574290627537,-7.091380763079225,,0.0
2025-10-17T09:30:24.382229+00:00,NBA,ML,"pinnacle,sbo,isn",1.9092869151539296,0.5237557498891561,0.6,0.0762442501108439,MGM,1.685450991383869,0.5933130094627863,0.522210693096657,92.0,PENDING,HOME,0.5953130094627863,-7.110231636612929,,0.0
2025-10-17T09:30:24.393378+00:00,NBA,ML,"sbo,isn",1.913158600083996,0.5226958182955118,0.6,0.0773041817044881,DK,1.669122688322904,0.5991171332077314,0.5118519375731782,123.0,PENDING,HOME,0.5971171332077314,-8.726519563455327,,0.0
2025-10-17T09:30:24.404599+00:00,NBA,ML,"pinnacle,sbo,isn",1.7774926075243904,0.5625902441263898,0.6,0.0374097558736101,MGM,1.6931481329113018,0.5906157769435916,0.5540578106208016,108.0,PENDING,HOME,0.5896157769435916,-3.655796632278996,,0.0
2025-10-17T09:30:24.415654+00:00,NBA,ML,"pinnacle,sbo,isn",1.941099277075279,0.5151720016643014,0.6,0.0848279983356985,FD,1.6710616284269948,0.5984219749820483,0.5272305378731837,90.0,PENDING,HOME,0.5984219749820483,-7.119143710886455,,0.0
2025-10-17T09:30:24.426812+00:00,NBA,ML,"pinnacle,sbo,isn",1.8542561262345376,0.5392998226359986,0.6,0.0607001773640013,PB,1.6644104761477738,0.6008133296027245,0.528675678517403,98.0,PENDING,HOME,0.6018133296027245,-7.213765108532144,,0.0
2025-10-17T09:30:24.437931+00:00,NBA,ML,"pinnacle,sbo,isn",1.878179082067858,0.5324305917085441,0.6,0.0675694082914558,DK,1.6653584921232192,0.6004713127712628,0.5148533077949778,61.0,PENDING,HOME,0.6024713127712628,-8.561800497628491,,0.0
2025-10-17T09:30:24.449098+00:00,NBA,ML,"pinnacle,sbo,isn",1.907730129456349,0.524183155971318,0.6,0.0758168440286819,PB,1.651571501626908,0.6054839278922731,0.5425522912545312,236.0,PENDING,HOME,0.6034839278922731,-6.293163663774193,,0.0
2025-10-17T09:30:24.460260+00:00,NBA,ML,"pinnacle,sbo,isn",1.9108823772707253,0.523318448008443,0.6,0.076681551991557,PB,1.6714240346417273,0.5982922222452974,0.5406054244524989,80.0,PENDING,HOME,0.5972922222452974,-5.76867977927985,,0.0
2025-10-17T09:30:24.472045+00:00,NBA,ML,"pinnacle,sbo,isn",1.792887112323465,0.5577596007726694,0.6,0.0422403992273305,PB,1.672727041412074,0.5978261696276669,0.5539980400603685,114.0,PENDING,HOME,0.5978261696276669,-4.382812956729842,,0.0
2025-10-17T09:30:24.483206+00:00,NBA,ML,"pinnacle,sbo,isn",1.7293491415469548,0.5782522314178096,0.6,0.0217477685821904,DK,1.6629750354529844,0.6013319374500448,0.5805739303140721,97.0,PENDING,HOME,0.6023319374500448,-2.0758007135972645,,0.0
2025-10-17T09:30:24.494378+00:00,NBA,ML,"pinnacle,sbo,isn",1.788422272535538,0.5591520612088154,0.6,0.0408479387911845,PB,1.668828207051802,0.5992228533616576,0.5626696252928075,122.0,PENDING,HOME,0.6012228533616576,-3.6553228068850085,,0.0
2025-10-17T09:30:24.505740+00:00,NBA,ML,"pinnacle,sbo,isn",1.9303427762976917,0.5180427084136601,0.6,0.0819572915863399,DK,1.671074044549426,0.5984175286916334,0.5170698424295251,203.0,PENDING,HOME,0.5964175286916334,-8.134768626210832,,0.0
2025-10-17T09:30:24.518900+00:00,NBA,ML,"pinnacle,sbo,isn",1.870656409058941,0.5345717124520283,0.6,0.0654282875479717,MGM,1.6561356148239692,0.6038152860484738,0.5234475977321941,167.0,PENDING,HOME,0.6028152860484738,-8.036768831627972,,0.0
2025-10-17T09:30:24.532935+00:00,NBA,ML,"pinnacle,sbo,isn",1.856201610022185,0.5387345828172448,0.6,0.0612654171827551,MGM,1.6427835240361208,0.608722929934871,0.5480089676328267,138.0,PENDING,HOME,0.608722929934871,-6.071396230204429,,0.0
2025-10-17T09:30:24.545551+00:00,NBA,ML,"pinnacle,sbo,isn",1.8582716396404295,0.5381344571310883,0.6,0.0618655428689116,DK,1.6703374727386882,0.5986814139782174,0.5386591251146507,108.0,PENDING,HOME,0.5996814139782174,-6.002228886356664,,0.0
2025-10-17T09:30:24.557465+00:00,NBA,ML,"pinnacle,sbo,isn",1.952856897767234,0.5120702910404409,0.6,0.0879297089595591,PB,1.6687882877779217,0.5992371874394876,0.5267852107703724,17.0,PENDING,HOME,0.6012371874394876,-7.245197666911518,,0.0
2025-10-17T09:30:24.569371+00:00,NBA,ML,"pinnacle,sbo,isn",1.8815243053697612,0.5314839660301267,0.6,0.0685160339698732,PB,1.670787859704289,0.5985200300515645,0.5277648202169138,49.0,PENDING,HOME,0.5965200300515645,-7.075520983465067,,0.0
2025-10-17T09:30:24.581712+00:00,NBA,ML,"pinnacle,sbo,isn",1.835013399686776,0.5449551486494285,0.6,0.0550448513505714,PB,1.6456319061043991,0.6076693070245807,0.5535934287864104,106.0,PENDING,HOME,0.6066693070245807,-5.407587823817028,,0.0
2025-10-17T09:30:24.593810+00:00,NBA,ML,"pinnacle,sbo,isn",1.8665479298731595,0.5357483641301162,0.6,0.0642516358698838,DK,1.662034352933283,0.6016722808617794,0.5487488100771057,143.0,PENDING,HOME,0.6016722808617794,-5.292347078467364,,0.0
2025-10-17T09:30:24.605829+00:00,NBA,ML,"pinnacle,sbo,isn",2.0085883551722614,0.4978620917645604,0.6,0.1021379082354395,FD,1.6727874891932066,0.5978045666053521,0.5153014370262383,137.0,PENDING,HOME,0.5988045666053521,-8.250312957911376,,0.0
2025-10-17T09:30:24.617790+00:00,NBA,ML,"pinnacle,sbo,isn",1.803041354349617,0.5546184493148879,0.6,0.045381550685112,MGM,1.6675914269335428,0.5996672709207039,0.5476442110818851,159.0,PENDING,HOME,0.6016672709207039,-5.2023059838818835,,0.0
2025-10-17T09:30:24.631754+00:00,NBA,ML,"pinnacle,sbo,isn",1.82130204908134,0.5490577471783977,0.6,0.0509422528216022,MGM,1.6640229355635163,0.6009532552875257,0.5607702181130709,150.0,PENDING,HOME,0.5989532552875257,-4.018303717445482,,0.0
2025-10-17T09:30:24.644814+00:00,NBA,ML,"pinnacle,sbo,isn",1.93466962526048,0.5168841165143956,0.6,0.0831158834856043,MGM,1.6451151068898815,0.6078602012782662,0.5162145847854136,73.0,PENDING,HOME,0.6068602012782662,-9.164561649285263,,0.0
2025-10-17T09:30:24.657151+00:00,NBA,ML,"pinnacle,sbo,isn",1.8981616099625955,0.5268255320049938,0.6,0.0731744679950061,MGM,1.6755685969419076,0.5968123309455114,0.5198362277192063,79.0,PENDING,HOME,0.5968123309455114,-7.69761032263051,,0.0
2025-10-17T09:30:24.669106+00:00,NBA,ML,"pinnacle,sbo,isn",1.8512686596352463,0.5401701124228122,0.6,0.0598298875771877,PB,1.6573971169928758,0.6033557013869829,0.5432902071383247,166.0,PENDING,HOME,0.6043557013869829,-6.006549424865826,,0.0
2025-10-17T09:30:24.680980+00:00,NBA,ML,"pinnacle,sbo,isn",1.877464883083405,0.5326331315223729,0.6,0.067366868477627,FD,1.6709047317309846,0.5984781663548486,0.5333534672546987,136.0,PENDING,HOME,0.6004781663548486,-6.512469910014995,,0.0
2025-10-17T09:30:24.693063+00:00,NBA,ML,"pinnacle,sbo,isn",1.894886585004533,0.527736070281804,0.6,0.0722639297181959,PB,1.6584971388380267,0.6029555171259555,0.5336451335097375,56.0,PENDING,HOME,0.6009555171259555,-6.9310383616218,,0.0
2025-10-17T09:30:24.705204+00:00,NBA,ML,"pinnacle,sbo,isn",1.815107063750658,0.5509316888082864,0.6,0.0490683111917136,PB,1.678508318857078,0.5957670800707829,0.5452222521930684,152.0,PENDING,HOME,0.5947670800707829,-5.054482787771453,,0.0
2025-10-17T09:30:24.717495+00:00,NBA,ML,"pinnacle,sbo,isn",1.8797366567948,0.5319894126580116,0.6,0.0680105873419884,MGM,1.6699286063004997,0.5988279955365065,0.5346928450508288,85.0,PENDING,HOME,0.5988279955365065,-6.413515048567763,,0.0
2025-10-17T09:30:24.730104+00:00,NBA,ML,"pinnacle,sbo,isn",1.7912677738139349,0.5582638255534615,0.6,0.0417361744465384,DK,1.6720086488091617,0.5980830306782325,0.5682620680225645,77.0,PENDING,HOME,0.5990830306782325,-2.9820962655668026,,0.0
2025-10-17T09:30:24.742917+00:00,NBA,ML,"pinnacle,sbo,isn",1.8557022072793596,0.5388795659547647,0.6,0.0611204340452352,FD,1.6564026540357095,0.6037179411440629,0.5306570657818616,128.0,PENDING,HOME,0.6057179411440629,-7.306087536220129,,0.0
2025-10-17T09:30:24.755097+00:00,NBA,ML,"pinnacle,sbo,isn",1.9392720623163815,0.5156574053903198,0.6,0.0843425946096801,FD,1.685331155731692,0.593355197047815,0.5242253452159851,153.0,PENDING,HOME,0.591355197047815,-6.912985183182996,,0.0
2025-10-17T09:30:24.767063+00:00,NBA,ML,"sbo,isn",1.942005011739116,0.5149317298128259,0.6,0.0850682701871741,FD,1.663822062131338,0.6010258084443302,0.4948965068921607,184.0,PENDING,HOME,0.6000258084443302,-10.612930155216949,,0.0
2025-10-17T09:30:24.779894+00:00,NBA,ML,"pinnacle,sbo,isn",1.844959405903675,0.542017345639208,0.6,0.0579826543607919,DK,1.6850555470471973,0.5934522465756974,0.5259947502286187,69.0,PENDING,HOME,0.5934522465756974,-6.745749634707865,,0.0
2025-10-17T09:30:24.792730+00:00,NBA,ML,"pinnacle,sbo,isn",2.0033316994164307,0.499168460365949,0.6,0.1008315396340509,FD,1.6727951833079258,0.597801816969915,0.5044103387940767,131.0,PENDING,HOME,0.598801816969915,-9.339147817583825,,0.0
2025-10-17T09:30:24.805129+00:00,NBA,ML,"pinnacle,sbo,isn",1.93343378748654,0.5172145053387103,0.6,0.0827854946612897,PB,1.6674219196641022,0.599728232073048,0.5124967450023269,138.0,PENDING,HOME,0.601728232073048,-8.723148707072115,,0.0
2025-10-17T09:30:24.817293+00:00,NBA,ML,"pinnacle,sbo,isn",1.9144574737370132,0.5223411925928049,0.6,0.0776588074071951,DK,1.657517515860366,0.6033118747954412,0.5237236069133917,150.0,PENDING,HOME,0.6013118747954412,-7.958826788204954,,0.0
2025-10-17T09:30:24.829557+00:00,NBA,ML,"pinnacle,sbo,isn",1.819106287527086,0.5497204901421189,0.6,0.0502795098578811,PB,1.656936675222518,0.6035233663143494,0.5479243760038043,127.0,PENDING,HOME,0.6025233663143494,-5.559899031054516,,0.0
2025-10-17T09:30:24.841653+00:00,NBA,ML,"pinnacle,sbo,isn",1.8092140116717577,0.5527262079271515,0.6,0.0472737920728484,DK,1.6739366748592142,0.5973941637213395,0.5500678200079978,115.0,PENDING,HOME,0.5973941637213395,-4.732634371334166,,0.0
2025-10-17T09:30:24.853694+00:00,NBA,ML,"pinnacle,sbo,isn",1.911696729403496,0.5230955227464498,0.6,0.0769044772535502,FD,1.6488525689275866,0.6064823616403738,0.5082736687720215,26.0,PENDING,HOME,0.6074823616403738,-9.820869286835233,,0.0
2025-10-17T09:30:24.865797+00:00,NBA,ML,"pinnacle,sbo,isn",1.959365258186772,0.5103693636608705,0.6,0.0896306363391294,MGM,1.6627193146698669,0.6014244203319129,0.512347264480289,163.0,PENDING,HOME,0.6034244203319129,-8.90771558516239,,0.0
2025-10-17T09:30:24.877875+00:00,NBA,ML,"pinnacle,sbo,isn",1.9433941395237395,0.5145636593537667,0.6,0.0854363406462332,MGM,1.6560478783626158,0.6038472758340356,0.5280995182494607,123.0,PENDING,HOME,0.6018472758340356,-7.574775758457497,,0.0
2025-10-17T09:30:24.889999+00:00,NBA,ML,"pinnacle,sbo,isn",1.849898883105264,0.5405700869019323,0.6,0.0594299130980676,DK,1.646354269923014,0.607402682562825,0.5316887483645958,105.0,PENDING,HOME,0.606402682562825,-7.571393419822925,,0.0
2025-10-17T09:30:24.902519+00:00,NBA,ML,"pinnacle,isn",1.7932041370814835,0.5576609931469056,0.6,0.0423390068530943,FD,1.647688297434854,0.6069109075768852,0.5615892678295048,78.0,PENDING,HOME,0.6069109075768852,-4.532163974738035,,0.0
2025-10-17T09:30:24.914708+00:00,NBA,ML,"pinnacle,sbo",1.8708377625561907,0.5345198926462043,0.6,0.0654801073537957,FD,1.6416195762829846,0.6091545291292376,0.5438028625618891,95.0,PENDING,HOME,0.6101545291292376,-6.535166656734848,,0.0
2025-10-17T09:30:24.926625+00:00,NBA,ML,"pinnacle,sbo,isn",1.9313140730492144,0.5177821743002013,0.6,0.0822178256997986,MGM,1.6576286773123072,0.6032714163834377,0.5220610787071506,112.0,PENDING,HOME,0.6052714163834377,-8.121033767628717,,0.0
2025-10-17T09:30:24.938495+00:00,NBA,ML,"pinnacle,sbo,isn",1.8711836094805168,0.5344210984605742,0.6,0.0655789015394258,DK,1.6852133049435405,0.5933966917223591,0.5309932369519303,60.0,PENDING,HOME,0.5913966917223591,-6.240345477042874,,0.0
2025-10-17T09:30:24.950629+00:00,NBA,ML,"pinnacle,sbo,isn",1.8879251657311469,0.5296820118464414,0.6,0.0703179881535586,DK,1.6822922519465893,0.5944270377771131,0.5335157829782661,114.0,PENDING,HOME,0.5934270377771131,-6.091125479884707,,0.0
2025-10-17T09:30:24.964006+00:00,NBA,ML,"pinnacle,sbo,isn",1.899464492672848,0.526464171274316,0.6,0.0735358287256839,PB,1.6960217004049478,0.5896150973547312,0.5271579826256437,126.0,PENDING,HOME,0.5896150973547312,-6.245711472908743,,0.0
2025-10-17T09:30:24.975944+00:00,NBA,ML,"sbo,isn",1.835192063676948,0.5449020948774285,0.6,0.0550979051225715,MGM,1.6713055196014384,0.5983346481369087,0.5446434663978899,132.0,PENDING,HOME,0.5993346481369087,-5.369118173901888,,0.0
2025-10-17T09:30:24.988173+00:00,NBA,ML,"pinnacle,sbo,isn",1.8026679457611088,0.5547333341958258,0.6,0.0452666658041741,PB,1.638364152088325,0.6103649171799564,0.5435594930659298,101.0,PENDING,HOME,0.6123649171799564,-6.6805424114026675,,0.0
2025-10-17T09:30:25.000082+00:00,NBA,ML,isn,1.833515729952044,0.5454002840903662,0.6,0.0545997159096337,FD,1.6821705792306854,0.5944700331504635,0.53577937292695,133.0,PENDING,HOME,0.5924700331504635,-5.869066022351355,,0.0
2025-10-17T09:30:25.012426+00:00,NBA,ML,"pinnacle,sbo,isn",1.9038441994094917,0.5252530644630303,0.6,0.0747469355369696,FD,1.669244615353112,0.5990733717529231,0.5314447756327842,106.0,PENDING,HOME,0.5980733717529231,-6.762859612013883,,0.0
2025-10-17T09:30:25.024511+00:00,NBA,ML,"sbo,isn",1.9552786000175588,0.5114360684922444,0.6,0.0885639315077555,DK,1.6667547138506142,0.5999683046881886,0.5374128057582027,128.0,PENDING,HOME,0.5999683046881886,-6.255549892998591,,0.0
2025-10-17T09:30:25.036858+00:00,NBA,ML,"pinnacle,sbo,isn",1.78944535934269,0.5588323749473558,0.6,0.0411676250526441,PB,1.6747722446632876,0.597096114523351,0.5582645430034289,113.0,PENDING,HOME,0.598096114523351,-3.8831571519922115,,0.0
2025-10-17T09:30:25.048866+00:00,NBA,ML,"pinnacle,sbo,isn",1.926211112238294,0.5191538942156662,0.6,0.0808461057843338,FD,1.6549230953257312,0.6042576859459288,0.5258097465788004,163.0,PENDING,HOME,0.6062576859459288,-7.8447939367128345,,0.0
2025-10-17T09:30:25.060797+00:00,NBA,ML,"pinnacle,sbo,isn",1.8437333215104168,0.5423777876839496,0.6,0.0576222123160503,FD,1.672995687135763,0.5977301721034565,0.5392910571284855,157.0,PENDING,HOME,0.5957301721034565,-5.843911497497101,,0.0
2025-10-17T09:30:25.072727+00:00,NBA,ML,"pinnacle,sbo,isn",1.905308540052855,0.5248493768742878,0.6,0.0751506231257121,MGM,1.6394677330944734,0.6099540599756199,0.5098987685720158,174.0,PENDING,HOME,0.6089540599756199,-10.005529140360414,,0.0
2025-10-17T09:30:25.084952+00:00,NBA,ML,"pinnacle,sbo,isn",1.869883171582422,0.5347927695149703,0.6,0.0652072304850296,PB,1.646056618679953,0.6075125172802045,0.5051474811365538,98.0,PENDING,HOME,0.6075125172802045,-10.236503614365066,,0.0
2025-10-17T09:30:25.097579+00:00,NBA,ML,"pinnacle,sbo",1.9125400530953696,0.5228648667417657,0.6,0.0771351332582342,FD,1.658930902022974,0.6027978614302474,0.5275156688367687,57.0,PENDING,HOME,0.6037978614302474,-7.528219259347868,,0.0
2025-10-17T09:30:25.109647+00:00,NBA,ML,"pinnacle,sbo,isn",1.917228070070127,0.5215863545975638,0.6,0.0784136454024362,FD,1.6654716816884765,0.6004305032591052,0.5294944158144645,133.0,PENDING,HOME,0.6024305032591052,-7.093608744464063,,0.0
2025-10-17T09:30:25.121716+00:00,NBA,ML,"pinnacle,sbo,isn",1.8391896947603443,0.543717705057229,0.6,0.0562822949427709,MGM,1.6792303238250026,0.5955109229579473,0.560007074533469,81.0,PENDING,HOME,0.5935109229579473,-3.550384842447829,,0.0
2025-10-17T09:30:25.133773+00:00,NBA,ML,"pinnacle,sbo,isn",1.8078631302226995,0.553139219049628,0.6,0.0468607809503719,MGM,1.6640133421100574,0.6009567199334753,0.5671774329702937,102.0,PENDING,HOME,0.5999567199334753,-3.3779286963181665,,0.0
2025-10-17T09:30:25.147886+00:00,NBA,ML,"pinnacle,sbo,isn",1.841916017521512,0.5429129181175172,0.6,0.0570870818824827,MGM,1.670260912584154,0.5987088558833865,0.5585600983342163,105.0,PENDING,HOME,0.5987088558833865,-4.014875754917025,,0.0
2025-10-17T09:30:25.161266+00:00,NBA,ML,"pinnacle,sbo,isn",1.808949985622536,0.5528068813112363,0.6,0.0471931186887636,MGM,1.6729728535011912,0.5977383302467842,0.5371492905894312,145.0,PENDING,HOME,0.5987383302467842,-6.058903965735308,,0.0
2025-10-17T09:30:25.173510+00:00,NBA,ML,"pinnacle,sbo,isn",1.9477566515846296,0.5134111590307924,0.6,0.0865888409692076,PB,1.6340635541386768,0.6119713015245023,0.5055455012797507,52.0,PENDING,HOME,0.6139713015245023,-10.642580024475157,,0.0
2025-10-17T09:30:25.185556+00:00,NBA,ML,"pinnacle,sbo,isn",1.8258122743149008,0.5477014335305802,0.6,0.0522985664694197,DK,1.6641811202806245,0.6008961331272488,0.5451676578411001,113.0,PENDING,HOME,0.5988961331272488,-5.572847528614866,,0.0
2025-10-17T09:30:25.197490+00:00,NBA,ML,"pinnacle,sbo,isn",1.8218085225366385,0.548905105904119,0.6,0.0510948940958809,MGM,1.6765421937299174,0.5964657517955048,0.5555317656079738,135.0,PENDING,HOME,0.5954657517955048,-4.093398618753097,,0.0
2025-10-17T09:30:25.209699+00:00,NBA,ML,"pinnacle,sbo,isn",1.8208269547617084,0.5492010085773746,0.6,0.0507989914226253,FD,1.6954191860200625,0.5898246334863446,0.5483300668668495,107.0,PENDING,HOME,0.5898246334863446,-4.149456661949513,,0.0
2025-10-17T09:30:25.221713+00:00,NBA,ML,"pinnacle,sbo,isn",1.8569995389306853,0.5385030954697109,0.6,0.0614969045302891,FD,1.6495597452918491,0.6062223589380054,0.5296151223374017,117.0,PENDING,HOME,0.6072223589380054,-7.6607236600603645,,0.0
2025-10-17T09:30:25.234076+00:00,NBA,ML,"pinnacle,sbo,isn",1.8978022958397016,0.526925276775229,0.6,0.0730747232247709,DK,1.6561016314840835,0.6038276763871485,0.5359271224154287,149.0,PENDING,HOME,0.6058276763871485,-6.7900553971719795,,0.0
2025-10-17T09:30:25.246023+00:00,NBA,ML,"pinnacle,sbo,isn",1.8280247679111796,0.5470385399332774,0.6,0.0529614600667225,MGM,1.6743186926618585,0.5972578603958509,0.5489182758081385,62.0,PENDING,HOME,0.5952578603958509,-4.833958458771248,,0.0
2025-10-17T09:30:25.257968+00:00,NBA,ML,"pinnacle,sbo,isn",1.9018323908560293,0.5258086910329108,0.6,0.0741913089670891,MGM,1.6542638949850583,0.6044984739324387,0.5277071249612852,61.0,PENDING,HOME,0.6034984739324387,-7.679134897115347,,0.0
2025-10-17T09:30:25.269842+00:00,NBA,ML,"pinnacle,sbo,isn",1.8060394988890367,0.5536977461540226,0.6,0.0463022538459774,MGM,1.6631668461791815,0.6012625866715148,0.5573322895324133,23.0,PENDING,HOME,0.6012625866715148,-4.3930297139101455,,0.0
2025-10-17T09:30:25.282030+00:00,NBA,ML,"pinnacle,sbo,isn",1.842706243020448,0.5426800955321359,0.6,0.057319904467864,PB,1.651907792560364,0.6053606651071343,0.5498240603584426,199.0,PENDING,HOME,0.6063606651071343,-5.5536604748691705,,0.0
2025-10-17T09:30:25.294127+00:00,NBA,ML,"pinnacle,sbo,isn",1.942211460385865,0.5148769948053582,0.6,0.0851230051946417,DK,1.6699432117030475,0.5988227581584503,0.5309881562903545,71.0,PENDING,HOME,0.6008227581584503,-6.783460186809586,,0.0
2025-10-17T09:30:25.306182+00:00,NBA,ML,"pinnacle,sbo,isn",1.9525851430745715,0.5121415593818276,0.6,0.0878584406181723,DK,1.6440370562696738,0.6082587957408964,0.4993308673133693,103.0,PENDING,HOME,0.6062587957408964,-10.892792842752709,,0.0
2025-10-17T09:30:25.318202+00:00,NBA,ML,"pinnacle,sbo,isn",1.8758796889448095,0.5330832280414018,0.6,0.0669167719585981,FD,1.6700298244956673,0.5987917014008958,0.5153336074449806,140.0,PENDING,HOME,0.5977917014008958,-8.34580939559152,,0.0
2025-10-17T09:30:25.330916+00:00,NBA,ML,"pinnacle,sbo,isn",1.8145642317028412,0.5510965015890179,0.6,0.048903498410982,MGM,1.657995522289524,0.6031379376821846,0.5447303487579955,141.0,PENDING,HOME,0.6031379376821846,-5.840758892418907,,0.0
2025-10-17T09:30:25.342991+00:00,NBA,ML,"pinnacle,sbo,isn",1.878565545985444,0.5323210585529118,0.6,0.0676789414470881,FD,1.643579884629672,0.608427986586924,0.5377014029521943,78.0,PENDING,HOME,0.609427986586924,-7.072658363472972,,0.0
2025-10-17T09:30:25.355104+00:00,NBA,ML,"pinnacle,sbo,isn",1.9151843236381512,0.5221429538961373,0.6,0.0778570461038626,MGM,1.6728887274118251,0.5977683892622847,0.5140769648530635,68.0,PENDING,HOME,0.5997683892622847,-8.369142440922117,,0.0
2025-10-17T09:30:25.367065+00:00,NBA,ML,"pinnacle,sbo,isn",1.8540000790437303,0.5393743027863231,0.6,0.0606256972136768,FD,1.6581826194929867,0.6030698840069645,0.5538860912765338,102.0,PENDING,HOME,0.6010698840069645,-4.918379273043072,,0.0
2025-10-17T09:30:25.379121+00:00,NBA,ML,"pinnacle,sbo,isn",1.747503707836391,0.5722448516221542,0.6,0.0277551483778457,DK,1.6581044098498967,0.603098329670643,0.5769562145561535,98.0,PENDING,HOME,0.602098329670643,-2.6142115114489495,,0.0
2025-10-17T09:30:25.391048+00:00,NBA,ML,"sbo,isn",1.879409910492389,0.5320819020997972,0.6,0.0679180979002027,DK,1.6523383314852071,0.6052029302625621,0.5079540987905024,184.0,PENDING,HOME,0.6052029302625621,-9.724883147205976,,0.0
2025-10-17T09:30:25.403154+00:00,NBA,ML,"pinnacle,sbo,isn",1.916396267541608,0.521812746631374,0.6,0.0781872533686259,FD,1.6401934248399572,0.6096841902031009,0.5187079068694146,108.0,PENDING,HOME,0.6106841902031009,-9.097628333368634,,0.0
2025-10-17T09:30:25.415579+00:00,NBA,ML,"pinnacle,sbo,isn",1.8056213593952883,0.5538259695459656,0.6,0.0461740304540343,PB,1.6747551919367274,0.5971021942876176,0.5590710432988265,60.0,PENDING,HOME,0.5991021942876176,-3.8031150988791063,,0.0
2025-10-17T09:30:25.427540+00:00,NBA,ML,"pinnacle,isn",1.8575168476639496,0.5383531251722534,0.6,0.0616468748277465,PB,1.6690584320235635,0.5991401983378147,0.5349798735515684,114.0,PENDING,HOME,0.5971401983378147,-6.416032478624634,,0.0
2025-10-17T09:30:25.439667+00:00,NBA,ML,"pinnacle,isn",1.945899191699064,0.5139012361307623,0.6,0.0860987638692376,PB,1.6492018650887896,0.6063539104390729,0.4965945200756901,126.0,PENDING,HOME,0.6053539104390729,-10.975939036338284,,0.0
2025-10-17T09:30:25.451648+00:00,NBA,ML,"pinnacle,sbo,isn",1.8544732865513835,0.5392366701920094,0.6,0.0607633298079905,PB,1.6642511069580268,0.6008708636690248,0.5559155463032046,75.0,PENDING,HOME,0.6008708636690248,-4.495531736582015,,0.0
2025-10-17T09:30:25.465262+00:00,NBA,ML,"pinnacle,sbo,isn",1.857366948092948,0.5383965731848251,0.6,0.0616034268151748,DK,1.65468334990564,0.6043452362393239,0.5401705343311946,168.0,PENDING,HOME,0.6053452362393239,-6.417470190812935,,0.0
2025-10-17T09:30:25.477525+00:00,NBA,ML,"pinnacle,sbo,isn",1.8058360158176996,0.5537601372665008,0.6,0.0462398627334992,PB,1.6664227742164863,0.6000878141323872,0.5447359063185756,106.0,PENDING,HOME,0.6020878141323872,-5.535190781381161,,0.0
2025-10-17T09:30:25.489796+00:00,NBA,ML,"pinnacle,sbo,isn",1.8856839996606056,0.5303115475233309,0.6,0.0696884524766691,PB,1.644525077864387,0.6080782916966033,0.5351322158785862,99.0,PENDING,HOME,0.6060782916966033,-7.294607581801715,,0.0
2025-10-17T09:30:25.501745+00:00,NBA,ML,"pinnacle,sbo,isn",1.882971273983013,0.5310755473633536,0.6,0.0689244526366463,FD,1.6704581857270195,0.5986381512236287,0.5239367991229887,67.0,PENDING,HOME,0.5976381512236287,-7.470135210063999,,0.0
2025-10-17T09:30:25.514032+00:00,NBA,ML,"pinnacle,sbo,isn",1.825655011556958,0.5477486127826409,0.6,0.0522513872173591,FD,1.7004287110711642,0.5880869885865796,0.5519504987698902,135.0,PENDING,HOME,0.5880869885865796,-3.6136489816689377,,0.0
2025-10-17T09:30:25.526109+00:00,NBA,ML,"pinnacle,sbo,isn",1.8807452339693005,0.5317041255446951,0.6,0.0682958744553048,DK,1.6753938659321344,0.5968745739937592,0.5442213756303471,99.0,PENDING,HOME,0.5978745739937592,-5.2653198363412095,,0.0
2025-10-17T09:30:25.538385+00:00,NBA,ML,"pinnacle,sbo,isn",1.8263921652889,0.5475275348883352,0.6,0.0524724651116648,PB,1.660641203417943,0.6021770373647198,0.5427365031792154,151.0,PENDING,HOME,0.6041770373647198,-5.9440534185504434,,0.0
2025-10-17T09:30:25.550350+00:00,NBA,ML,"pinnacle,sbo,isn",1.9319707051000543,0.5176061921436905,0.6,0.0823938078563094,MGM,1.6607878413131,0.6021238686389654,0.5207469643823885,110.0,PENDING,HOME,0.6001238686389654,-8.137690425657684,,0.0
2025-10-17T09:30:25.562508+00:00,NBA,ML,"pinnacle,sbo,isn",1.904756458247726,0.5250015011997631,0.6,0.0749984988002369,FD,1.6552632128993356,0.6041335252345844,0.5171773378601486,27.0,PENDING,HOME,0.6031335252345844,-8.695618737443578,,0.0
2025-10-17T09:30:25.574840+00:00,NBA,ML,"pinnacle,sbo,isn",1.823373220832576,0.5484340718481031,0.6,0.0515659281518968,PB,1.6638782195458068,0.6010055232725942,0.5595637307647058,110.0,PENDING,HOME,0.6010055232725942,-4.144179250788838,,0.0
2025-10-17T09:30:25.587381+00:00,NBA,ML,"pinnacle,sbo,isn",1.964238967730806,0.5091030248500026,0.6,0.0908969751499974,MGM,1.6813670496369983,0.5947541318927932,0.4993434366888535,83.0,PENDING,HOME,0.5957541318927932,-9.541069520393975,,0.0
2025-10-17T09:30:25.599538+00:00,NBA,ML,"pinnacle,sbo,isn",1.89585426462457,0.5274667038808634,0.6,0.0725332961191366,FD,1.675708295562262,0.5967625765464526,0.5273302359629104,148.0,PENDING,HOME,0.5987625765464526,-6.94323405835422,,0.0
2025-10-17T09:30:25.611788+00:00,NBA,ML,"pinnacle,sbo,isn",1.839017598862145,0.5437685863467157,0.6,0.0562314136532843,DK,1.6637455452264966,0.6010534500718158,0.5316096771056743,57.0,PENDING,HOME,0.5990534500718158,-6.944377296614146,,0.0
2025-10-17T09:30:25.623970+00:00,NBA,ML,"pinnacle,sbo,isn",1.8231099125839196,0.5485132811233997,0.6,0.0514867188766002,PB,1.6525882633722728,0.6051114014082366,0.5475514917541664,165.0,PENDING,HOME,0.6041114014082366,-5.755990965407021,,0.0
2025-10-17T09:30:25.635934+00:00,NBA,ML,"pinnacle,sbo,isn",1.8941768585275125,0.5279338069716341,0.6,0.0720661930283659,PB,1.6539466256960558,0.6046144322094763,0.5425455956388373,131.0,PENDING,HOME,0.6046144322094763,-6.2068836570639,,0.0
2025-10-17T09:30:25.648104+00:00,NBA,ML,"pinnacle,sbo,isn",1.9539016929683133,0.5117964755334378,0.6,0.0882035244665622,DK,1.6512612813011518,0.6055976793763526,0.5162746127006649,122.0,PENDING,HOME,0.6065976793763526,-8.932306667568767,,0.0
2025-10-17T09:30:25.662386+00:00,NBA,ML,"pinnacle,sbo,isn",1.915791418112392,0.5219774921976051,0.6,0.0780225078023948,DK,1.6705387489401422,0.5986092813677268,0.5235586830466562,151.0,PENDING,HOME,0.6006092813677268,-7.505059832107063,,0.0
2025-10-17T09:30:25.675532+00:00,NBA,ML,"pinnacle,sbo,isn",1.8015760447556253,0.5550695475281172,0.6,0.0449304524718827,PB,1.6360283739956183,0.6112363427767042,0.5650870015046323,167.0,PENDING,HOME,0.6092363427767042,-4.614934127207193,,0.0
2025-10-17T09:30:25.687872+00:00,NBA,ML,"pinnacle,sbo,isn",1.8266348410755864,0.5474547936527724,0.6,0.0525452063472275,MGM,1.6680432864025094,0.599504825894964,0.5567631759162777,191.0,PENDING,HOME,0.598504825894964,-4.274164997868635,,0.0
2025-10-17T09:30:25.700555+00:00,NBA,ML,"pinnacle,sbo,isn",1.8279003668765683,0.5470757696212697,0.6,0.0529242303787302,PB,1.654353716970342,0.6044656531079243,0.5471902825379762,108.0,PENDING,HOME,0.6044656531079243,-5.727537056994814,,0.0
2025-10-17T09:30:25.712774+00:00,NBA,ML,"pinnacle,sbo,isn",1.8730093357033029,0.533900168535202,0.6,0.066099831464798,MGM,1.6918350878360149,0.5910741579896394,0.5452606553707562,83.0,PENDING,HOME,0.5920741579896394,-4.581350261888318,,0.0
2025-10-17T09:30:25.724780+00:00,NBA,ML,"pinnacle,sbo,isn",1.9695927280941847,0.507719177541653,0.6,0.092280822458347,MGM,1.6728358850076803,0.5977872718789797,0.5202158302120907,145.0,PENDING,HOME,0.5997872718789797,-7.757144166688901,,0.0
2025-10-17T09:30:25.737089+00:00,NBA,ML,"pinnacle,sbo,isn",1.8396219627914687,0.5435899441440597,0.6,0.0564100558559402,MGM,1.671413360938565,0.5982960429599894,0.5257538328469179,123.0,PENDING,HOME,0.5962960429599894,-7.254221011307149,,0.0
2025-10-17T09:30:25.749370+00:00,NBA,ML,"pinnacle,sbo,isn",1.7938571776624634,0.5574579807424125,0.6,0.0425420192575874,DK,1.690357257738503,0.5915909169034959,0.5747479341512696,174.0,PENDING,HOME,0.5905909169034959,-1.6842982752226288,,0.0
2025-10-17T09:30:25.761388+00:00,NBA,ML,"pinnacle,sbo,isn",1.9015663844542128,0.525882245382151,0.6,0.0741177546178489,FD,1.66683408876921,0.5999397340969909,0.5279102181511288,76.0,PENDING,HOME,0.5999397340969909,-7.202951594586205,,0.0
2025-10-17T09:30:25.773520+00:00,NBA,ML,"pinnacle,sbo,isn",1.8740922634030828,0.5335916590275782,0.6,0.0664083409724217,PB,1.6487685677916342,0.6065132605841723,0.5330796879094123,116.0,PENDING,HOME,0.6075132605841723,-7.343357267476003,,0.0
2025-10-17T09:30:25.785419+00:00,NBA,ML,"pinnacle,sbo,isn",1.84352760668355,0.5424383103212485,0.6,0.0575616896787515,DK,1.6668256462617532,0.5999427728045427,0.5449261834192592,121.0,PENDING,HOME,0.6019427728045427,-5.501658938528342,,0.0
2025-10-17T09:30:25.797740+00:00,NBA,ML,"pinnacle,sbo,isn",1.9211782355470548,0.5205139125028919,0.6,0.079486087497108,PB,1.6645713614203894,0.6007552593880346,0.5130529299363668,69.0,PENDING,HOME,0.5987552593880346,-8.77023294516679,,0.0
2025-10-17T09:30:25.809906+00:00,NBA,ML,"pinnacle,sbo,isn",1.821901846810345,0.5488769890379815,0.6,0.0511230109620184,FD,1.6422153458851918,0.6089335375568403,0.5476501426630302,159.0,PENDING,HOME,0.6079335375568403,-6.128339489381007,,0.0
2025-10-17T09:30:25.822235+00:00,NBA,ML,"pinnacle,sbo,isn",1.9732979421204584,0.5067658454685379,0.6,0.0932341545314621,FD,1.667207303189472,0.5998054339654927,0.4983153921888463,76.0,PENDING,HOME,0.5998054339654927,-10.149004177664638,,0.0
2025-10-17T09:30:25.834226+00:00,NBA,ML,"pinnacle,sbo,isn",1.8211057959116663,0.5491169169001455,0.6,0.0508830830998544,DK,1.6847401534542663,0.5935633444419747,0.5601167134035664,114.0,PENDING,HOME,0.5945633444419747,-3.344663103840828,,0.0
2025-10-17T09:30:25.846360+00:00,NBA,ML,"pinnacle,sbo,isn",1.9244826743289964,0.5196201625190868,0.6,0.0803798374809131,PB,1.669689238234867,0.5989138440259474,0.5175993300651928,96.0,PENDING,HOME,0.6009138440259474,-8.131451396075462,,0.0
2025-10-17T09:30:25.858358+00:00,NBA,ML,"pinnacle,sbo,isn",1.887279252707169,0.5298632931854523,0.6,0.0701367068145476,MGM,1.6579889448048042,0.6031403304186268,0.5329778215284867,103.0,PENDING,HOME,0.6011403304186268,-7.0162508890140085,,0.0
2025-10-17T09:30:25.870206+00:00,NBA,ML,"pinnacle,sbo,isn",1.7698723749676468,0.5650124913771141,0.6,0.0349875086228859,MGM,1.6509901165061445,0.6056971450054579,0.5602000801384599,177.0,PENDING,HOME,0.6046971450054579,-4.549706486699801,,0.0
2025-10-17T09:30:25.882357+00:00,NBA,ML,"pinnacle,sbo,isn",1.941980740194982,0.5149381656069341,0.6,0.0850618343930659,MGM,1.65068147397536,0.6058103975636714,0.4937716211172288,45.0,PENDING,HOME,0.6058103975636714,-11.203877644644262,,0.0
2025-10-17T09:30:25.894376+00:00,NBA,ML,"pinnacle,sbo,isn",1.9504179440513023,0.5127106234076447,0.6,0.0872893765923552,MGM,1.6650347819581777,0.6005880542771256,0.5248525216969298,13.0,PENDING,HOME,0.6015880542771256,-7.573553258019583,,0.0
2025-10-17T09:30:25.906800+00:00,NBA,ML,"pinnacle,sbo,isn",1.8875512973638904,0.5297869262660975,0.6,0.0702130737339025,FD,1.6511488837412025,0.6056389038244585,0.5259888611481985,89.0,PENDING,HOME,0.6076389038244585,-7.9650042676259964,,0.0
2025-10-17T09:30:25.918918+00:00,NBA,ML,"pinnacle,sbo,isn",1.8771937344730811,0.5327100669663671,0.6,0.0672899330336328,MGM,1.686731537055612,0.5928625735815775,0.5510839337212423,106.0,PENDING,HOME,0.5908625735815775,-4.177863986033515,,0.0
2025-10-17T09:30:25.930904+00:00,NBA,ML,"pinnacle,sbo,isn",1.8033468610944936,0.5545244908642125,0.6,0.0454755091357874,MGM,1.6913847183607382,0.5912315448664945,0.5535915043676776,125.0,PENDING,HOME,0.5902315448664945,-3.7640040498816973,,0.0
2025-10-17T09:30:25.943182+00:00,NBA,ML,"sbo,isn",1.8841601726347768,0.5307404405017314,0.6,0.0692595594982685,PB,1.6785745525238762,0.595743572125776,0.5236677952022167,158.0,PENDING,HOME,0.595743572125776,-7.207577692355926,,0.0
2025-10-17T09:30:25.956888+00:00,NBA,ML,"pinnacle,sbo,isn",1.8147515351857624,0.5510396220150532,0.6,0.0489603779849467,DK,1.6793824095088217,0.5954569932005395,0.5513504778927647,131.0,PENDING,HOME,0.5964569932005395,-4.410651530777477,,0.0
2025-10-17T09:30:25.969270+00:00,NBA,ML,"pinnacle,sbo,isn",1.8655380568081636,0.5360383811793938,0.6,0.0639616188206061,FD,1.6725899474003303,0.5978751705128192,0.5166687118523396,146.0,PENDING,HOME,0.5998751705128192,-8.12064586604796,,0.0
2025-10-17T09:30:25.981433+00:00,NBA,ML,"pinnacle,sbo,isn",1.8596082576782769,0.5377476658704997,0.6,0.0622523341295002,MGM,1.6658557940914829,0.6002920562192934,0.5385874759036443,92.0,PENDING,HOME,0.5982920562192934,-6.170458031564907,,0.0
2025-10-17T09:30:25.993967+00:00,NBA,ML,"pinnacle,sbo,isn",1.812223225160785,0.5518084009276933,0.6,0.0481915990723066,PB,1.6610337724151298,0.6020347187438627,0.5459596595783633,118.0,PENDING,HOME,0.6010347187438627,-5.607505916549938,,0.0
2025-10-17T09:30:26.006097+00:00,NBA,ML,"pinnacle,sbo,isn",1.8419822347730503,0.5428934009904876,0.6,0.0571065990095124,FD,1.676787232888005,0.5963785866127188,0.5435234246738345,44.0,PENDING,HOME,0.5963785866127188,-5.285516193888428,,0.0
2025-10-17T09:30:26.018342+00:00,NBA,ML,"pinnacle,sbo,isn",1.824345458065532,0.5481417982427312,0.6,0.0518582017572687,DK,1.66360331697656,0.6011048365889318,0.5471075971069849,118.0,PENDING,HOME,0.6021048365889318,-5.399723948194691,,0.0
2025-10-17T09:30:26.030568+00:00,NBA,ML,"pinnacle,sbo,isn",1.8222405882192416,0.5487749567565255,0.6,0.0512250432434744,PB,1.6513762314663252,0.6055555245045877,0.5370552408275175,76.0,PENDING,HOME,0.6075555245045877,-6.850028367707017,,0.0
2025-10-17T09:30:26.042647+00:00,NBA,ML,pinnacle,1.8902307524085056,0.5290359384566217,0.6,0.0709640615433783,FD,1.660697298003278,0.6021566971911976,0.5040189400150251,51.0,PENDING,HOME,0.6001566971911976,-9.813775717617245,,0.0
2025-10-17T09:30:26.055150+00:00,NBA,ML,"pinnacle,sbo,isn",1.9235016179895,0.5198851878509098,0.6,0.0801148121490902,PB,1.6610138403158528,0.6020419431362736,0.5202709990807189,107.0,PENDING,HOME,0.6010419431362736,-8.177094405555463,,0.0
2025-10-17T09:30:26.067457+00:00,NBA,ML,"pinnacle,sbo",1.84867298197476,0.5409285523996765,0.6,0.0590714476003234,DK,1.6547754782186033,0.6043115897973776,0.5457173077848811,58.0,PENDING,HOME,0.6043115897973776,-5.85942820124965,,0.0
2025-10-17T09:30:26.079412+00:00,NBA,ML,"pinnacle,sbo,isn",1.870958495379624,0.5344854001141788,0.6,0.0655145998858212,PB,1.6646213673402366,0.6007372124495908,0.5503681611856714,95.0,PENDING,HOME,0.6017372124495908,-5.036905126391932,,0.0
2025-10-17T09:30:26.091379+00:00,NBA,ML,"pinnacle,sbo,isn",1.8273985743805647,0.5472259932888318,0.6,0.0527740067111681,MGM,1.649117086342164,0.6063850822248511,0.5479251890987801,76.0,PENDING,HOME,0.6083850822248511,-5.845989312607102,,0.0
2025-10-17T09:30:26.103534+00:00,NBA,ML,"pinnacle,sbo,isn",1.9161694087647008,0.5218745249902884,0.6,0.0781254750097115,PB,1.6744189766024684,0.5972220895567494,0.5156528479877458,159.0,PENDING,HOME,0.5952220895567494,-8.156924156900358,,0.0
2025-10-17T09:30:26.115711+00:00,NBA,ML,"pinnacle,sbo,isn",1.897834387094655,0.5269163667810203,0.6,0.0730836332189797,FD,1.6533992623966662,0.6048145918188335,0.5322105008522775,174.0,PENDING,HOME,0.6038145918188335,-7.260409096655596,,0.0
2025-10-17T09:30:26.127930+00:00,NBA,ML,"pinnacle,sbo,isn",1.84150111200924,0.5430352409121881,0.6,0.0569647590878118,PB,1.6547113050071751,0.6043350262816171,0.544227499523462,97.0,PENDING,HOME,0.6043350262816171,-6.0107526758155005,,0.0
2025-10-17T09:30:26.140049+00:00,NBA,ML,"pinnacle,sbo,isn",1.835655146784186,0.5447646317184694,0.6,0.0552353682815305,MGM,1.6643127764533376,0.6008485989821019,0.5489025548903715,110.0,PENDING,HOME,0.6018485989821019,-5.1946044091730315,,0.0
2025-10-17T09:30:26.151922+00:00,NBA,ML,"pinnacle,sbo,isn",1.8517880368319652,0.5400186091010706,0.6,0.0599813908989294,FD,1.6729167402920189,0.5977583796701342,0.5516716844565424,185.0,PENDING,HOME,0.5997583796701342,-4.608669521359188,,0.0
2025-10-17T09:30:26.166073+00:00,NBA,ML,"pinnacle,sbo,isn",1.8182997743858127,0.5499643205630276,0.6,0.0500356794369724,MGM,1.6508342784861942,0.6057543225459278,0.5490855531388714,157.0,PENDING,HOME,0.6037543225459278,-5.6668769407056345,,0.0
2025-10-17T09:30:26.180181+00:00,NBA,ML,"pinnacle,sbo,isn",1.8708861860035777,0.5345060578677487,0.6,0.0654939421322512,MGM,1.6790693074316951,0.5955680302021602,0.5394137249576869,168.0,PENDING,HOME,0.5945680302021602,-5.615430524447329,,0.0
2025-10-17T09:30:26.192462+00:00,NBA,ML,"pinnacle,sbo,isn",1.925676193268253,0.5192981060345365,0.6,0.0807018939654634,DK,1.6713442195287858,0.5983207937153349,0.4899921622760088,135.0,PENDING,HOME,0.5983207937153349,-10.832863143932608,,0.0
2025-10-17T09:30:26.204518+00:00,NBA,ML,"pinnacle,sbo,isn",1.8395157618722835,0.543621327268317,0.6,0.0563786727316829,MGM,1.6729649419269803,0.5977411569952951,0.5483966206409849,73.0,PENDING,HOME,0.5987411569952951,-4.934453635431013,,0.0
2025-10-17T09:30:26.216645+00:00,NBA,ML,"pinnacle,sbo,isn",1.890975241523564,0.5288276536049712,0.6,0.0711723463950287,DK,1.6599710333526625,0.6024201506578634,0.551256856729001,119.0,PENDING,HOME,0.6044201506578634,-5.116329392886232,,0.0
2025-10-17T09:30:26.228662+00:00,NBA,ML,"pinnacle,sbo,isn",1.922341481625628,0.520198939448755,0.6,0.079801060551245,MGM,1.668488476946135,0.5993448644190329,0.5101754996418469,115.0,PENDING,HOME,0.5973448644190329,-8.916936477718595,,0.0
2025-10-17T09:30:26.241134+00:00,NBA,ML,"pinnacle,sbo,isn",1.880914919752276,0.5316561581273991,0.6,0.0683438418726009,MGM,1.663121002575173,0.6012791603567041,0.5242342371874247,156.0,PENDING,HOME,0.6002791603567041,-7.704492316927947,,0.0
2025-10-17T09:30:26.253593+00:00,NBA,ML,"pinnacle,sbo,isn",1.8193550137359893,0.5496453371937183,0.6,0.0503546628062816,PB,1.665193221407428,0.6005309096531128,0.55187655737778,144.0,PENDING,HOME,0.6005309096531128,-4.865435227533288,,0.0
2025-10-17T09:30:26.265549+00:00,NBA,ML,"sbo,isn",1.8899688891734143,0.5291092386379725,0.6,0.0708907613620274,PB,1.6821519861352645,0.5944766039229873,0.5249858699159252,63.0,PENDING,HOME,0.5954766039229873,-6.949073400706207,,0.0
2025-10-17T09:30:26.277532+00:00,NBA,ML,"pinnacle,sbo,isn",1.8485262405915333,0.5409714928796452,0.6,0.0590285071203547,FD,1.6456745076883583,0.6076535762862835,0.5432663100342813,149.0,PENDING,HOME,0.6096535762862835,-6.4387266252002195,,0.0
2025-10-17T09:41:49.048763+00:00,NBA,ML,"PINN,SBO,ISN",0.5550631226752923,0.5469635499464898,0.5704474354417541,0.0153843127664617,AC,1.80159689798919,1.0,,,,HOME,0.99,,,0.0
2025-10-17T09:38:49.048763+00:00,EPL,OU,"PINN,SBO,ISN",0.5010393230958722,0.5026477292875803,0.5199485327721051,0.0189092096762328,AC,1.9958513312310489,0.0,,,,HOME,0.01,,,0.0
2025-10-17T09:34:49.048763+00:00,NBA,OU,"PINN,SBO,ISN",0.5219128716309883,0.485381610385829,0.5378386656125484,0.0159257939815601,AC,1.916028621549378,0.0,,,,HOME,0.01,,,0.0
2025-10-17T09:32:49.048763+00:00,NHL,AH,"PINN,SBO,ISN",0.461792809423821,0.4500004455816344,0.4852304652008256,0.0234376557770045,AC,2.1654733022969763,1.0,,,,HOME,0.99,,,0.0
2025-10-17T09:31:49.048763+00:00,NHL,OU,"PINN,SBO,ISN",0.5099305258203387,0.4967406106024735,0.5323068224070512,0.0223762965867124,AC,1.9610514557669865,0.0,,,,HOME,0.01,,,0.0
2025-10-17T09:28:49.048763+00:00,NBA,AH,"PINN,SBO,ISN",0.4342470782067336,0.4081754142734827,0.475282896076462,0.0410358178697284,AC,2.3028364499989253,0.0,,,,HOME,0.01,,,0.0
2025-10-17T09:27:49.048763+00:00,NBA,OU,"PINN,SBO,ISN",0.4942192259746654,0.4844358859985141,0.505563700265518,0.0113444742908525,AC,2.02339356189122,1.0,,,,HOME,0.99,,,0.0
2025-10-17T09:26:49.048763+00:00,NBA,ML,"PINN,SBO,ISN",0.5323280153975647,0.5151157698227259,0.551452032863696,0.0191240174661313,AC,1.878540995542304,0.0,,,,HOME,0.01,,,0.0
2025-10-17T09:25:49.048763+00:00,NHL,OU,"PINN,SBO,ISN",0.5410167830134052,0.5408901469147218,0.5601387377313509,0.0191219547179457,AC,1.848371494928693,1.0,,,,HOME,0.99,,,0.0
2025-10-17T09:23:49.048763+00:00,EPL,OU,"PINN,SBO,ISN",0.4811356347625266,0.5059656350637761,0.4979090014167873,0.0167733666542607,AC,2.0784159969642837,0.0,,,,HOME,0.01,,,0.0
2025-10-17T09:22:49.048763+00:00,NBA,AH,"PINN,SBO,ISN",0.5098655344894132,0.5201966126467952,0.5237253582982796,0.0138598238088664,AC,1.961301426269996,1.0,,,,HOME,0.99,,,0.0
2025-10-17T09:21:49.048763+00:00,NHL,OU,"PINN,SBO,ISN",0.4417054582302578,0.4626756387310404,0.4525717332731477,0.0108662750428899,AC,2.263952100584429,1.0,,,,HOME,0.99,,,0.0
2025-10-17T09:19:49.048763+00:00,NBA,OU,"PINN,SBO,ISN",0.5257252399173092,0.531351035979634,0.53747101474076,0.0117457748234507,AC,1.9021342786534063,1.0,,,,HOME,0.99,,,0.0
2025-10-17T09:18:49.048763+00:00,NBA,OU,"PINN,SBO,ISN",0.5532473336546587,0.5322094694285009,0.566490590319428,0.0132432566647692,AC,1.8075098408412893,0.0,,,,HOME,0.01,,,0.0
2025-10-17T09:16:49.048763+00:00,NHL,AH,"PINN,SBO,ISN",0.501623842967709,0.5038914593817048,0.5131757137632874,0.0115518707955784,AC,1.9935256547691116,1.0,,,,HOME,0.99,,,0.0
2025-10-17T09:15:49.048763+00:00,EPL,ML,"PINN,SBO,ISN",0.6034728676973116,0.5930477545815792,0.6217074499390606,0.018234582241749,AC,1.657075327704008,0.0,,,,HOME,0.01,,,0.0
2025-10-17T09:14:49.048763+00:00,NHL,ML,"PINN,SBO,ISN",0.4333007799037666,0.4272630414567375,0.4503288959547907,0.0170281160510241,AC,2.307865682176002,0.0,,,,HOME,0.01,,,0.0
2025-10-17T09:13:49.048763+00:00,NBA,ML,"PINN,SBO,ISN",0.5020334173685228,0.507710020243232,0.5299378527552915,0.0279044353867686,AC,1.9918992748363995,1.0,,,,HOME,0.99,,,0.0
2025-10-17T09:11:49.048763+00:00,NHL,ML,"PINN,SBO,ISN",0.5228114107005116,0.5172156335373658,0.5430886034827255,0.0202771927822138,AC,1.9127356051010944,1.0,,,,HOME,0.99,,,0.0
2025-10-17T09:09:49.048763+00:00,NHL,ML,"PINN,SBO,ISN",0.4964943876945547,0.5032918648066156,0.5245890277674861,0.0280946400729313,AC,2.014121457935198,1.0,,,,HOME,0.99,,,0.0
2025-10-17T09:08:49.048763+00:00,NBA,AH,"PINN,SBO,ISN",0.4791933425491327,0.4976192701130392,0.5058566347379976,0.0266632921888648,AC,2.086840344401212,1.0,,,,HOME,0.99,,,0.0
2025-10-17T09:05:49.048763+00:00,NHL,OU,"PINN,SBO,ISN",0.472740799191241,0.4564842497607763,0.4828123228392412,0.0100715236480001,AC,2.1153240881912185,0.0,,,,HOME,0.01,,,0.0
2025-10-17T09:01:49.048763+00:00,NBA,OU,"PINN,SBO,ISN",0.4099183272364265,0.4032435992849444,0.438393766430436,0.0284754391940094,AC,2.439510345247957,0.0,,,,HOME,0.01,,,0.0
2025-10-17T09:00:49.048763+00:00,EPL,ML,"PINN,SBO,ISN",0.4801080612118193,0.4761372281366591,0.4951713948803011,0.0150633336684817,AC,2.082864423221607,1.0,,,,HOME,0.99,,,0.0
2025-10-17T08:59:49.048763+00:00,NBA,ML,"PINN,SBO,ISN",0.4815712616132064,0.4838445745123036,0.4931626073176309,0.0115913457044244,AC,2.0765358726974674,1.0,,,,HOME,0.99,,,0.0
2025-10-17T08:56:49.048763+00:00,NBA,AH,"PINN,SBO,ISN",0.5621526704422628,0.5680400184835894,0.5762473867692102,0.0140947163269473,AC,1.778876188942177,1.0,,,,HOME,0.99,,,0.0
2025-10-17T08:54:49.048763+00:00,NHL,AH,"PINN,SBO,ISN",0.4572560553232725,0.4565836381305805,0.4678750302364634,0.0106189749131908,AC,2.186958463115412,0.0,,,,HOME,0.01,,,0.0
2025-10-17T08:51:49.048763+00:00,NHL,AH,"PINN,SBO,ISN",0.3804708409653837,0.3707158452560903,0.4166723830786754,0.0362015421132916,AC,2.628322311015111,1.0,,,,HOME,0.99,,,0.0
2025-10-17T08:50:49.048763+00:00,NBA,OU,"PINN,SBO,ISN",0.5012798853910779,0.4967783640283531,0.5124789418198943,0.0111990564288163,AC,1.9948935298288324,1.0,,,,HOME,0.99,,,0.0
2025-10-17T08:46:49.048763+00:00,EPL,AH,"PINN,SBO,ISN",0.5658703780830672,0.5827989055515446,0.5851924498771675,0.0193220717941002,AC,1.7671891633338062,1.0,,,,HOME,0.99,,,0.0
2025-10-17T08:40:49.048763+00:00,NBA,AH,"PINN,SBO,ISN",0.4942380018654905,0.4965353185666426,0.5065829549063909,0.0123449530409004,AC,2.023316694033081,0.0,,,,HOME,0.01,,,0.0
2025-10-17T08:38:49.048763+00:00,NHL,OU,"PINN,SBO,ISN",0.507118376199787,0.5163761668443746,0.5204313843707375,0.0133130081709506,AC,1.9719261752921275,0.0,,,,HOME,0.01,,,0.0
2025-10-17T08:37:49.048763+00:00,NBA,AH,"PINN,SBO,ISN",0.5819461672860742,0.5960209333605121,0.5998110555433814,0.0178648882573072,AC,1.718372001079643,1.0,,,,HOME,0.99,,,0.0
2025-10-17T08:36:49.048763+00:00,EPL,AH,"PINN,SBO,ISN",0.5038560779853714,0.5292532514440685,0.5186587184827153,0.0148026404973439,AC,1.9846937323817169,0.0,,,,HOME,0.01,,,0.0
2025-10-17T08:35:49.048763+00:00,NBA,ML,"PINN,SBO,ISN",0.5918219494623458,0.590856884889405,0.6207006854073465,0.0288787359450006,AC,1.6896973843374226,1.0,,,,HOME,0.99,,,0.0
2025-10-17T08:33:49.048763+00:00,EPL,ML,"PINN,SBO,ISN",0.5313550241965476,0.5504860302659013,0.5477801420261529,0.0164251178296053,AC,1.8819808874717652,1.0,,,,HOME,0.99,,,0.0
2025-10-17T08:29:49.048763+00:00,EPL,ML,"PINN,SBO,ISN",0.4249262383573939,0.4179864039615644,0.4445560978789758,0.0196298595215818,AC,2.3533496163137078,0.0,,,,HOME,0.01,,,0.0
2025-10-17T08:28:49.048763+00:00,NHL,AH,"PINN,SBO,ISN",0.4854699569793841,0.5085731793753062,0.5151059380305774,0.0296359810511931,AC,2.059859700118304,1.0,,,,HOME,0.99,,,0.0
2025-10-17T08:25:49.048763+00:00,EPL,ML,"PINN,SBO,ISN",0.4253359733171536,0.4283088636177495,0.445588764345168,0.0202527910280143,AC,2.351082585846426,1.0,,,,HOME,0.99,,,0.0
2025-10-17T08:24:49.048763+00:00,NBA,ML,"PINN,SBO,ISN",0.4740493313975076,0.4904171145658198,0.4877974676468683,0.0137481362493606,AC,2.109485097367353,1.0,,,,HOME,0.99,,,0.0
2025-10-17T08:23:49.048763+00:00,EPL,AH,"PINN,SBO,ISN",0.5684582179714345,0.5639386068930358,0.5966134717374245,0.02815525376599,AC,1.7591442403076507,1.0,,,,HOME,0.99,,,0.0
2025-10-17T08:21:49.048763+00:00,NBA,OU,"PINN,SBO,ISN",0.5440518714823254,0.5384088091995713,0.5591129037086395,0.0150610322263141,AC,1.8380600314367028,0.0,,,,HOME,0.01,,,0.0
2025-10-17T08:19:49.048763+00:00,EPL,OU,"PINN,SBO,ISN",0.4109188193523997,0.4104944167023088,0.433654347568787,0.0227355282163873,AC,2.433570702787429,1.0,,,,HOME,0.99,,,0.0
2025-10-17T08:18:49.048763+00:00,NBA,AH,"PINN,SBO,ISN",0.4842913810639003,0.4654545200543965,0.510296861494191,0.0260054804302906,AC,2.0648725934440155,0.0,,,,HOME,0.01,,,0.0
2025-10-17T08:15:49.048763+00:00,NHL,AH,"PINN,SBO,ISN",0.5283585597123835,0.5246039506835334,0.5478325496980379,0.0194739899856543,AC,1.8926541107696984,0.0,,,,HOME,0.01,,,0.0
2025-10-17T08:13:49.048763+00:00,EPL,OU,"PINN,SBO,ISN",0.6081711628247893,0.6135958887276196,0.6230932562743039,0.0149220934495145,AC,1.6442739497138807,0.0,,,,HOME,0.01,,,0.0
2025-10-17T08:10:49.048763+00:00,NHL,OU,"PINN,SBO,ISN",0.5067831345992438,0.5209513192240832,0.5260087427619797,0.0192256081627358,AC,1.9732306221886888,1.0,,,,HOME,0.99,,,0.0
2025-10-17T08:09:49.048763+00:00,EPL,OU,"PINN,SBO,ISN",0.3989745870044818,0.3868679347362486,0.4155908084294011,0.0166162214249193,AC,2.506425302694196,0.0,,,,HOME,0.01,,,0.0
2025-10-17T08:05:49.048763+00:00,NHL,AH,"PINN,SBO,ISN",0.512241003917156,0.5148831246826199,0.5335124163483395,0.0212714124311834,AC,1.9522060755638544,0.0,,,,HOME,0.01,,,0.0
2025-10-17T07:59:49.048763+00:00,EPL,AH,"PINN,SBO,ISN",0.4802207068531086,0.4778090112341104,0.4992147380071994,0.0189940311540908,AC,2.0823758445424203,0.0,,,,HOME,0.01,,,0.0
2025-10-17T07:58:49.048763+00:00,NHL,AH,"PINN,SBO,ISN",0.5205802418835773,0.5299540611787085,0.5358761284006226,0.0152958865170452,AC,1.9209334499169104,1.0,,,,HOME,0.99,,,0.0
2025-10-17T07:57:49.048763+00:00,NHL,ML,"PINN,SBO,ISN",0.5202077235463977,0.5225647415550195,0.5422845361986753,0.0220768126522776,AC,1.922309021447678,0.0,,,,HOME,0.01,,,0.0
2025-10-17T07:54:49.048763+00:00,NHL,ML,"PINN,SBO,ISN",0.4882805460680293,0.478573887124972,0.5225908501538999,0.0343103040858706,AC,2.048002952508937,1.0,,,,HOME,0.99,,,0.0
2025-10-17T07:53:49.048763+00:00,NBA,AH,"PINN,SBO,ISN",0.4333174584445814,0.4315309030059737,0.4515926110398338,0.0182751525952523,AC,2.307776851617193,1.0,,,,HOME,0.99,,,0.0
2025-10-17T07:50:49.048763+00:00,NHL,OU,"PINN,SBO,ISN",0.5518527991228883,0.5421445227377928,0.5695232171645718,0.0176704180416834,AC,1.8120774264249349,0.0,,,,HOME,0.01,,,0.0
2025-10-17T07:49:49.048763+00:00,EPL,AH,"PINN,SBO,ISN",0.4849493722381288,0.4715408789853345,0.5022132548411543,0.0172638826030255,AC,2.0620709237849297,1.0,,,,HOME,0.99,,,0.0
2025-10-17T07:48:49.048763+00:00,NBA,AH,"PINN,SBO,ISN",0.4833946980582994,0.47012305128754,0.4975983516931637,0.0142036536348643,AC,2.0687028716218894,0.0,,,,HOME,0.01,,,0.0
2025-10-17T07:47:49.048763+00:00,NBA,AH,"PINN,SBO,ISN",0.5472060345360016,0.5460200755943639,0.5671108244115983,0.0199047898755967,AC,1.8274652267823417,0.0,,,,HOME,0.01,,,0.0
2025-10-17T07:45:49.048763+00:00,EPL,OU,"PINN,SBO,ISN",0.4581630154768914,0.4647359805622107,0.4850510617991892,0.0268880463222978,AC,2.182629252514245,0.0,,,,HOME,0.01,,,0.0
2025-10-17T07:43:49.048763+00:00,NBA,OU,"PINN,SBO,ISN",0.4687908676421191,0.4753901236667189,0.4855314753680996,0.0167406077259805,AC,2.1331473563674725,1.0,,,,HOME,0.99,,,0.0
2025-10-17T07:41:49.048763+00:00,EPL,OU,"PINN,SBO,ISN",0.5009518610614729,0.508115837068765,0.5212168197990338,0.0202649587375608,AC,1.996199790297391,0.0,,,,HOME,0.01,,,0.0
2025-10-17T07:40:49.048763+00:00,NBA,AH,"PINN,SBO,ISN",0.5129141618273837,0.4899466253833118,0.5273349159572921,0.0144207541299083,AC,1.949643964668966,0.0,,,,HOME,0.01,,,0.0
2025-10-17T07:38:49.048763+00:00,NBA,AH,"PINN,SBO,ISN",0.5666226576028276,0.5682702208163682,0.5943915910178915,0.0277689334150639,AC,1.7648429454456214,1.0,,,,HOME,0.99,,,0.0
2025-10-17T07:37:49.048763+00:00,NHL,AH,"PINN,SBO,ISN",0.5458170067135933,0.5611781862691796,0.5830020413427127,0.0371850346291193,AC,1.8321158697877111,0.0,,,,HOME,0.01,,,0.0
2025-10-17T07:33:49.048763+00:00,EPL,AH,"PINN,SBO,ISN",0.4184306949952791,0.4156844763882877,0.4320890884432504,0.0136583934479713,AC,2.389882032940443,0.0,,,,HOME,0.01,,,0.0
2025-10-17T07:31:49.048763+00:00,NHL,ML,"PINN,SBO,ISN",0.4846226565107416,0.5095958334864273,0.4969816329689933,0.0123589764582516,AC,2.0634611002299166,0.0,,,,HOME,0.01,,,0.0
2025-10-17T07:30:49.048763+00:00,EPL,ML,"PINN,SBO,ISN",0.5611479094662264,0.5452537489208485,0.5905273541002397,0.0293794446340133,AC,1.782061348052098,1.0,,,,HOME,0.99,,,0.0
2025-10-17T07:27:49.048763+00:00,EPL,AH,"PINN,SBO,ISN",0.5545970923548376,0.5640238886303723,0.5716599617885294,0.0170628694336918,AC,1.8031107876061283,0.0,,,,HOME,0.01,,,0.0
2025-10-17T07:24:49.048763+00:00,NBA,ML,"PINN,SBO,ISN",0.5059655582682535,0.5442095516096902,0.529960259619597,0.0239947013513435,AC,1.9764191132350133,1.0,,,,HOME,0.99,,,0.0
2025-10-17T07:23:49.048763+00:00,EPL,OU,"PINN,SBO,ISN",0.403805733769437,0.4256875430433925,0.4294109227367888,0.0256051889673518,AC,2.4764383374778305,1.0,,,,HOME,0.99,,,0.0
2025-10-17T07:22:49.048763+00:00,EPL,ML,"PINN,SBO,ISN",0.5897878290322941,0.6057653678407328,0.6064645614432204,0.0166767324109262,AC,1.6955249850455028,1.0,,,,HOME,0.99,,,0.0
2025-10-17T07:18:49.048763+00:00,NHL,ML,"PINN,SBO,ISN",0.5033780655884188,0.505426168914677,0.5285030596522958,0.025124994063877,AC,1.9865784156309232,0.0,,,,HOME,0.01,,,0.0
2025-10-17T07:14:49.048763+00:00,NBA,OU,"PINN,SBO,ISN",0.5145117336777396,0.5104932131579069,0.5291596246264935,0.0146478909487538,AC,1.9435902712110784,0.0,,,,HOME,0.01,,,0.0
2025-10-17T07:13:49.048763+00:00,EPL,ML,"PINN,SBO,ISN",0.5312479511935292,0.5268618926374902,0.5554113368496463,0.024163385656117,AC,1.882360200643312,0.0,,,,HOME,0.01,,,0.0
2025-10-17T07:12:49.048763+00:00,NBA,ML,"PINN,SBO,ISN",0.5313248861020278,0.5200850936998758,0.5428320678555467,0.0115071817535189,AC,1.8820876381987777,0.0,,,,HOME,0.01,,,0.0
2025-10-17T07:11:49.048763+00:00,NHL,OU,"PINN,SBO,ISN",0.562506886599954,0.589835169057477,0.58048644424484,0.017979557644886,AC,1.777756012987596,1.0,,,,HOME,0.99,,,0.0
2025-10-17T07:10:49.048763+00:00,EPL,ML,"PINN,SBO,ISN",0.5010911702011992,0.5335960530055488,0.5141712701838685,0.0130800999826693,AC,1.9956448236724624,0.0,,,,HOME,0.01,,,0.0
2025-10-17T07:07:49.048763+00:00,EPL,ML,"PINN,SBO,ISN",0.4374357783970773,0.4338094144887711,0.4585872153761824,0.0211514369791051,AC,2.2860498600831445,1.0,,,,HOME,0.99,,,0.0
2025-10-17T07:05:49.048763+00:00,NHL,ML,"PINN,SBO,ISN",0.4849935461614451,0.4744358926164191,0.5017015593957257,0.0167080132342806,AC,2.061883107341637,0.0,,,,HOME,0.01,,,0.0
2025-10-17T07:04:49.048763+00:00,NBA,AH,"PINN,SBO,ISN",0.5226857127385377,0.5126404950849011,0.5348870970546835,0.0122013843161458,AC,1.9131955889144965,0.0,,,,HOME,0.01,,,0.0
2025-10-17T07:03:49.048763+00:00,NBA,AH,"PINN,SBO,ISN",0.4506718779606728,0.4293963919558276,0.4639352016781046,0.0132633237174318,AC,2.218909252836192,1.0,,,,HOME,0.99,,,0.0
2025-10-17T06:59:49.048763+00:00,NBA,OU,"PINN,SBO,ISN",0.4743590270024527,0.4795507024331289,0.4989642916729237,0.0246052646704709,AC,2.10810787415421,1.0,,,,HOME,0.99,,,0.0
2025-10-17T06:57:49.048763+00:00,NBA,OU,"PINN,SBO,ISN",0.3844706715691919,0.3844266663186625,0.3969549197428041,0.0124842481736122,AC,2.600978628405036,1.0,,,,HOME,0.99,,,0.0
2025-10-17T06:56:49.048763+00:00,EPL,AH,"PINN,SBO,ISN",0.4925179800223823,0.4842941116313202,0.508132913677449,0.0156149336550666,AC,2.030382728270256,1.0,,,,HOME,0.99,,,0.0
2025-10-17T06:55:49.048763+00:00,NHL,AH,"PINN,SBO,ISN",0.5081122418495919,0.5442722322919323,0.5303734818339804,0.0222612399843884,AC,1.9680690950485176,1.0,,,,HOME,0.99,,,0.0
2025-10-17T06:54:49.048763+00:00,EPL,AH,"PINN,SBO,ISN",0.5074979006727827,0.5094320623992172,0.5264920293432027,0.01899412867042,AC,1.970451500733923,1.0,,,,HOME,0.99,,,0.0
2025-10-17T06:52:49.048763+00:00,EPL,AH,"PINN,SBO,ISN",0.5373777505594434,0.5508684298086073,0.5656591344110747,0.0282813838516313,AC,1.8608883582525295,0.0,,,,HOME,0.01,,,0.0
2025-10-17T06:50:49.048763+00:00,EPL,OU,"PINN,SBO,ISN",0.5278304579718069,0.5298595651629977,0.5550444013972582,0.0272139434254512,AC,1.8945477376248967,1.0,,,,HOME,0.99,,,0.0
2025-10-17T06:49:49.048763+00:00,EPL,OU,"PINN,SBO,ISN",0.4932527203700376,0.4975447463418835,0.5061260085258728,0.0128732881558351,AC,2.0273583068123804,0.0,,,,HOME,0.01,,,0.0
2025-10-17T06:48:49.048763+00:00,EPL,ML,"PINN,SBO,ISN",0.5532954626976748,0.5418426941615242,0.5969918137913226,0.0436963510936477,AC,1.807352612516196,1.0,,,,HOME,0.99,,,0.0
2025-10-17T06:47:49.048763+00:00,NBA,ML,"PINN,SBO,ISN",0.5904424795800253,0.6227134382595441,0.6059033194543418,0.0154608398743165,AC,1.6936450790452748,1.0,,,,HOME,0.99,,,0.0
2025-10-17T06:46:49.048763+00:00,NHL,AH,"PINN,SBO,ISN",0.4108137252562046,0.3942765588568915,0.4345287701103623,0.0237150448541576,AC,2.434193257239272,1.0,,,,HOME,0.99,,,0.0
2025-10-17T06:45:49.048763+00:00,NBA,ML,"PINN,SBO,ISN",0.483323068292972,0.518146680801314,0.4951317590567935,0.0118086907638215,AC,2.069009458894352,0.0,,,,HOME,0.01,,,0.0
2025-10-17T06:42:49.048763+00:00,EPL,ML,"PINN,SBO,ISN",0.4238219714334159,0.4281527590305479,0.4345034333791623,0.0106814619457463,AC,2.3594812619503465,1.0,,,,HOME,0.99,,,0.0
2025-10-17T06:41:49.048763+00:00,EPL,OU,"PINN,SBO,ISN",0.5743919864971352,0.5806003392984856,0.5856593533863481,0.0112673668892129,AC,1.740971363647302,0.0,,,,HOME,0.01,,,0.0
2025-10-17T06:40:49.048763+00:00,EPL,ML,"PINN,SBO,ISN",0.5890574190750972,0.5777406607461333,0.6057164693815563,0.016659050306459,AC,1.6976273748833182,1.0,,,,HOME,0.99,,,0.0
2025-10-17T06:39:49.048763+00:00,NBA,OU,"PINN,SBO,ISN",0.5098302758970008,0.4978090900756622,0.5328954399463575,0.0230651640493566,AC,1.96143706499303,0.0,,,,HOME,0.01,,,0.0
2025-10-17T06:38:49.048763+00:00,EPL,AH,"PINN,SBO,ISN",0.5056445050612218,0.4924055422043704,0.5160254627774229,0.010380957716201,AC,1.9776740179919945,1.0,,,,HOME,0.99,,,0.0
2025-10-17T06:37:49.048763+00:00,EPL,ML,"PINN,SBO,ISN",0.5588619880362162,0.5809624319833068,0.5699539197947961,0.0110919317585799,AC,1.789350539860293,1.0,,,,HOME,0.99,,,0.0
2025-10-17T06:33:49.048763+00:00,NHL,ML,"PINN,SBO,ISN",0.5466680630644304,0.5210378908777733,0.5585056919942567,0.0118376289298263,AC,1.8292636200372652,0.0,,,,HOME,0.01,,,0.0
2025-10-17T06:32:49.048763+00:00,EPL,OU,"PINN,SBO,ISN",0.5122157567085072,0.4783405423950891,0.528801640052248,0.0165858833437407,AC,1.9523023001595832,1.0,,,,HOME,0.99,,,0.0
2025-10-17T06:31:49.048763+00:00,NHL,OU,"PINN,SBO,ISN",0.41870440827603,0.4167289616592398,0.4343417552128497,0.0156373469368196,AC,2.3883197316154168,1.0,,,,HOME,0.99,,,0.0
2025-10-17T06:25:49.048763+00:00,NHL,OU,"PINN,SBO,ISN",0.4453492015686708,0.4482217277349664,0.4636124549447851,0.0182632533761142,AC,2.245428972315794,1.0,,,,HOME,0.99,,,0.0
2025-10-17T06:22:49.048763+00:00,EPL,AH,"PINN,SBO,ISN",0.6003179053164823,0.5940187892108693,0.6184139615759188,0.0180960562594364,AC,1.665784063983247,0.0,,,,HOME,0.01,,,0.0
2025-10-17T06:21:49.048763+00:00,EPL,ML,"PINN,SBO,ISN",0.5827566980892938,0.5849507868223166,0.6100504288111234,0.0272937307218296,AC,1.7159819926201407,0.0,,,,HOME,0.01,,,0.0
2025-10-17T06:19:49.048763+00:00,NHL,ML,"PINN,SBO,ISN",0.5919453021958507,0.6045402584758656,0.6029977321976329,0.0110524300017821,AC,1.689345276143674,0.0,,,,HOME,0.01,,,0.0
2025-10-17T06:17:49.048763+00:00,NBA,AH,"PINN,SBO,ISN",0.4015349891933635,0.4065937980225185,0.4190287829599241,0.0174937937665605,AC,2.4904429923003275,1.0,,,,HOME,0.99,,,0.0
2025-10-17T06:15:49.048763+00:00,NHL,OU,"PINN,SBO,ISN",0.4658004716804658,0.4283358657391162,0.4825637334709074,0.0167632617904416,AC,2.14684196517085,1.0,,,,HOME,0.99,,,0.0
2025-10-17T06:14:49.048763+00:00,NHL,ML,"PINN,SBO,ISN",0.5446294266038568,0.5201770283910482,0.5576031990696221,0.0129737724657652,AC,1.83611085107115,1.0,,,,HOME,0.99,,,0.0
2025-10-17T06:13:49.048763+00:00,EPL,OU,"PINN,SBO,ISN",0.5034754936445559,0.4954149577436587,0.5267587071048255,0.0232832134602696,AC,1.9861939908161268,0.0,,,,HOME,0.01,,,0.0
2025-10-17T06:10:49.048763+00:00,EPL,AH,"PINN,SBO,ISN",0.5233248311053786,0.5095182742875146,0.5471879477288514,0.0238631166234727,AC,1.9108590698587284,1.0,,,,HOME,0.99,,,0.0
2025-10-17T06:08:49.048763+00:00,NHL,AH,"PINN,SBO,ISN",0.5052562898024767,0.501796912045449,0.5278439210317555,0.0225876312292787,AC,1.9791935700413288,0.0,,,,HOME,0.01,,,0.0
2025-10-17T06:07:49.048763+00:00,NHL,ML,"PINN,SBO,ISN",0.5032666685449597,0.5130845388791956,0.5218408659272835,0.0185741973823237,AC,1.987018140683132,1.0,,,,HOME,0.99,,,0.0
2025-10-17T06:06:49.048763+00:00,NHL,ML,"PINN,SBO,ISN",0.5210995122530366,0.5138467454357498,0.5491642125672982,0.0280647003142615,AC,1.9190192592512307,1.0,,,,HOME,0.99,,,0.0
2025-10-17T06:05:49.048763+00:00,NHL,OU,"PINN,SBO,ISN",0.4771966116351404,0.4848144207486261,0.500607979102267,0.0234113674671265,AC,2.0955722979118505,0.0,,,,HOME,0.01,,,0.0
2025-10-17T06:04:49.048763+00:00,NHL,ML,"PINN,SBO,ISN",0.5447155017297649,0.5542542087319723,0.5601518812831375,0.0154363795533726,AC,1.8358207115906595,0.0,,,,HOME,0.01,,,0.0
2025-10-17T05:57:49.048763+00:00,NBA,AH,"PINN,SBO,ISN",0.5784189543821054,0.6001059887982538,0.6003179228345528,0.0218989684524473,AC,1.7288506754904798,0.0,,,,HOME,0.01,,,0.0
2025-10-17T05:56:49.048763+00:00,NBA,AH,"PINN,SBO,ISN",0.4513810408001675,0.4901048860182138,0.4732884266048424,0.0219073858046748,AC,2.215423133916503,0.0,,,,HOME,0.01,,,0.0
2025-10-17T05:55:49.048763+00:00,NHL,OU,"PINN,SBO,ISN",0.5223222298744962,0.547087460236638,0.5345000744812071,0.0121778446067108,AC,1.9145269774182887,1.0,,,,HOME,0.99,,,0.0
2025-10-17T05:53:49.048763+00:00,NBA,AH,"PINN,SBO,ISN",0.4452046832354631,0.4899975138846615,0.4556503813435862,0.0104456981081231,AC,2.2461578632386323,0.0,,,,HOME,0.01,,,0.0
2025-10-17T05:52:49.048763+00:00,EPL,AH,"PINN,SBO,ISN",0.4908976917508124,0.4855387332016172,0.5090793858697708,0.0181816941189583,AC,2.0370843391694256,0.0,,,,HOME,0.01,,,0.0
2025-10-17T05:51:49.048763+00:00,NHL,AH,"PINN,SBO,ISN",0.4961556848378869,0.4800940922003756,0.5140746340649983,0.0179189492271114,AC,2.015496406791627,1.0,,,,HOME,0.99,,,0.0
2025-10-17T05:49:49.048763+00:00,NHL,OU,"PINN,SBO,ISN",0.5331013305099775,0.5386278692058886,0.5580902872665063,0.0249889567565287,AC,1.87581598988578,0.0,,,,HOME,0.01,,,0.0
2025-10-17T05:46:49.048763+00:00,NBA,OU,"PINN,SBO,ISN",0.4238081288484726,0.4275118494836329,0.4408412603580331,0.0170331315095605,AC,2.3595583282394705,0.0,,,,HOME,0.01,,,0.0
2025-10-17T05:42:49.048763+00:00,NHL,ML,"PINN,SBO,ISN",0.5651791392868399,0.5702875555883893,0.5791071248689519,0.0139279855821119,AC,1.7693505129397205,1.0,,,,HOME,0.99,,,0.0
2025-10-17T05:41:49.048763+00:00,NHL,OU,"PINN,SBO,ISN",0.5378475465847047,0.5235868521105701,0.5691844687628727,0.0313369221781679,AC,1.8592629200410635,1.0,,,,HOME,0.99,,,0.0
2025-10-17T05:40:49.048763+00:00,EPL,ML,"PINN,SBO,ISN",0.5641663913749558,0.5635301447041471,0.6126089590911394,0.0484425677161836,AC,1.7725267142604046,0.0,,,,HOME,0.01,,,0.0
2025-10-17T05:39:49.048763+00:00,NHL,ML,"PINN,SBO,ISN",0.501961113676535,0.4950709913654602,0.5229272518836514,0.0209661382071164,AC,1.992186192822105,0.0,,,,HOME,0.01,,,0.0
2025-10-17T05:38:49.048763+00:00,NHL,AH,"PINN,SBO,ISN",0.6263420121265032,0.6094453778068162,0.6429964776742212,0.0166544655477179,AC,1.596571810032166,0.0,,,,HOME,0.01,,,0.0
2025-10-17T05:36:49.048763+00:00,NBA,OU,"PINN,SBO,ISN",0.4493837031020529,0.4360111723913927,0.4664927335611395,0.0171090304590866,AC,2.2252698375510622,1.0,,,,HOME,0.99,,,0.0
2025-10-17T05:33:49.048763+00:00,NHL,AH,"PINN,SBO,ISN",0.491486276592852,0.4878401853058484,0.5083778530250735,0.0168915764322215,AC,2.034644806223962,0.0,,,,HOME,0.01,,,0.0
2025-10-17T05:32:49.048763+00:00,NHL,AH,"PINN,SBO,ISN",0.4990880761245676,0.4988793834586845,0.5152695258994371,0.0161814497748694,AC,2.0036543604989063,1.0,,,,HOME,0.99,,,0.0
2025-10-17T05:31:49.048763+00:00,EPL,OU,"PINN,SBO,ISN",0.5463442231382206,0.5716858549392596,0.5612513810282894,0.0149071578900688,AC,1.830347897257821,1.0,,,,HOME,0.99,,,0.0
2025-10-17T05:29:49.048763+00:00,NBA,OU,"PINN,SBO,ISN",0.4581548246891588,0.4707669840772661,0.492418131156484,0.0342633064673252,AC,2.182668273063507,1.0,,,,HOME,0.99,,,0.0
2025-10-17T05:28:49.048763+00:00,NBA,AH,"PINN,SBO,ISN",0.5547909955449488,0.5651023884706987,0.5648493897111541,0.0100583941662052,AC,1.8024805882397932,1.0,,,,HOME,0.99,,,0.0
2025-10-17T05:27:49.048763+00:00,EPL,AH,"PINN,SBO,ISN",0.4693068945021835,0.4648415868301783,0.4974330086887188,0.0281261141865353,AC,2.130801852081777,0.0,,,,HOME,0.01,,,0.0
2025-10-17T05:25:49.048763+00:00,NHL,OU,"PINN,SBO,ISN",0.5300288932650845,0.5140812712452305,0.5445539228293887,0.0145250295643042,AC,1.8866895988250736,1.0,,,,HOME,0.99,,,0.0
2025-10-17T05:24:49.048763+00:00,EPL,ML,"PINN,SBO,ISN",0.4866483496777796,0.4897491091657057,0.501576148103366,0.0149277984255863,AC,2.054871861092556,0.0,,,,HOME,0.01,,,0.0
2025-10-17T05:22:49.048763+00:00,NBA,AH,"PINN,SBO,ISN",0.5550176904005871,0.5645168496081654,0.5811587721746346,0.0261410817740475,AC,1.8017443719284771,0.0,,,,HOME,0.01,,,0.0
2025-10-17T05:21:49.048763+00:00,NHL,OU,"PINN,SBO,ISN",0.4723995748204412,0.467232051143513,0.4875876922036267,0.0151881173831854,AC,2.1168520322654807,1.0,,,,HOME,0.99,,,0.0
2025-10-17T05:17:49.048763+00:00,NHL,AH,"PINN,SBO,ISN",0.5652038224689386,0.5717742963417078,0.5781979600943581,0.0129941376254194,AC,1.769273243113914,1.0,,,,HOME,0.99,,,0.0
2025-10-17T05:16:49.048763+00:00,NHL,AH,"PINN,SBO,ISN",0.4957495302027749,0.4886206438525264,0.5168814298977669,0.0211318996949919,AC,2.01714765032853,1.0,,,,HOME,0.99,,,0.0
2025-10-17T05:14:49.048763+00:00,NHL,ML,"PINN,SBO,ISN",0.5553120398299005,0.5680023652891015,0.5859774188210717,0.0306653789911711,AC,1.8007893369398462,0.0,,,,HOME,0.01,,,0.0
2025-10-17T05:08:49.048763+00:00,EPL,AH,"PINN,SBO,ISN",0.4997807561752219,0.4954719601764746,0.5114813480568441,0.0117005918816222,AC,2.0008773600106413,0.0,,,,HOME,0.01,,,0.0
2025-10-17T05:05:49.048763+00:00,NHL,OU,"PINN,SBO,ISN",0.4906967946652378,0.4844252287087899,0.5009647199269227,0.0102679252616849,AC,2.037918345650124,0.0,,,,HOME,0.01,,,0.0
2025-10-17T05:04:49.048763+00:00,EPL,OU,"PINN,SBO,ISN",0.5398364356634269,0.532946720385843,0.5543200625503145,0.0144836268868876,AC,1.852412942025781,0.0,,,,HOME,0.01,,,0.0
2025-10-17T05:02:49.048763+00:00,EPL,AH,"PINN,SBO,ISN",0.5775793517979511,0.5945432653671198,0.5963613372179608,0.0187819854200097,AC,1.7313638323238054,0.0,,,,HOME,0.01,,,0.0
2025-10-17T05:01:49.048763+00:00,NBA,OU,"PINN,SBO,ISN",0.5076854127365107,0.520911433181854,0.5231205600862696,0.0154351473497589,AC,1.9697237204626976,0.0,,,,HOME,0.01,,,0.0
2025-10-17T04:58:49.048763+00:00,EPL,AH,"PINN,SBO,ISN",0.4666100353648805,0.4713615000274357,0.4925500860030135,0.0259400506381329,AC,2.143117216109633,1.0,,,,HOME,0.99,,,0.0
2025-10-17T04:57:49.048763+00:00,NBA,ML,"PINN,SBO,ISN",0.409221934318396,0.4021244243149021,0.435795308324305,0.0265733740059089,AC,2.443661778945475,1.0,,,,HOME,0.99,,,0.0
2025-10-17T04:55:49.048763+00:00,NBA,AH,"PINN,SBO,ISN",0.5950662896645134,0.5904369622390795,0.6090903812950381,0.0140240916305247,AC,1.6804850440507737,0.0,,,,HOME,0.01,,,0.0
2025-10-17T04:54:49.048763+00:00,EPL,AH,"PINN,SBO,ISN",0.5485510542370093,0.5460832636833937,0.5653370320316107,0.0167859777946013,AC,1.8229843736075213,1.0,,,,HOME,0.99,,,0.0
2025-10-17T04:53:49.048763+00:00,EPL,OU,"PINN,SBO,ISN",0.4440479564258258,0.4700504433979448,0.4720362102956039,0.0279882538697781,AC,2.252009012830669,1.0,,,,HOME,0.99,,,0.0
2025-10-17T04:52:49.048763+00:00,EPL,OU,"PINN,SBO,ISN",0.5675082655072102,0.5515442594458575,0.5807914817922392,0.0132832162850289,AC,1.7620888730250484,0.0,,,,HOME,0.01,,,0.0
2025-10-17T04:51:49.048763+00:00,NBA,OU,"PINN,SBO,ISN",0.5183250660806273,0.4857666681575788,0.5422783160660785,0.0239532499854511,AC,1.92929122174548,1.0,,,,HOME,0.99,,,0.0
2025-10-17T04:47:49.048763+00:00,NBA,OU,"PINN,SBO,ISN",0.5233278609214517,0.5400221922961349,0.5450686379977995,0.0217407770763478,AC,1.91084800690574,0.0,,,,HOME,0.01,,,0.0
2025-10-17T04:46:49.048763+00:00,EPL,OU,"PINN,SBO,ISN",0.5675065804236091,0.5462691372308257,0.58971948706298,0.0222129066393709,AC,1.762094105153038,0.0,,,,HOME,0.01,,,0.0
2025-10-17T04:44:49.048763+00:00,EPL,OU,"PINN,SBO,ISN",0.4483660570181548,0.4559798249778586,0.4816844740229043,0.0333184170047494,AC,2.230320481105261,1.0,,,,HOME,0.99,,,0.0
2025-10-17T04:43:49.048763+00:00,EPL,AH,"PINN,SBO,ISN",0.5323871983234045,0.5257335278022217,0.5570343905363453,0.0246471922129407,AC,1.8783321671693145,1.0,,,,HOME,0.99,,,0.0
2025-10-17T04:40:49.048763+00:00,EPL,ML,"PINN,SBO,ISN",0.5145488429815104,0.5173609596644697,0.5430022302768851,0.0284533872953747,AC,1.9434500993250383,0.0,,,,HOME,0.01,,,0.0
2025-10-17T04:39:49.048763+00:00,NBA,OU,"PINN,SBO,ISN",0.440107211855935,0.44193415642923,0.4560132483671545,0.0159060365112195,AC,2.272173627382731,1.0,,,,HOME,0.99,,,0.0
2025-10-17T04:38:49.048763+00:00,EPL,ML,"PINN,SBO,ISN",0.4721918855500717,0.4666189182054162,0.485808096954466,0.0136162114043943,AC,2.1177831102181424,1.0,,,,HOME,0.99,,,0.0
2025-10-17T04:36:49.048763+00:00,EPL,ML,"PINN,SBO,ISN",0.5551769193172212,0.5546995337615949,0.5716667452322838,0.0164898259150625,AC,1.801227618089455,0.0,,,,HOME,0.01,,,0.0
2025-10-17T04:34:49.048763+00:00,EPL,ML,"PINN,SBO,ISN",0.4955370824635929,0.4939083418124735,0.5159255975469696,0.0203885150833766,AC,2.018012446270294,1.0,,,,HOME,0.99,,,0.0
2025-10-17T04:29:49.048763+00:00,EPL,ML,"PINN,SBO,ISN",0.4419453840505936,0.4483686555979084,0.4623292036851641,0.0203838196345705,AC,2.2627230334088537,1.0,,,,HOME,0.99,,,0.0
2025-10-17T04:28:49.048763+00:00,EPL,AH,"PINN,SBO,ISN",0.5622378562759603,0.5824355784339659,0.5789065873632101,0.0166687310872497,AC,1.7786066676897243,0.0,,,,HOME,0.01,,,0.0
2025-10-17T04:27:49.048763+00:00,NHL,AH,"PINN,SBO,ISN",0.522407836518257,0.5309294196717006,0.5363410858087698,0.0139332492905128,AC,1.914213245086059,0.0,,,,HOME,0.01,,,0.0
2025-10-17T04:26:49.048763+00:00,NHL,OU,"PINN,SBO,ISN",0.4874386103918111,0.4888434462958596,0.5115779701612516,0.0241393597694404,AC,2.051540396433068,1.0,,,,HOME,0.99,,,0.0
2025-10-17T04:24:49.048763+00:00,NBA,OU,"PINN,SBO,ISN",0.511901189392435,0.506266363124094,0.530132992222101,0.0182318028296659,AC,1.953502005312548,0.0,,,,HOME,0.01,,,0.0
2025-10-17T04:20:49.048763+00:00,EPL,OU,"PINN,SBO,ISN",0.4398809036330774,0.4513068286180046,0.4645045794655028,0.0246236758324253,AC,2.273342606466364,1.0,,,,HOME,0.99,,,0.0
2025-10-17T04:18:49.048763+00:00,NHL,ML,"PINN,SBO,ISN",0.5847955699379322,0.5733674648855352,0.6003793151893891,0.0155837452514568,AC,1.709999273944801,0.0,,,,HOME,0.01,,,0.0
2025-10-17T04:15:49.048763+00:00,NBA,AH,"PINN,SBO,ISN",0.4769774944190212,0.4521200680384923,0.4960483835252035,0.0190708891061822,AC,2.096534976389279,0.0,,,,HOME,0.01,,,0.0
2025-10-17T04:13:49.048763+00:00,NBA,ML,"PINN,SBO,ISN",0.5399419068046425,0.5461597765561046,0.5510090976659963,0.0110671908613537,AC,1.8520510954927825,1.0,,,,HOME,0.99,,,0.0
2025-10-17T04:10:49.048763+00:00,NHL,OU,"PINN,SBO,ISN",0.5045287397585704,0.4851404430117499,0.524083986230655,0.0195552464720846,AC,1.982047644061912,0.0,,,,HOME,0.01,,,0.0
2025-10-17T04:09:49.048763+00:00,NBA,AH,"PINN,SBO,ISN",0.5474306308570303,0.5199921238228298,0.5614950521411216,0.0140644212840913,AC,1.826715466093758,0.0,,,,HOME,0.01,,,0.0
2025-10-17T04:08:49.048763+00:00,NHL,OU,"PINN,SBO,ISN",0.5938577881095876,0.5799049165795991,0.6062458839496635,0.0123880958400759,AC,1.683904833821031,0.0,,,,HOME,0.01,,,0.0
2025-10-17T04:06:49.048763+00:00,NBA,AH,"PINN,SBO,ISN",0.4917715377241966,0.5000904078589478,0.5083750851153146,0.0166035473911179,AC,2.033464573057167,0.0,,,,HOME,0.01,,,0.0
2025-10-17T04:05:49.048763+00:00,NHL,OU,"PINN,SBO,ISN",0.44016968611914,0.4340495610043837,0.4642905468237824,0.0241208607046424,AC,2.271851132722783,1.0,,,,HOME,0.99,,,0.0
2025-10-17T04:03:49.048763+00:00,NBA,OU,"PINN,SBO,ISN",0.4983871257470871,0.4894430858088602,0.5112224300041273,0.0128353042570401,AC,2.006472375266497,0.0,,,,HOME,0.01,,,0.0
2025-10-17T04:01:49.048763+00:00,EPL,OU,"PINN,SBO,ISN",0.4637625577820367,0.4232513681853286,0.4761195681305284,0.0123570103484917,AC,2.1562758424969464,1.0,,,,HOME,0.99,,,0.0
2025-10-17T04:00:49.048763+00:00,NHL,AH,"PINN,SBO,ISN",0.518390677490641,0.5262417066134457,0.5337270718901711,0.01533639439953,AC,1.9290470361864365,1.0,,,,HOME,0.99,,,0.0
2025-10-17T03:59:49.048763+00:00,NHL,ML,"PINN,SBO,ISN",0.5359309655125236,0.5150979067758416,0.5575925755083225,0.0216616099957989,AC,1.8659119632015964,0.0,,,,HOME,0.01,,,0.0
2025-10-17T03:58:49.048763+00:00,NBA,AH,"PINN,SBO,ISN",0.5445181005313793,0.5456849132027779,0.5631184708809187,0.0186003703495394,AC,1.8364862417321468,0.0,,,,HOME,0.01,,,0.0
2025-10-17T03:53:49.048763+00:00,NBA,OU,"PINN,SBO,ISN",0.5631595024201254,0.5729484972746749,0.5753615475163184,0.012202045096193,AC,1.7756958653855497,1.0,,,,HOME,0.99,,,0.0
2025-10-17T03:52:49.048763+00:00,EPL,AH,"PINN,SBO,ISN",0.4579465332900557,0.4545545674109877,0.4695160198976362,0.0115694866075805,AC,2.1836610331246176,0.0,,,,HOME,0.01,,,0.0
2025-10-17T03:50:49.048763+00:00,NHL,OU,"PINN,SBO,ISN",0.5507273054760509,0.5533617293688999,0.5647452131588805,0.0140179076828296,AC,1.815780677763192,0.0,,,,HOME,0.01,,,0.0
2025-10-17T03:48:49.048763+00:00,NBA,ML,"PINN,SBO,ISN",0.5010746428794498,0.4779598246720427,0.5248839658201413,0.0238093229406914,AC,1.9957106475263875,0.0,,,,HOME,0.01,,,0.0
2025-10-17T03:46:49.048763+00:00,EPL,OU,"PINN,SBO,ISN",0.497516951986576,0.5003693772322206,0.5093049692168647,0.0117880172302887,AC,2.0099817624445127,1.0,,,,HOME,0.99,,,0.0
2025-10-17T03:45:49.048763+00:00,NHL,ML,"PINN,SBO,ISN",0.627313549216983,0.6275557672828738,0.6439406419089361,0.016627092691953,AC,1.5940991570295375,1.0,,,,HOME,0.99,,,0.0
2025-10-17T03:44:49.048763+00:00,NBA,ML,"PINN,SBO,ISN",0.5423282837182256,0.5565880464867663,0.5554820066392557,0.0131537229210301,AC,1.8439016183038763,1.0,,,,HOME,0.99,,,0.0
2025-10-17T03:42:49.048763+00:00,EPL,OU,"PINN,SBO,ISN",0.3756269214443735,0.3602696796727985,0.3982992119961948,0.0226722905518212,AC,2.662215999201457,0.0,,,,HOME,0.01,,,0.0
2025-10-17T03:41:49.048763+00:00,EPL,OU,"PINN,SBO,ISN",0.496835911901937,0.4961204771626566,0.5130728617966903,0.0162369498947532,AC,2.012736954081884,0.0,,,,HOME,0.01,,,0.0
2025-10-17T03:38:49.048763+00:00,NHL,AH,"PINN,SBO,ISN",0.5202147217667018,0.5009900309873236,0.5425585657619245,0.0223438439952227,AC,1.9222831614682083,1.0,,,,HOME,0.99,,,0.0
2025-10-17T03:34:49.048763+00:00,NHL,AH,"PINN,SBO,ISN",0.5673043564603456,0.5840216010807131,0.592489099047584,0.0251847425872383,AC,1.7627222294562084,1.0,,,,HOME,0.99,,,0.0
2025-10-17T03:33:49.048763+00:00,EPL,AH,"PINN,SBO,ISN",0.4497113001419556,0.4429345228511483,0.4881014200780483,0.0383901199360927,AC,2.22364881577212,1.0,,,,HOME,0.99,,,0.0
2025-10-17T03:29:49.048763+00:00,EPL,OU,"PINN,SBO,ISN",0.5365566572395548,0.54742641176977,0.553052816612357,0.0164961593728021,AC,1.863736078021548,0.0,,,,HOME,0.01,,,0.0
2025-10-17T03:28:49.048763+00:00,NHL,ML,"PINN,SBO,ISN",0.4748928338832317,0.4807083785771585,0.4892182899529064,0.0143254560696747,AC,2.105738239558029,0.0,,,,HOME,0.01,,,0.0
2025-10-17T03:27:49.048763+00:00,NHL,ML,"PINN,SBO,ISN",0.5289707452424458,0.5612832876886216,0.5422625709317597,0.0132918256893138,AC,1.8904637146647207,1.0,,,,HOME,0.99,,,0.0
2025-10-17T03:26:49.048763+00:00,NBA,AH,"PINN,SBO,ISN",0.4295736146747488,0.434340834613778,0.4457397651390254,0.0161661504642765,AC,2.3278897163112515,0.0,,,,HOME,0.01,,,0.0
2025-10-17T03:25:49.048763+00:00,NHL,OU,"PINN,SBO,ISN",0.457204081499115,0.4610377585646008,0.4761493530043615,0.0189452715052464,AC,2.1872070711204614,1.0,,,,HOME,0.99,,,0.0
2025-10-17T03:23:49.048763+00:00,NBA,ML,"PINN,SBO,ISN",0.4521358608118231,0.4667456654886334,0.4644893893878559,0.0123535285760327,AC,2.2117245869515214,1.0,,,,HOME,0.99,,,0.0
2025-10-17T03:22:49.048763+00:00,NHL,OU,"PINN,SBO,ISN",0.5114189544328147,0.5093010289817302,0.5306293133936102,0.0192103589607954,AC,1.955344031214178,1.0,,,,HOME,0.99,,,0.0
2025-10-17T03:19:49.048763+00:00,EPL,AH,"PINN,SBO,ISN",0.5003754376148294,0.4986642907555211,0.5156075757211794,0.01523213810635,AC,1.9984993763218315,1.0,,,,HOME,0.99,,,0.0
2025-10-17T03:18:49.048763+00:00,NBA,AH,"PINN,SBO,ISN",0.5566196481944106,0.564032914502223,0.5683770499776833,0.0117574017832727,AC,1.796558930759717,0.0,,,,HOME,0.01,,,0.0
2025-10-17T03:17:49.048763+00:00,NHL,AH,"PINN,SBO,ISN",0.5325679282516803,0.5472142627279589,0.5438129680171492,0.0112450397654688,AC,1.8776947445611505,0.0,,,,HOME,0.01,,,0.0
2025-10-17T03:16:49.048763+00:00,EPL,OU,"PINN,SBO,ISN",0.4282417927006363,0.426835975732688,0.4439050331700171,0.0156632404693808,AC,2.3351293989632933,1.0,,,,HOME,0.99,,,0.0
2025-10-17T03:15:49.048763+00:00,EPL,ML,"PINN,SBO,ISN",0.5017704394260422,0.4752694264993705,0.5368237682466065,0.0350533288205643,AC,1.9929432294653813,1.0,,,,HOME,0.99,,,0.0
2025-10-17T03:12:49.048763+00:00,EPL,ML,"PINN,SBO,ISN",0.452406831995967,0.4824436901094907,0.4754418571043296,0.0230350251083625,AC,2.210399864184444,1.0,,,,HOME,0.99,,,0.0
2025-10-17T03:11:49.048763+00:00,NBA,ML,"PINN,SBO,ISN",0.4396936871141693,0.4493035882170542,0.4547967695667956,0.0151030824526263,AC,2.2743105696224006,1.0,,,,HOME,0.99,,,0.0
2025-10-17T03:10:49.048763+00:00,NBA,ML,"PINN,SBO,ISN",0.5359333873262302,0.5432356937763645,0.5470397211874826,0.0111063338612523,AC,1.8659035313866088,1.0,,,,HOME,0.99,,,0.0
2025-10-17T03:09:49.048763+00:00,NBA,OU,"PINN,SBO,ISN",0.4384769569897302,0.4189196697343268,0.4679475308112498,0.0294705738215195,AC,2.280621556182304,0.0,,,,HOME,0.01,,,0.0
2025-10-17T03:08:49.048763+00:00,NHL,ML,"PINN,SBO,ISN",0.5069406453669457,0.4776866251871793,0.5236312169655309,0.0166905715985852,AC,1.9726175226611715,1.0,,,,HOME,0.99,,,0.0
2025-10-17T03:07:49.048763+00:00,EPL,OU,"PINN,SBO,ISN",0.4590844518794357,0.4605634767132369,0.4714152391715168,0.0123307872920811,AC,2.1782484593109657,1.0,,,,HOME,0.99,,,0.0
2025-10-17T03:05:49.048763+00:00,NBA,OU,"PINN,SBO,ISN",0.5020641702865161,0.5119262064537546,0.5229794127870162,0.0209152425005001,AC,1.991777265104028,1.0,,,,HOME,0.99,,,0.0
2025-10-17T03:03:49.048763+00:00,NHL,OU,"PINN,SBO,ISN",0.5640526200101004,0.5919478056604514,0.582537047833826,0.0184844278237256,AC,1.772884239030914,1.0,,,,HOME,0.99,,,0.0
2025-10-17T03:02:49.048763+00:00,EPL,AH,"PINN,SBO,ISN",0.4923064601259119,0.4679908326889568,0.512930760741583,0.020624300615671,AC,2.031255083965871,0.0,,,,HOME,0.01,,,0.0
2025-10-17T09:58:30.922469+00:00,EPL,AH,"PINN,SBO,ISN",0.5550631226752923,0.5469635499464898,0.5704474354417541,0.0153843127664617,AC,1.80159689798919,1.0,,,,HOME,0.99,,,0.0
2025-10-17T09:55:30.922469+00:00,NBA,AH,"PINN,SBO,ISN",0.5010393230958722,0.5026477292875803,0.5199485327721051,0.0189092096762328,AC,1.9958513312310489,0.0,,,,HOME,0.01,,,0.0
2025-10-17T09:51:30.922469+00:00,NBA,OU,"PINN,SBO,ISN",0.5219128716309883,0.485381610385829,0.5378386656125484,0.0159257939815601,AC,1.916028621549378,0.0,,,,HOME,0.01,,,0.0
2025-10-17T09:49:30.922469+00:00,NHL,AH,"PINN,SBO,ISN",0.461792809423821,0.4500004455816344,0.4852304652008256,0.0234376557770045,AC,2.1654733022969763,1.0,,,,HOME,0.99,,,0.0
2025-10-17T09:48:30.922469+00:00,NBA,OU,"PINN,SBO,ISN",0.5099305258203387,0.4967406106024735,0.5323068224070512,0.0223762965867124,AC,1.9610514557669865,0.0,,,,HOME,0.01,,,0.0
2025-10-17T09:45:30.922469+00:00,NBA,AH,"PINN,SBO,ISN",0.4342470782067336,0.4081754142734827,0.475282896076462,0.0410358178697284,AC,2.3028364499989253,0.0,,,,HOME,0.01,,,0.0
2025-10-17T09:44:30.922469+00:00,NBA,OU,"PINN,SBO,ISN",0.4942192259746654,0.4844358859985141,0.505563700265518,0.0113444742908525,AC,2.02339356189122,1.0,,,,HOME,0.99,,,0.0
2025-10-17T09:43:30.922469+00:00,NHL,AH,"PINN,SBO,ISN",0.5323280153975647,0.5151157698227259,0.551452032863696,0.0191240174661313,AC,1.878540995542304,0.0,,,,HOME,0.01,,,0.0
2025-10-17T09:42:30.922469+00:00,NHL,AH,"PINN,SBO,ISN",0.5410167830134052,0.5408901469147218,0.5601387377313509,0.0191219547179457,AC,1.848371494928693,1.0,,,,HOME,0.99,,,0.0
2025-10-17T09:40:30.922469+00:00,EPL,OU,"PINN,SBO,ISN",0.4811356347625266,0.5059656350637761,0.4979090014167873,0.0167733666542607,AC,2.0784159969642837,0.0,,,,HOME,0.01,,,0.0
2025-10-17T09:39:30.922469+00:00,NBA,AH,"PINN,SBO,ISN",0.5098655344894132,0.5201966126467952,0.5237253582982796,0.0138598238088664,AC,1.961301426269996,1.0,,,,HOME,0.99,,,0.0
2025-10-17T09:38:30.922469+00:00,EPL,AH,"PINN,SBO,ISN",0.4417054582302578,0.4626756387310404,0.4525717332731477,0.0108662750428899,AC,2.263952100584429,1.0,,,,HOME,0.99,,,0.0
2025-10-17T09:36:30.922469+00:00,NBA,OU,"PINN,SBO,ISN",0.5257252399173092,0.531351035979634,0.53747101474076,0.0117457748234507,AC,1.9021342786534063,1.0,,,,HOME,0.99,,,0.0
2025-10-17T09:35:30.922469+00:00,NHL,AH,"PINN,SBO,ISN",0.5532473336546587,0.5322094694285009,0.566490590319428,0.0132432566647692,AC,1.8075098408412893,0.0,,,,HOME,0.01,,,0.0
2025-10-17T09:33:30.922469+00:00,NHL,ML,"PINN,SBO,ISN",0.501623842967709,0.5038914593817048,0.5131757137632874,0.0115518707955784,AC,1.9935256547691116,1.0,,,,HOME,0.99,,,0.0
2025-10-17T09:32:30.922469+00:00,EPL,OU,"PINN,SBO,ISN",0.6034728676973116,0.5930477545815792,0.6217074499390606,0.018234582241749,AC,1.657075327704008,0.0,,,,HOME,0.01,,,0.0
2025-10-17T09:31:30.922469+00:00,EPL,ML,"PINN,SBO,ISN",0.4333007799037666,0.4272630414567375,0.4503288959547907,0.0170281160510241,AC,2.307865682176002,0.0,,,,HOME,0.01,,,0.0
2025-10-17T09:30:30.922469+00:00,NHL,AH,"PINN,SBO,ISN",0.5020334173685228,0.507710020243232,0.5299378527552915,0.0279044353867686,AC,1.9918992748363995,1.0,,,,HOME,0.99,,,0.0
2025-10-17T09:28:30.922469+00:00,NHL,OU,"PINN,SBO,ISN",0.5228114107005116,0.5172156335373658,0.5430886034827255,0.0202771927822138,AC,1.9127356051010944,1.0,,,,HOME,0.99,,,0.0
2025-10-17T09:26:30.922469+00:00,NHL,OU,"PINN,SBO,ISN",0.4964943876945547,0.5032918648066156,0.5245890277674861,0.0280946400729313,AC,2.014121457935198,1.0,,,,HOME,0.99,,,0.0
2025-10-17T09:25:30.922469+00:00,NBA,ML,"PINN,SBO,ISN",0.4791933425491327,0.4976192701130392,0.5058566347379976,0.0266632921888648,AC,2.086840344401212,1.0,,,,HOME,0.99,,,0.0
2025-10-17T09:22:30.922469+00:00,NBA,OU,"PINN,SBO,ISN",0.472740799191241,0.4564842497607763,0.4828123228392412,0.0100715236480001,AC,2.1153240881912185,0.0,,,,HOME,0.01,,,0.0
2025-10-17T09:18:30.922469+00:00,EPL,OU,"PINN,SBO,ISN",0.4099183272364265,0.4032435992849444,0.438393766430436,0.0284754391940094,AC,2.439510345247957,0.0,,,,HOME,0.01,,,0.0
2025-10-17T09:17:30.922469+00:00,NBA,AH,"PINN,SBO,ISN",0.4801080612118193,0.4761372281366591,0.4951713948803011,0.0150633336684817,AC,2.082864423221607,1.0,,,,HOME,0.99,,,0.0
2025-10-17T09:16:30.922469+00:00,EPL,ML,"PINN,SBO,ISN",0.4815712616132064,0.4838445745123036,0.4931626073176309,0.0115913457044244,AC,2.0765358726974674,1.0,,,,HOME,0.99,,,0.0
2025-10-17T09:13:30.922469+00:00,EPL,ML,"PINN,SBO,ISN",0.5621526704422628,0.5680400184835894,0.5762473867692102,0.0140947163269473,AC,1.778876188942177,1.0,,,,HOME,0.99,,,0.0
2025-10-17T09:11:30.922469+00:00,NHL,AH,"PINN,SBO,ISN",0.4572560553232725,0.4565836381305805,0.4678750302364634,0.0106189749131908,AC,2.186958463115412,0.0,,,,HOME,0.01,,,0.0
2025-10-17T09:08:30.922469+00:00,NBA,OU,"PINN,SBO,ISN",0.3804708409653837,0.3707158452560903,0.4166723830786754,0.0362015421132916,AC,2.628322311015111,1.0,,,,HOME,0.99,,,0.0
2025-10-17T09:07:30.922469+00:00,EPL,AH,"PINN,SBO,ISN",0.5012798853910779,0.4967783640283531,0.5124789418198943,0.0111990564288163,AC,1.9948935298288324,1.0,,,,HOME,0.99,,,0.0
2025-10-17T09:03:30.922469+00:00,EPL,ML,"PINN,SBO,ISN",0.5658703780830672,0.5827989055515446,0.5851924498771675,0.0193220717941002,AC,1.7671891633338062,1.0,,,,HOME,0.99,,,0.0
2025-10-17T08:57:30.922469+00:00,EPL,AH,"PINN,SBO,ISN",0.4942380018654905,0.4965353185666426,0.5065829549063909,0.0123449530409004,AC,2.023316694033081,0.0,,,,HOME,0.01,,,0.0
2025-10-17T08:55:30.922469+00:00,NBA,AH,"PINN,SBO,ISN",0.507118376199787,0.5163761668443746,0.5204313843707375,0.0133130081709506,AC,1.9719261752921275,0.0,,,,HOME,0.01,,,0.0
2025-10-17T08:54:30.922469+00:00,NHL,AH,"PINN,SBO,ISN",0.5819461672860742,0.5960209333605121,0.5998110555433814,0.0178648882573072,AC,1.718372001079643,1.0,,,,HOME,0.99,,,0.0
2025-10-17T08:53:30.922469+00:00,EPL,AH,"PINN,SBO,ISN",0.5038560779853714,0.5292532514440685,0.5186587184827153,0.0148026404973439,AC,1.9846937323817169,0.0,,,,HOME,0.01,,,0.0
2025-10-17T08:52:30.922469+00:00,NBA,ML,"PINN,SBO,ISN",0.5918219494623458,0.590856884889405,0.6207006854073465,0.0288787359450006,AC,1.6896973843374226,1.0,,,,HOME,0.99,,,0.0
2025-10-17T08:50:30.922469+00:00,NHL,OU,"PINN,SBO,ISN",0.5313550241965476,0.5504860302659013,0.5477801420261529,0.0164251178296053,AC,1.8819808874717652,1.0,,,,HOME,0.99,,,0.0
2025-10-17T08:46:30.922469+00:00,EPL,ML,"PINN,SBO,ISN",0.4249262383573939,0.4179864039615644,0.4445560978789758,0.0196298595215818,AC,2.3533496163137078,0.0,,,,HOME,0.01,,,0.0
2025-10-17T08:45:30.922469+00:00,NHL,ML,"PINN,SBO,ISN",0.4854699569793841,0.5085731793753062,0.5151059380305774,0.0296359810511931,AC,2.059859700118304,1.0,,,,HOME,0.99,,,0.0
2025-10-17T08:42:30.922469+00:00,NBA,OU,"PINN,SBO,ISN",0.4253359733171536,0.4283088636177495,0.445588764345168,0.0202527910280143,AC,2.351082585846426,1.0,,,,HOME,0.99,,,0.0
2025-10-17T08:41:30.922469+00:00,NHL,OU,"PINN,SBO,ISN",0.4740493313975076,0.4904171145658198,0.4877974676468683,0.0137481362493606,AC,2.109485097367353,1.0,,,,HOME,0.99,,,0.0
2025-10-17T08:40:30.922469+00:00,NBA,AH,"PINN,SBO,ISN",0.5684582179714345,0.5639386068930358,0.5966134717374245,0.02815525376599,AC,1.7591442403076507,1.0,,,,HOME,0.99,,,0.0
2025-10-17T08:38:30.922469+00:00,EPL,OU,"PINN,SBO,ISN",0.5440518714823254,0.5384088091995713,0.5591129037086395,0.0150610322263141,AC,1.8380600314367028,0.0,,,,HOME,0.01,,,0.0
2025-10-17T08:36:30.922469+00:00,NHL,ML,"PINN,SBO,ISN",0.4109188193523997,0.4104944167023088,0.433654347568787,0.0227355282163873,AC,2.433570702787429,1.0,,,,HOME,0.99,,,0.0
2025-10-17T08:35:30.922469+00:00,NBA,AH,"PINN,SBO,ISN",0.4842913810639003,0.4654545200543965,0.510296861494191,0.0260054804302906,AC,2.0648725934440155,0.0,,,,HOME,0.01,,,0.0
2025-10-17T08:32:30.922469+00:00,NHL,OU,"PINN,SBO,ISN",0.5283585597123835,0.5246039506835334,0.5478325496980379,0.0194739899856543,AC,1.8926541107696984,0.0,,,,HOME,0.01,,,0.0
2025-10-17T08:30:30.922469+00:00,NHL,AH,"PINN,SBO,ISN",0.6081711628247893,0.6135958887276196,0.6230932562743039,0.0149220934495145,AC,1.6442739497138807,0.0,,,,HOME,0.01,,,0.0
2025-10-17T08:27:30.922469+00:00,EPL,ML,"PINN,SBO,ISN",0.5067831345992438,0.5209513192240832,0.5260087427619797,0.0192256081627358,AC,1.9732306221886888,1.0,,,,HOME,0.99,,,0.0
2025-10-17T08:26:30.922469+00:00,NHL,AH,"PINN,SBO,ISN",0.3989745870044818,0.3868679347362486,0.4155908084294011,0.0166162214249193,AC,2.506425302694196,0.0,,,,HOME,0.01,,,0.0
2025-10-17T08:22:30.922469+00:00,NBA,OU,"PINN,SBO,ISN",0.512241003917156,0.5148831246826199,0.5335124163483395,0.0212714124311834,AC,1.9522060755638544,0.0,,,,HOME,0.01,,,0.0
2025-10-17T08:16:30.922469+00:00,NBA,AH,"PINN,SBO,ISN",0.4802207068531086,0.4778090112341104,0.4992147380071994,0.0189940311540908,AC,2.0823758445424203,0.0,,,,HOME,0.01,,,0.0
2025-10-17T08:15:30.922469+00:00,NBA,ML,"PINN,SBO,ISN",0.5205802418835773,0.5299540611787085,0.5358761284006226,0.0152958865170452,AC,1.9209334499169104,1.0,,,,HOME,0.99,,,0.0
2025-10-17T08:14:30.922469+00:00,NBA,AH,"PINN,SBO,ISN",0.5202077235463977,0.5225647415550195,0.5422845361986753,0.0220768126522776,AC,1.922309021447678,0.0,,,,HOME,0.01,,,0.0
2025-10-17T08:11:30.922469+00:00,EPL,AH,"PINN,SBO,ISN",0.4882805460680293,0.478573887124972,0.5225908501538999,0.0343103040858706,AC,2.048002952508937,1.0,,,,HOME,0.99,,,0.0
2025-10-17T08:10:30.922469+00:00,EPL,ML,"PINN,SBO,ISN",0.4333174584445814,0.4315309030059737,0.4515926110398338,0.0182751525952523,AC,2.307776851617193,1.0,,,,HOME,0.99,,,0.0
2025-10-17T08:07:30.922469+00:00,NBA,ML,"PINN,SBO,ISN",0.5518527991228883,0.5421445227377928,0.5695232171645718,0.0176704180416834,AC,1.8120774264249349,0.0,,,,HOME,0.01,,,0.0
2025-10-17T08:06:30.922469+00:00,EPL,OU,"PINN,SBO,ISN",0.4849493722381288,0.4715408789853345,0.5022132548411543,0.0172638826030255,AC,2.0620709237849297,1.0,,,,HOME,0.99,,,0.0
2025-10-17T08:05:30.922469+00:00,NHL,AH,"PINN,SBO,ISN",0.4833946980582994,0.47012305128754,0.4975983516931637,0.0142036536348643,AC,2.0687028716218894,0.0,,,,HOME,0.01,,,0.0
2025-10-17T08:04:30.922469+00:00,EPL,ML,"PINN,SBO,ISN",0.5472060345360016,0.5460200755943639,0.5671108244115983,0.0199047898755967,AC,1.8274652267823417,0.0,,,,HOME,0.01,,,0.0
2025-10-17T08:02:30.922469+00:00,NHL,ML,"PINN,SBO,ISN",0.4581630154768914,0.4647359805622107,0.4850510617991892,0.0268880463222978,AC,2.182629252514245,0.0,,,,HOME,0.01,,,0.0
2025-10-17T08:00:30.922469+00:00,NBA,AH,"PINN,SBO,ISN",0.4687908676421191,0.4753901236667189,0.4855314753680996,0.0167406077259805,AC,2.1331473563674725,1.0,,,,HOME,0.99,,,0.0
2025-10-17T07:58:30.922469+00:00,NBA,OU,"PINN,SBO,ISN",0.5009518610614729,0.508115837068765,0.5212168197990338,0.0202649587375608,AC,1.996199790297391,0.0,,,,HOME,0.01,,,0.0
2025-10-17T07:57:30.922469+00:00,NHL,ML,"PINN,SBO,ISN",0.5129141618273837,0.4899466253833118,0.5273349159572921,0.0144207541299083,AC,1.949643964668966,0.0,,,,HOME,0.01,,,0.0
2025-10-17T07:55:30.922469+00:00,NBA,AH,"PINN,SBO,ISN",0.5666226576028276,0.5682702208163682,0.5943915910178915,0.0277689334150639,AC,1.7648429454456214,1.0,,,,HOME,0.99,,,0.0
2025-10-17T07:54:30.922469+00:00,NHL,AH,"PINN,SBO,ISN",0.5458170067135933,0.5611781862691796,0.5830020413427127,0.0371850346291193,AC,1.8321158697877111,0.0,,,,HOME,0.01,,,0.0
2025-10-17T07:50:30.922469+00:00,NHL,ML,"PINN,SBO,ISN",0.4184306949952791,0.4156844763882877,0.4320890884432504,0.0136583934479713,AC,2.389882032940443,0.0,,,,HOME,0.01,,,0.0
2025-10-17T07:48:30.922469+00:00,EPL,OU,"PINN,SBO,ISN",0.4846226565107416,0.5095958334864273,0.4969816329689933,0.0123589764582516,AC,2.0634611002299166,0.0,,,,HOME,0.01,,,0.0
2025-10-17T07:47:30.922469+00:00,EPL,AH,"PINN,SBO,ISN",0.5611479094662264,0.5452537489208485,0.5905273541002397,0.0293794446340133,AC,1.782061348052098,1.0,,,,HOME,0.99,,,0.0
2025-10-17T07:44:30.922469+00:00,EPL,OU,"PINN,SBO,ISN",0.5545970923548376,0.5640238886303723,0.5716599617885294,0.0170628694336918,AC,1.8031107876061283,0.0,,,,HOME,0.01,,,0.0
2025-10-17T07:41:30.922469+00:00,NBA,ML,"PINN,SBO,ISN",0.5059655582682535,0.5442095516096902,0.529960259619597,0.0239947013513435,AC,1.9764191132350133,1.0,,,,HOME,0.99,,,0.0
2025-10-17T07:40:30.922469+00:00,NBA,AH,"PINN,SBO,ISN",0.403805733769437,0.4256875430433925,0.4294109227367888,0.0256051889673518,AC,2.4764383374778305,1.0,,,,HOME,0.99,,,0.0
2025-10-17T07:39:30.922469+00:00,EPL,ML,"PINN,SBO,ISN",0.5897878290322941,0.6057653678407328,0.6064645614432204,0.0166767324109262,AC,1.6955249850455028,1.0,,,,HOME,0.99,,,0.0
2025-10-17T07:35:30.922469+00:00,NHL,AH,"PINN,SBO,ISN",0.5033780655884188,0.505426168914677,0.5285030596522958,0.025124994063877,AC,1.9865784156309232,0.0,,,,HOME,0.01,,,0.0
2025-10-17T07:31:30.922469+00:00,NHL,OU,"PINN,SBO,ISN",0.5145117336777396,0.5104932131579069,0.5291596246264935,0.0146478909487538,AC,1.9435902712110784,0.0,,,,HOME,0.01,,,0.0
2025-10-17T07:30:30.922469+00:00,NHL,ML,"PINN,SBO,ISN",0.5312479511935292,0.5268618926374902,0.5554113368496463,0.024163385656117,AC,1.882360200643312,0.0,,,,HOME,0.01,,,0.0
2025-10-17T07:29:30.922469+00:00,NHL,OU,"PINN,SBO,ISN",0.5313248861020278,0.5200850936998758,0.5428320678555467,0.0115071817535189,AC,1.8820876381987777,0.0,,,,HOME,0.01,,,0.0
2025-10-17T07:28:30.922469+00:00,NHL,OU,"PINN,SBO,ISN",0.562506886599954,0.589835169057477,0.58048644424484,0.017979557644886,AC,1.777756012987596,1.0,,,,HOME,0.99,,,0.0
2025-10-17T07:27:30.922469+00:00,NBA,OU,"PINN,SBO,ISN",0.5010911702011992,0.5335960530055488,0.5141712701838685,0.0130800999826693,AC,1.9956448236724624,0.0,,,,HOME,0.01,,,0.0
2025-10-17T07:24:30.922469+00:00,NHL,AH,"PINN,SBO,ISN",0.4374357783970773,0.4338094144887711,0.4585872153761824,0.0211514369791051,AC,2.2860498600831445,1.0,,,,HOME,0.99,,,0.0
2025-10-17T07:22:30.922469+00:00,NBA,ML,"PINN,SBO,ISN",0.4849935461614451,0.4744358926164191,0.5017015593957257,0.0167080132342806,AC,2.061883107341637,0.0,,,,HOME,0.01,,,0.0
2025-10-17T07:21:30.922469+00:00,NHL,AH,"PINN,SBO,ISN",0.5226857127385377,0.5126404950849011,0.5348870970546835,0.0122013843161458,AC,1.9131955889144965,0.0,,,,HOME,0.01,,,0.0
2025-10-17T07:20:30.922469+00:00,NBA,ML,"PINN,SBO,ISN",0.4506718779606728,0.4293963919558276,0.4639352016781046,0.0132633237174318,AC,2.218909252836192,1.0,,,,HOME,0.99,,,0.0
2025-10-17T07:16:30.922469+00:00,NBA,AH,"PINN,SBO,ISN",0.4743590270024527,0.4795507024331289,0.4989642916729237,0.0246052646704709,AC,2.10810787415421,1.0,,,,HOME,0.99,,,0.0
2025-10-17T07:14:30.922469+00:00,EPL,AH,"PINN,SBO,ISN",0.3844706715691919,0.3844266663186625,0.3969549197428041,0.0124842481736122,AC,2.600978628405036,1.0,,,,HOME,0.99,,,0.0
2025-10-17T07:13:30.922469+00:00,NHL,OU,"PINN,SBO,ISN",0.4925179800223823,0.4842941116313202,0.508132913677449,0.0156149336550666,AC,2.030382728270256,1.0,,,,HOME,0.99,,,0.0
2025-10-17T07:12:30.922469+00:00,NBA,ML,"PINN,SBO,ISN",0.5081122418495919,0.5442722322919323,0.5303734818339804,0.0222612399843884,AC,1.9680690950485176,1.0,,,,HOME,0.99,,,0.0
2025-10-17T07:11:30.922469+00:00,EPL,OU,"PINN,SBO,ISN",0.5074979006727827,0.5094320623992172,0.5264920293432027,0.01899412867042,AC,1.970451500733923,1.0,,,,HOME,0.99,,,0.0
2025-10-17T07:09:30.922469+00:00,EPL,AH,"PINN,SBO,ISN",0.5373777505594434,0.5508684298086073,0.5656591344110747,0.0282813838516313,AC,1.8608883582525295,0.0,,,,HOME,0.01,,,0.0
2025-10-17T07:07:30.922469+00:00,EPL,OU,"PINN,SBO,ISN",0.5278304579718069,0.5298595651629977,0.5550444013972582,0.0272139434254512,AC,1.8945477376248967,1.0,,,,HOME,0.99,,,0.0
2025-10-17T07:06:30.922469+00:00,NHL,ML,"PINN,SBO,ISN",0.4932527203700376,0.4975447463418835,0.5061260085258728,0.0128732881558351,AC,2.0273583068123804,0.0,,,,HOME,0.01,,,0.0
2025-10-17T07:05:30.922469+00:00,NHL,OU,"PINN,SBO,ISN",0.5532954626976748,0.5418426941615242,0.5969918137913226,0.0436963510936477,AC,1.807352612516196,1.0,,,,HOME,0.99,,,0.0
2025-10-17T07:04:30.922469+00:00,EPL,OU,"PINN,SBO,ISN",0.5904424795800253,0.6227134382595441,0.6059033194543418,0.0154608398743165,AC,1.6936450790452748,1.0,,,,HOME,0.99,,,0.0
2025-10-17T07:03:30.922469+00:00,NHL,ML,"PINN,SBO,ISN",0.4108137252562046,0.3942765588568915,0.4345287701103623,0.0237150448541576,AC,2.434193257239272,1.0,,,,HOME,0.99,,,0.0
2025-10-17T07:02:30.922469+00:00,NHL,OU,"PINN,SBO,ISN",0.483323068292972,0.518146680801314,0.4951317590567935,0.0118086907638215,AC,2.069009458894352,0.0,,,,HOME,0.01,,,0.0
2025-10-17T06:59:30.922469+00:00,EPL,AH,"PINN,SBO,ISN",0.4238219714334159,0.4281527590305479,0.4345034333791623,0.0106814619457463,AC,2.3594812619503465,1.0,,,,HOME,0.99,,,0.0
2025-10-17T06:58:30.922469+00:00,NBA,ML,"PINN,SBO,ISN",0.5743919864971352,0.5806003392984856,0.5856593533863481,0.0112673668892129,AC,1.740971363647302,0.0,,,,HOME,0.01,,,0.0
2025-10-17T06:57:30.922469+00:00,NHL,ML,"PINN,SBO,ISN",0.5890574190750972,0.5777406607461333,0.6057164693815563,0.016659050306459,AC,1.6976273748833182,1.0,,,,HOME,0.99,,,0.0
2025-10-17T06:56:30.922469+00:00,NBA,ML,"PINN,SBO,ISN",0.5098302758970008,0.4978090900756622,0.5328954399463575,0.0230651640493566,AC,1.96143706499303,0.0,,,,HOME,0.01,,,0.0
2025-10-17T06:55:30.922469+00:00,EPL,ML,"PINN,SBO,ISN",0.5056445050612218,0.4924055422043704,0.5160254627774229,0.010380957716201,AC,1.9776740179919945,1.0,,,,HOME,0.99,,,0.0
2025-10-17T06:54:30.922469+00:00,EPL,OU,"PINN,SBO,ISN",0.5588619880362162,0.5809624319833068,0.5699539197947961,0.0110919317585799,AC,1.789350539860293,1.0,,,,HOME,0.99,,,0.0
2025-10-17T06:50:30.922469+00:00,EPL,AH,"PINN,SBO,ISN",0.5466680630644304,0.5210378908777733,0.5585056919942567,0.0118376289298263,AC,1.8292636200372652,0.0,,,,HOME,0.01,,,0.0
2025-10-17T06:49:30.922469+00:00,NHL,OU,"PINN,SBO,ISN",0.5122157567085072,0.4783405423950891,0.528801640052248,0.0165858833437407,AC,1.9523023001595832,1.0,,,,HOME,0.99,,,0.0
2025-10-17T06:48:30.922469+00:00,NHL,OU,"PINN,SBO,ISN",0.41870440827603,0.4167289616592398,0.4343417552128497,0.0156373469368196,AC,2.3883197316154168,1.0,,,,HOME,0.99,,,0.0
2025-10-17T06:42:30.922469+00:00,NBA,AH,"PINN,SBO,ISN",0.4453492015686708,0.4482217277349664,0.4636124549447851,0.0182632533761142,AC,2.245428972315794,1.0,,,,HOME,0.99,,,0.0
2025-10-17T06:39:30.922469+00:00,NHL,OU,"PINN,SBO,ISN",0.6003179053164823,0.5940187892108693,0.6184139615759188,0.0180960562594364,AC,1.665784063983247,0.0,,,,HOME,0.01,,,0.0
2025-10-17T06:38:30.922469+00:00,EPL,ML,"PINN,SBO,ISN",0.5827566980892938,0.5849507868223166,0.6100504288111234,0.0272937307218296,AC,1.7159819926201407,0.0,,,,HOME,0.01,,,0.0
2025-10-17T06:36:30.922469+00:00,EPL,AH,"PINN,SBO,ISN",0.5919453021958507,0.6045402584758656,0.6029977321976329,0.0110524300017821,AC,1.689345276143674,0.0,,,,HOME,0.01,,,0.0
2025-10-17T06:34:30.922469+00:00,NBA,ML,"PINN,SBO,ISN",0.4015349891933635,0.4065937980225185,0.4190287829599241,0.0174937937665605,AC,2.4904429923003275,1.0,,,,HOME,0.99,,,0.0
2025-10-17T06:32:30.922469+00:00,NBA,AH,"PINN,SBO,ISN",0.4658004716804658,0.4283358657391162,0.4825637334709074,0.0167632617904416,AC,2.14684196517085,1.0,,,,HOME,0.99,,,0.0
2025-10-17T06:31:30.922469+00:00,EPL,OU,"PINN,SBO,ISN",0.5446294266038568,0.5201770283910482,0.5576031990696221,0.0129737724657652,AC,1.83611085107115,1.0,,,,HOME,0.99,,,0.0
2025-10-17T06:30:30.922469+00:00,NHL,ML,"PINN,SBO,ISN",0.5034754936445559,0.4954149577436587,0.5267587071048255,0.0232832134602696,AC,1.9861939908161268,0.0,,,,HOME,0.01,,,0.0
2025-10-17T06:27:30.922469+00:00,EPL,ML,"PINN,SBO,ISN",0.5233248311053786,0.5095182742875146,0.5471879477288514,0.0238631166234727,AC,1.9108590698587284,1.0,,,,HOME,0.99,,,0.0
2025-10-17T06:25:30.922469+00:00,NBA,ML,"PINN,SBO,ISN",0.5052562898024767,0.501796912045449,0.5278439210317555,0.0225876312292787,AC,1.9791935700413288,0.0,,,,HOME,0.01,,,0.0
2025-10-17T06:24:30.922469+00:00,NHL,ML,"PINN,SBO,ISN",0.5032666685449597,0.5130845388791956,0.5218408659272835,0.0185741973823237,AC,1.987018140683132,1.0,,,,HOME,0.99,,,0.0
2025-10-17T06:23:30.922469+00:00,EPL,OU,"PINN,SBO,ISN",0.5210995122530366,0.5138467454357498,0.5491642125672982,0.0280647003142615,AC,1.9190192592512307,1.0,,,,HOME,0.99,,,0.0
2025-10-17T06:22:30.922469+00:00,NBA,ML,"PINN,SBO,ISN",0.4771966116351404,0.4848144207486261,0.500607979102267,0.0234113674671265,AC,2.0955722979118505,0.0,,,,HOME,0.01,,,0.0
2025-10-17T06:21:30.922469+00:00,NBA,ML,"PINN,SBO,ISN",0.5447155017297649,0.5542542087319723,0.5601518812831375,0.0154363795533726,AC,1.8358207115906595,0.0,,,,HOME,0.01,,,0.0
2025-10-17T06:14:30.922469+00:00,NHL,OU,"PINN,SBO,ISN",0.5784189543821054,0.6001059887982538,0.6003179228345528,0.0218989684524473,AC,1.7288506754904798,0.0,,,,HOME,0.01,,,0.0
2025-10-17T06:13:30.922469+00:00,NHL,AH,"PINN,SBO,ISN",0.4513810408001675,0.4901048860182138,0.4732884266048424,0.0219073858046748,AC,2.215423133916503,0.0,,,,HOME,0.01,,,0.0
2025-10-17T06:12:30.922469+00:00,NBA,ML,"PINN,SBO,ISN",0.5223222298744962,0.547087460236638,0.5345000744812071,0.0121778446067108,AC,1.9145269774182887,1.0,,,,HOME,0.99,,,0.0
2025-10-17T06:10:30.922469+00:00,NHL,ML,"PINN,SBO,ISN",0.4452046832354631,0.4899975138846615,0.4556503813435862,0.0104456981081231,AC,2.2461578632386323,0.0,,,,HOME,0.01,,,0.0
2025-10-17T06:09:30.922469+00:00,EPL,OU,"PINN,SBO,ISN",0.4908976917508124,0.4855387332016172,0.5090793858697708,0.0181816941189583,AC,2.0370843391694256,0.0,,,,HOME,0.01,,,0.0
2025-10-17T06:08:30.922469+00:00,NBA,AH,"PINN,SBO,ISN",0.4961556848378869,0.4800940922003756,0.5140746340649983,0.0179189492271114,AC,2.015496406791627,1.0,,,,HOME,0.99,,,0.0
2025-10-17T06:06:30.922469+00:00,NBA,ML,"PINN,SBO,ISN",0.5331013305099775,0.5386278692058886,0.5580902872665063,0.0249889567565287,AC,1.87581598988578,0.0,,,,HOME,0.01,,,0.0
2025-10-17T06:03:30.922469+00:00,EPL,OU,"PINN,SBO,ISN",0.4238081288484726,0.4275118494836329,0.4408412603580331,0.0170331315095605,AC,2.3595583282394705,0.0,,,,HOME,0.01,,,0.0
2025-10-17T05:59:30.922469+00:00,EPL,ML,"PINN,SBO,ISN",0.5651791392868399,0.5702875555883893,0.5791071248689519,0.0139279855821119,AC,1.7693505129397205,1.0,,,,HOME,0.99,,,0.0
2025-10-17T05:58:30.922469+00:00,NHL,OU,"PINN,SBO,ISN",0.5378475465847047,0.5235868521105701,0.5691844687628727,0.0313369221781679,AC,1.8592629200410635,1.0,,,,HOME,0.99,,,0.0
2025-10-17T05:57:30.922469+00:00,EPL,ML,"PINN,SBO,ISN",0.5641663913749558,0.5635301447041471,0.6126089590911394,0.0484425677161836,AC,1.7725267142604046,0.0,,,,HOME,0.01,,,0.0
2025-10-17T05:56:30.922469+00:00,EPL,OU,"PINN,SBO,ISN",0.501961113676535,0.4950709913654602,0.5229272518836514,0.0209661382071164,AC,1.992186192822105,0.0,,,,HOME,0.01,,,0.0
2025-10-17T05:55:30.922469+00:00,EPL,OU,"PINN,SBO,ISN",0.6263420121265032,0.6094453778068162,0.6429964776742212,0.0166544655477179,AC,1.596571810032166,0.0,,,,HOME,0.01,,,0.0
2025-10-17T05:53:30.922469+00:00,EPL,AH,"PINN,SBO,ISN",0.4493837031020529,0.4360111723913927,0.4664927335611395,0.0171090304590866,AC,2.2252698375510622,1.0,,,,HOME,0.99,,,0.0
2025-10-17T05:50:30.922469+00:00,NHL,ML,"PINN,SBO,ISN",0.491486276592852,0.4878401853058484,0.5083778530250735,0.0168915764322215,AC,2.034644806223962,0.0,,,,HOME,0.01,,,0.0
2025-10-17T05:49:30.922469+00:00,NBA,OU,"PINN,SBO,ISN",0.4990880761245676,0.4988793834586845,0.5152695258994371,0.0161814497748694,AC,2.0036543604989063,1.0,,,,HOME,0.99,,,0.0
2025-10-17T05:48:30.922469+00:00,EPL,OU,"PINN,SBO,ISN",0.5463442231382206,0.5716858549392596,0.5612513810282894,0.0149071578900688,AC,1.830347897257821,1.0,,,,HOME,0.99,,,0.0
2025-10-17T05:46:30.922469+00:00,EPL,OU,"PINN,SBO,ISN",0.4581548246891588,0.4707669840772661,0.492418131156484,0.0342633064673252,AC,2.182668273063507,1.0,,,,HOME,0.99,,,0.0
2025-10-17T05:45:30.922469+00:00,EPL,OU,"PINN,SBO,ISN",0.5547909955449488,0.5651023884706987,0.5648493897111541,0.0100583941662052,AC,1.8024805882397932,1.0,,,,HOME,0.99,,,0.0
2025-10-17T05:44:30.922469+00:00,NHL,AH,"PINN,SBO,ISN",0.4693068945021835,0.4648415868301783,0.4974330086887188,0.0281261141865353,AC,2.130801852081777,0.0,,,,HOME,0.01,,,0.0
2025-10-17T05:42:30.922469+00:00,NBA,AH,"PINN,SBO,ISN",0.5300288932650845,0.5140812712452305,0.5445539228293887,0.0145250295643042,AC,1.8866895988250736,1.0,,,,HOME,0.99,,,0.0
2025-10-17T05:41:30.922469+00:00,NBA,OU,"PINN,SBO,ISN",0.4866483496777796,0.4897491091657057,0.501576148103366,0.0149277984255863,AC,2.054871861092556,0.0,,,,HOME,0.01,,,0.0
2025-10-17T05:39:30.922469+00:00,NHL,OU,"PINN,SBO,ISN",0.5550176904005871,0.5645168496081654,0.5811587721746346,0.0261410817740475,AC,1.8017443719284771,0.0,,,,HOME,0.01,,,0.0
2025-10-17T05:38:30.922469+00:00,EPL,OU,"PINN,SBO,ISN",0.4723995748204412,0.467232051143513,0.4875876922036267,0.0151881173831854,AC,2.1168520322654807,1.0,,,,HOME,0.99,,,0.0
2025-10-17T05:34:30.922469+00:00,NHL,OU,"PINN,SBO,ISN",0.5652038224689386,0.5717742963417078,0.5781979600943581,0.0129941376254194,AC,1.769273243113914,1.0,,,,HOME,0.99,,,0.0
2025-10-17T05:33:30.922469+00:00,NHL,OU,"PINN,SBO,ISN",0.4957495302027749,0.4886206438525264,0.5168814298977669,0.0211318996949919,AC,2.01714765032853,1.0,,,,HOME,0.99,,,0.0
2025-10-17T05:31:30.922469+00:00,NHL,ML,"PINN,SBO,ISN",0.5553120398299005,0.5680023652891015,0.5859774188210717,0.0306653789911711,AC,1.8007893369398462,0.0,,,,HOME,0.01,,,0.0
2025-10-17T05:25:30.922469+00:00,NHL,OU,"PINN,SBO,ISN",0.4997807561752219,0.4954719601764746,0.5114813480568441,0.0117005918816222,AC,2.0008773600106413,0.0,,,,HOME,0.01,,,0.0
2025-10-17T05:22:30.922469+00:00,NBA,OU,"PINN,SBO,ISN",0.4906967946652378,0.4844252287087899,0.5009647199269227,0.0102679252616849,AC,2.037918345650124,0.0,,,,HOME,0.01,,,0.0
2025-10-17T05:21:30.922469+00:00,NBA,AH,"PINN,SBO,ISN",0.5398364356634269,0.532946720385843,0.5543200625503145,0.0144836268868876,AC,1.852412942025781,0.0,,,,HOME,0.01,,,0.0
2025-10-17T05:19:30.922469+00:00,NBA,AH,"PINN,SBO,ISN",0.5775793517979511,0.5945432653671198,0.5963613372179608,0.0187819854200097,AC,1.7313638323238054,0.0,,,,HOME,0.01,,,0.0
2025-10-17T05:18:30.922469+00:00,EPL,ML,"PINN,SBO,ISN",0.5076854127365107,0.520911433181854,0.5231205600862696,0.0154351473497589,AC,1.9697237204626976,0.0,,,,HOME,0.01,,,0.0
2025-10-17T05:15:30.922469+00:00,NHL,OU,"PINN,SBO,ISN",0.4666100353648805,0.4713615000274357,0.4925500860030135,0.0259400506381329,AC,2.143117216109633,1.0,,,,HOME,0.99,,,0.0
2025-10-17T05:14:30.922469+00:00,NHL,AH,"PINN,SBO,ISN",0.409221934318396,0.4021244243149021,0.435795308324305,0.0265733740059089,AC,2.443661778945475,1.0,,,,HOME,0.99,,,0.0
2025-10-17T05:12:30.922469+00:00,NHL,AH,"PINN,SBO,ISN",0.5950662896645134,0.5904369622390795,0.6090903812950381,0.0140240916305247,AC,1.6804850440507737,0.0,,,,HOME,0.01,,,0.0
2025-10-17T05:11:30.922469+00:00,EPL,AH,"PINN,SBO,ISN",0.5485510542370093,0.5460832636833937,0.5653370320316107,0.0167859777946013,AC,1.8229843736075213,1.0,,,,HOME,0.99,,,0.0
2025-10-17T05:10:30.922469+00:00,NBA,ML,"PINN,SBO,ISN",0.4440479564258258,0.4700504433979448,0.4720362102956039,0.0279882538697781,AC,2.252009012830669,1.0,,,,HOME,0.99,,,0.0
2025-10-17T05:09:30.922469+00:00,NHL,OU,"PINN,SBO,ISN",0.5675082655072102,0.5515442594458575,0.5807914817922392,0.0132832162850289,AC,1.7620888730250484,0.0,,,,HOME,0.01,,,0.0
2025-10-17T05:08:30.922469+00:00,NHL,ML,"PINN,SBO,ISN",0.5183250660806273,0.4857666681575788,0.5422783160660785,0.0239532499854511,AC,1.92929122174548,1.0,,,,HOME,0.99,,,0.0
2025-10-17T05:04:30.922469+00:00,EPL,OU,"PINN,SBO,ISN",0.5233278609214517,0.5400221922961349,0.5450686379977995,0.0217407770763478,AC,1.91084800690574,0.0,,,,HOME,0.01,,,0.0
2025-10-17T05:03:30.922469+00:00,NBA,OU,"PINN,SBO,ISN",0.5675065804236091,0.5462691372308257,0.58971948706298,0.0222129066393709,AC,1.762094105153038,0.0,,,,HOME,0.01,,,0.0
2025-10-17T05:01:30.922469+00:00,NBA,ML,"PINN,SBO,ISN",0.4483660570181548,0.4559798249778586,0.4816844740229043,0.0333184170047494,AC,2.230320481105261,1.0,,,,HOME,0.99,,,0.0
2025-10-17T05:00:30.922469+00:00,NBA,OU,"PINN,SBO,ISN",0.5323871983234045,0.5257335278022217,0.5570343905363453,0.0246471922129407,AC,1.8783321671693145,1.0,,,,HOME,0.99,,,0.0
2025-10-17T04:57:30.922469+00:00,EPL,AH,"PINN,SBO,ISN",0.5145488429815104,0.5173609596644697,0.5430022302768851,0.0284533872953747,AC,1.9434500993250383,0.0,,,,HOME,0.01,,,0.0
2025-10-17T04:56:30.922469+00:00,NHL,AH,"PINN,SBO,ISN",0.440107211855935,0.44193415642923,0.4560132483671545,0.0159060365112195,AC,2.272173627382731,1.0,,,,HOME,0.99,,,0.0
2025-10-17T04:55:30.922469+00:00,NHL,ML,"PINN,SBO,ISN",0.4721918855500717,0.4666189182054162,0.485808096954466,0.0136162114043943,AC,2.1177831102181424,1.0,,,,HOME,0.99,,,0.0
2025-10-17T04:53:30.922469+00:00,NHL,ML,"PINN,SBO,ISN",0.5551769193172212,0.5546995337615949,0.5716667452322838,0.0164898259150625,AC,1.801227618089455,0.0,,,,HOME,0.01,,,0.0
2025-10-17T04:51:30.922469+00:00,EPL,AH,"PINN,SBO,ISN",0.4955370824635929,0.4939083418124735,0.5159255975469696,0.0203885150833766,AC,2.018012446270294,1.0,,,,HOME,0.99,,,0.0
2025-10-17T04:46:30.922469+00:00,NHL,ML,"PINN,SBO,ISN",0.4419453840505936,0.4483686555979084,0.4623292036851641,0.0203838196345705,AC,2.2627230334088537,1.0,,,,HOME,0.99,,,0.0
2025-10-17T04:45:30.922469+00:00,NHL,AH,"PINN,SBO,ISN",0.5622378562759603,0.5824355784339659,0.5789065873632101,0.0166687310872497,AC,1.7786066676897243,0.0,,,,HOME,0.01,,,0.0
2025-10-17T04:44:30.922469+00:00,NBA,ML,"PINN,SBO,ISN",0.522407836518257,0.5309294196717006,0.5363410858087698,0.0139332492905128,AC,1.914213245086059,0.0,,,,HOME,0.01,,,0.0
2025-10-17T04:43:30.922469+00:00,NBA,OU,"PINN,SBO,ISN",0.4874386103918111,0.4888434462958596,0.5115779701612516,0.0241393597694404,AC,2.051540396433068,1.0,,,,HOME,0.99,,,0.0
2025-10-17T04:41:30.922469+00:00,EPL,ML,"PINN,SBO,ISN",0.511901189392435,0.506266363124094,0.530132992222101,0.0182318028296659,AC,1.953502005312548,0.0,,,,HOME,0.01,,,0.0
2025-10-17T04:37:30.922469+00:00,NHL,OU,"PINN,SBO,ISN",0.4398809036330774,0.4513068286180046,0.4645045794655028,0.0246236758324253,AC,2.273342606466364,1.0,,,,HOME,0.99,,,0.0
2025-10-17T04:35:30.922469+00:00,NHL,AH,"PINN,SBO,ISN",0.5847955699379322,0.5733674648855352,0.6003793151893891,0.0155837452514568,AC,1.709999273944801,0.0,,,,HOME,0.01,,,0.0
2025-10-17T04:32:30.922469+00:00,NHL,ML,"PINN,SBO,ISN",0.4769774944190212,0.4521200680384923,0.4960483835252035,0.0190708891061822,AC,2.096534976389279,0.0,,,,HOME,0.01,,,0.0
2025-10-17T04:30:30.922469+00:00,NHL,OU,"PINN,SBO,ISN",0.5399419068046425,0.5461597765561046,0.5510090976659963,0.0110671908613537,AC,1.8520510954927825,1.0,,,,HOME,0.99,,,0.0
2025-10-17T04:27:30.922469+00:00,EPL,AH,"PINN,SBO,ISN",0.5045287397585704,0.4851404430117499,0.524083986230655,0.0195552464720846,AC,1.982047644061912,0.0,,,,HOME,0.01,,,0.0
2025-10-17T04:26:30.922469+00:00,EPL,OU,"PINN,SBO,ISN",0.5474306308570303,0.5199921238228298,0.5614950521411216,0.0140644212840913,AC,1.826715466093758,0.0,,,,HOME,0.01,,,0.0
2025-10-17T04:25:30.922469+00:00,NHL,OU,"PINN,SBO,ISN",0.5938577881095876,0.5799049165795991,0.6062458839496635,0.0123880958400759,AC,1.683904833821031,0.0,,,,HOME,0.01,,,0.0
2025-10-17T04:23:30.922469+00:00,NHL,OU,"PINN,SBO,ISN",0.4917715377241966,0.5000904078589478,0.5083750851153146,0.0166035473911179,AC,2.033464573057167,0.0,,,,HOME,0.01,,,0.0
2025-10-17T04:22:30.922469+00:00,EPL,OU,"PINN,SBO,ISN",0.44016968611914,0.4340495610043837,0.4642905468237824,0.0241208607046424,AC,2.271851132722783,1.0,,,,HOME,0.99,,,0.0
2025-10-17T04:20:30.922469+00:00,EPL,ML,"PINN,SBO,ISN",0.4983871257470871,0.4894430858088602,0.5112224300041273,0.0128353042570401,AC,2.006472375266497,0.0,,,,HOME,0.01,,,0.0
2025-10-17T04:18:30.922469+00:00,NHL,ML,"PINN,SBO,ISN",0.4637625577820367,0.4232513681853286,0.4761195681305284,0.0123570103484917,AC,2.1562758424969464,1.0,,,,HOME,0.99,,,0.0
2025-10-17T04:17:30.922469+00:00,EPL,OU,"PINN,SBO,ISN",0.518390677490641,0.5262417066134457,0.5337270718901711,0.01533639439953,AC,1.9290470361864365,1.0,,,,HOME,0.99,,,0.0
2025-10-17T04:16:30.922469+00:00,NBA,OU,"PINN,SBO,ISN",0.5359309655125236,0.5150979067758416,0.5575925755083225,0.0216616099957989,AC,1.8659119632015964,0.0,,,,HOME,0.01,,,0.0
2025-10-17T04:15:30.922469+00:00,NBA,AH,"PINN,SBO,ISN",0.5445181005313793,0.5456849132027779,0.5631184708809187,0.0186003703495394,AC,1.8364862417321468,0.0,,,,HOME,0.01,,,0.0
2025-10-17T04:10:30.922469+00:00,EPL,ML,"PINN,SBO,ISN",0.5631595024201254,0.5729484972746749,0.5753615475163184,0.012202045096193,AC,1.7756958653855497,1.0,,,,HOME,0.99,,,0.0
2025-10-17T04:09:30.922469+00:00,EPL,AH,"PINN,SBO,ISN",0.4579465332900557,0.4545545674109877,0.4695160198976362,0.0115694866075805,AC,2.1836610331246176,0.0,,,,HOME,0.01,,,0.0
2025-10-17T04:07:30.922469+00:00,NHL,ML,"PINN,SBO,ISN",0.5507273054760509,0.5533617293688999,0.5647452131588805,0.0140179076828296,AC,1.815780677763192,0.0,,,,HOME,0.01,,,0.0
2025-10-17T04:05:30.922469+00:00,NBA,OU,"PINN,SBO,ISN",0.5010746428794498,0.4779598246720427,0.5248839658201413,0.0238093229406914,AC,1.9957106475263875,0.0,,,,HOME,0.01,,,0.0
2025-10-17T04:03:30.922469+00:00,NBA,OU,"PINN,SBO,ISN",0.497516951986576,0.5003693772322206,0.5093049692168647,0.0117880172302887,AC,2.0099817624445127,1.0,,,,HOME,0.99,,,0.0
2025-10-17T04:02:30.922469+00:00,NBA,ML,"PINN,SBO,ISN",0.627313549216983,0.6275557672828738,0.6439406419089361,0.016627092691953,AC,1.5940991570295375,1.0,,,,HOME,0.99,,,0.0
2025-10-17T04:01:30.922469+00:00,EPL,ML,"PINN,SBO,ISN",0.5423282837182256,0.5565880464867663,0.5554820066392557,0.0131537229210301,AC,1.8439016183038763,1.0,,,,HOME,0.99,,,0.0
2025-10-17T03:59:30.922469+00:00,NBA,ML,"PINN,SBO,ISN",0.3756269214443735,0.3602696796727985,0.3982992119961948,0.0226722905518212,AC,2.662215999201457,0.0,,,,HOME,0.01,,,0.0
2025-10-17T03:58:30.922469+00:00,NBA,OU,"PINN,SBO,ISN",0.496835911901937,0.4961204771626566,0.5130728617966903,0.0162369498947532,AC,2.012736954081884,0.0,,,,HOME,0.01,,,0.0
2025-10-17T03:55:30.922469+00:00,NBA,AH,"PINN,SBO,ISN",0.5202147217667018,0.5009900309873236,0.5425585657619245,0.0223438439952227,AC,1.9222831614682083,1.0,,,,HOME,0.99,,,0.0
2025-10-17T03:51:30.922469+00:00,EPL,AH,"PINN,SBO,ISN",0.5673043564603456,0.5840216010807131,0.592489099047584,0.0251847425872383,AC,1.7627222294562084,1.0,,,,HOME,0.99,,,0.0
2025-10-17T03:50:30.922469+00:00,NBA,ML,"PINN,SBO,ISN",0.4497113001419556,0.4429345228511483,0.4881014200780483,0.0383901199360927,AC,2.22364881577212,1.0,,,,HOME,0.99,,,0.0
2025-10-17T03:46:30.922469+00:00,NHL,OU,"PINN,SBO,ISN",0.5365566572395548,0.54742641176977,0.553052816612357,0.0164961593728021,AC,1.863736078021548,0.0,,,,HOME,0.01,,,0.0
2025-10-17T03:45:30.922469+00:00,EPL,OU,"PINN,SBO,ISN",0.4748928338832317,0.4807083785771585,0.4892182899529064,0.0143254560696747,AC,2.105738239558029,0.0,,,,HOME,0.01,,,0.0
2025-10-17T03:44:30.922469+00:00,EPL,OU,"PINN,SBO,ISN",0.5289707452424458,0.5612832876886216,0.5422625709317597,0.0132918256893138,AC,1.8904637146647207,1.0,,,,HOME,0.99,,,0.0
2025-10-17T03:43:30.922469+00:00,NHL,OU,"PINN,SBO,ISN",0.4295736146747488,0.434340834613778,0.4457397651390254,0.0161661504642765,AC,2.3278897163112515,0.0,,,,HOME,0.01,,,0.0
2025-10-17T03:42:30.922469+00:00,NHL,AH,"PINN,SBO,ISN",0.457204081499115,0.4610377585646008,0.4761493530043615,0.0189452715052464,AC,2.1872070711204614,1.0,,,,HOME,0.99,,,0.0
2025-10-17T03:40:30.922469+00:00,EPL,ML,"PINN,SBO,ISN",0.4521358608118231,0.4667456654886334,0.4644893893878559,0.0123535285760327,AC,2.2117245869515214,1.0,,,,HOME,0.99,,,0.0
2025-10-17T03:39:30.922469+00:00,NBA,AH,"PINN,SBO,ISN",0.5114189544328147,0.5093010289817302,0.5306293133936102,0.0192103589607954,AC,1.955344031214178,1.0,,,,HOME,0.99,,,0.0
2025-10-17T03:36:30.922469+00:00,EPL,ML,"PINN,SBO,ISN",0.5003754376148294,0.4986642907555211,0.5156075757211794,0.01523213810635,AC,1.9984993763218315,1.0,,,,HOME,0.99,,,0.0
2025-10-17T03:35:30.922469+00:00,EPL,AH,"PINN,SBO,ISN",0.5566196481944106,0.564032914502223,0.5683770499776833,0.0117574017832727,AC,1.796558930759717,0.0,,,,HOME,0.01,,,0.0
2025-10-17T03:34:30.922469+00:00,EPL,AH,"PINN,SBO,ISN",0.5325679282516803,0.5472142627279589,0.5438129680171492,0.0112450397654688,AC,1.8776947445611505,0.0,,,,HOME,0.01,,,0.0
2025-10-17T03:33:30.922469+00:00,NHL,AH,"PINN,SBO,ISN",0.4282417927006363,0.426835975732688,0.4439050331700171,0.0156632404693808,AC,2.3351293989632933,1.0,,,,HOME,0.99,,,0.0
2025-10-17T03:32:30.922469+00:00,NBA,ML,"PINN,SBO,ISN",0.5017704394260422,0.4752694264993705,0.5368237682466065,0.0350533288205643,AC,1.9929432294653813,1.0,,,,HOME,0.99,,,0.0
2025-10-17T03:29:30.922469+00:00,NHL,ML,"PINN,SBO,ISN",0.452406831995967,0.4824436901094907,0.4754418571043296,0.0230350251083625,AC,2.210399864184444,1.0,,,,HOME,0.99,,,0.0
2025-10-17T03:28:30.922469+00:00,NHL,OU,"PINN,SBO,ISN",0.4396936871141693,0.4493035882170542,0.4547967695667956,0.0151030824526263,AC,2.2743105696224006,1.0,,,,HOME,0.99,,,0.0
2025-10-17T03:27:30.922469+00:00,NBA,OU,"PINN,SBO,ISN",0.5359333873262302,0.5432356937763645,0.5470397211874826,0.0111063338612523,AC,1.8659035313866088,1.0,,,,HOME,0.99,,,0.0
2025-10-17T03:26:30.922469+00:00,NBA,AH,"PINN,SBO,ISN",0.4384769569897302,0.4189196697343268,0.4679475308112498,0.0294705738215195,AC,2.280621556182304,0.0,,,,HOME,0.01,,,0.0
2025-10-17T03:25:30.922469+00:00,EPL,ML,"PINN,SBO,ISN",0.5069406453669457,0.4776866251871793,0.5236312169655309,0.0166905715985852,AC,1.9726175226611715,1.0,,,,HOME,0.99,,,0.0
2025-10-17T03:24:30.922469+00:00,NBA,AH,"PINN,SBO,ISN",0.4590844518794357,0.4605634767132369,0.4714152391715168,0.0123307872920811,AC,2.1782484593109657,1.0,,,,HOME,0.99,,,0.0
2025-10-17T03:22:30.922469+00:00,EPL,OU,"PINN,SBO,ISN",0.5020641702865161,0.5119262064537546,0.5229794127870162,0.0209152425005001,AC,1.991777265104028,1.0,,,,HOME,0.99,,,0.0
2025-10-17T03:20:30.922469+00:00,EPL,ML,"PINN,SBO,ISN",0.5640526200101004,0.5919478056604514,0.582537047833826,0.0184844278237256,AC,1.772884239030914,1.0,,,,HOME,0.99,,,0.0
2025-10-17T03:19:30.922469+00:00,NBA,AH,"PINN,SBO,ISN",0.4923064601259119,0.4679908326889568,0.512930760741583,0.020624300615671,AC,2.031255083965871,0.0,,,,HOME,0.01,,,0.0
